#JCAT	Piece	Name	LDate	GDate	ODate	Period	Perigee	PF	Apogee	AF	Inc	IF	OType	Longitude	DriftRate	TDate	TF	Flags
# Updated 2026 Oct  9 0050:09
S00553	1963-004A	Syncom 1	1963 Feb 14	1963 Feb 14	2026 Oct  8 0139	    1236.219 	   28691.7 	 	   34863.0 	 	 26.48 	 	MEO	131.20W	-	1963 Feb 14	P	-
S00634	1963-031A	Syncom 2	1963 Jul 26	1963 Jul 26	2026 Oct  7 1439	    1435.974 	   35754.5 	 	   35813.8 	 	 29.74 	 	GEO/T	 65.32E	 +   0.024E	1969 Apr	P	-
S00858	1964-047A	Syncom 3	1964 Aug 19	1964 Aug 20	2026 Oct  8 1310	    1434.953 	   35743.6 	 	   35784.8 	 	  7.24 	 	GEO/ID	124.67E	 +   0.281E	1974 Dec 29	P	-
S01317	1965-028A	Early Bird	1965 Apr  6	1965 Apr  9	2026 Oct  8 1153	    1436.715 	   35761.5 	 	   35835.9 	 	  7.43 	 	GEO/ID	151.16W	 +   0.162W	1971 Apr	P	-
S02608	1966-110A	ATS 1	1966 Dec  7	1966 Dec  6	2026 Oct  8 1214	    1435.882 	   35751.6 	 	   35813.2 	 	  5.25 	 	GEO/I	159.30E	 +   0.047E	1985 Apr	P	-
S02639	1967-001A	INTELSAT II F-2	1967 Jan 11	1967 Jan 14	2026 Oct  8 1206	    1437.847 	   35789.3 	 	   35852.4 	 	  3.54 	 	GEO/ID	100.44W	 +   0.446W	1977 May	P	-
S02717	1967-026A	INTELSAT II F-3	1967 Mar 23	1967 Mar 25	2026 Oct  8 1112	    1434.342 	   35675.3 	 	   35829.2 	 	  4.36 	 	GEO/ID	 72.30E	 +   0.434E	1977 May	P	-
S02969	1967-094A	INTELSAT II F-4	1967 Sep 28	1967 Sep 30	2026 Oct  1 0735	    1435.321 	   35717.2 	 	   35825.6 	 	  4.34 	 	GEO/ID	 47.58W	 +   0.188E	1977 May	P	-
S03029	1967-111A	ATS 3	1967 Nov  5	1967 Nov  6	2026 Oct  8 1204	    1436.095 	   35723.4 	 	   35849.7 	 	  3.46 	 	GEO/I	105.21W	 +   0.007W	2003?	P	-
S03334	1968-063A	OPS 2222	1968 Aug  6	1968 Aug  6	2026 Oct  8 0546	    1450.789 	   32276.8 	 	   39870.6 	 	  5.63 	 	GEO/NS	164.54W	 +   3.663W	1968 Sep?	P	-
S27785	1968-063B	Agena D 2801?	1968 Aug  6	1968 Aug  6	2026 Oct  8 0307	    1414.909 	   31139.2 	 	   39602.5 	 	  4.11 	 	GEO/NS	161.43W	 +   5.398E	1968 Aug  6 1108	R	-
S03428	1968-081A	OV2-5	1968 Sep 26	1968 Sep 26?	2026 Oct  8 1153	    1417.933 	   35100.4 	 	   35760.2 	 	  2.24 	 	GEO/D	139.62E	 +   4.617E	1968 Sep?	P	-
S03430	1968-081C	ERS 21	1968 Sep 26	1968 Sep 26?	1995 Jul 19 0000	    1436.477 	   35765.3 	 	   35822.7 	 	 13.58 	 	GEO/I	138.85E	 +   0.103W	1968 Sep 30?	P	-
S03431	1968-081D	LES 6	1968 Sep 26	1968 Sep 26?	2026 Oct  8 1203	    1434.950 	   35730.2 	 	   35798.1 	 	  1.75 	 	GEO/D	108.48W	 +   0.281E	1976 Jan	P	-
S03432	1968-081E	Transtage 5	1968 Sep 26	1968 Sep 26?	2026 Oct  8 1110	    1418.420 	   35052.1 	 	   35827.7 	 	  2.20 	 	GEO/D	 62.93E	 +   4.492E	1968 Sep 26	R	-
S03623	1968-116A	INTELSAT III F-2	1968 Dec 19	1968 Dec 20	2026 Oct  8 1202	    1596.544 	   38462.5 	 	   39280.3 	 	  3.74 	 	VHEO	156.98E	 +  36.284W	1977 May	P	-
S03674	1969-011A	INTELSAT III F-3	1969 Feb  6	1969 Feb  7	2026 Oct  8 1146	    1695.485 	   39874.5 	 	   41569.6 	 	  9.21 	 	VHEO	144.93E	-	1979 Dec 14	P	-
S03691	1969-013A	OPS 0757	1969 Feb  9	1969 Feb 10	2026 Oct  8 1423	    1433.580 	   35640.5 	 	   35834.1 	 	  3.13 	 	GEO/ID	 58.01E	 +   0.627E	1972 Dec  4	P	-
S03692	1969-013B	Transtage 17	1969 Feb  9	1969 Feb 10	2026 Oct  8 1543	    1476.381 	   35866.2 	 	   37276.8 	 	  1.60 	 	GEO/D	118.70E	 +   9.857W	1969 Feb  9	R	-
S03889	1969-036A	OPS 3148	1969 Apr 13	1969 Apr 13	2022 Feb 27 1357	    1434.054 	   31851.7 	 	   39641.5 	 	 10.39 	 	GEO/NS	 43.33E	 +   0.507E	1975?	P	-
S27786	1969-036B	Agena D 2802?	1969 Apr 13	1969 Apr 13	2026 Aug 30 0358	    1386.580 	   30456.5 	 	   39166.9 	 	 14.51 	 	GEO/NS	 12.28W	 +  12.884E	1969 Apr 13 0230	R	-
S03947	1969-045A	INTELSAT III F-4	1969 May 22	1969 May 23	2026 Oct  8 1036	    1599.202 	   38822.1 	 	   39021.1 	 	  3.45 	 	VHEO	 54.43W	 +  36.824W	1977 May	P	-
S04068	1969-069A	ATS 5	1969 Aug 12	1969 Aug 11	2026 Oct  8 1001	    1447.292 	   35979.6 	 	   36031.2 	 	  0.46 	 	GEO/D	176.36W	 +   2.799W	1984 Mar 20	P	-
S21052	1969-069C	JPL SR-28-3	1969 Aug 12	1969 Sep  5	2026 Oct  8 1139	    1466.637 	   35817.9 	 	   36946.6 	 	  0.29 	 	GEO/D	164.60E	 +   7.524W	1969 Aug 12 1101	C	-
S04250	1969-101A	Skynet IA	1969 Nov 22	1969 Nov 24	2026 Oct  8 1204	    1436.156 	   35675.8 	 	   35899.8 	 	  0.73 	 	GEO/S	105.00W	 +   0.022W	1972 Mar?	P	-
S04297	1970-003A	INTELSAT III F-6	1970 Jan 15	1970 Jan 16	2026 Oct  8 1443	    1452.268 	   36063.0 	 	   36142.1 	 	  1.38 	 	GEO/D	 97.43E	 +   4.027W	1977 May 13	P	-
S04353	1970-021A	NATO IIA	1970 Mar 20	1970 Mar 23	2026 Oct  8 1205	    1436.014 	   35768.1 	 	   35801.8 	 	  0.31 	 	GEO/S	101.23W	 +   0.014E	1977?	P	-
S04376	1970-032A	INTELSAT III F-7	1970 Apr 23	1970 Apr 24	2026 Oct  7 1910	    1436.088 	   35771.3 	 	   35801.5 	 	  2.71 	 	GEO/S	141.91E	 +   0.005W	1972 May?	P	-
S04418	1970-046A	OPS 5346	1970 Jun 19	1970 Jun 19?	2021 May 31 2153	    1436.212 	   35746.2 	 	   35831.5 	 	  2.47 	 	GEO/S	 64.82E	 +   0.036W	1978?	P	-
S04478	1970-055A	INTELSAT III F-8	1970 Jul 23	1970 Jul 25	2026 Oct  8 1116	    1408.080 	   33904.2 	 	   36568.6 	 	  5.73 	 	GEO/ID	 85.41E	 +   7.175E	1970 Jul 25	P	-
S04510	1970-069A	OPS 7329	1970 Sep  1	1970 Sep  1	2026 Oct  8 1100	    1437.225 	   31539.8 	 	   40077.5 	 	 10.71 	 	GEO/NS	142.28W	 +   0.291W	1977?	P	-
S27787	1970-069B	Agena D 2803?	1970 Sep  1	1970 Sep  1	2026 Oct  8 0345	    1415.797 	   30445.9 	 	   40330.7 	 	 11.85 	 	GEO/NS	 58.92E	 +   5.169E	1970 Sep  1 0100	R	-
S04881	1971-006A	INTELSAT IV F2	1971 Jan 26	1971 Jan 27	2026 Oct  8 1150	    1456.921 	   36146.4 	 	   36240.0 	 	  4.06 	 	GEO/ID	157.36W	 +   5.167W	1983 May 11	P	-
S04902	1971-009A	NATO IIB	1971 Feb  3	1971 Feb  5	2026 Oct  8 1204	    1436.103 	   35773.4 	 	   35800.0 	 	  0.89 	 	GEO/S	104.84W	 +   0.009W	1983 May?	P	-
S05205	1971-039B	Transtage 20	1971 May  5	1971 May  5?	2020 Mar 18 0507	    1433.812 	   35600.3 	 	   35883.4 	 	  4.06 	 	GEO/ID	 37.38E	 +   0.568E	1971 May  5 0743	R	-
S05204	1971-039A	DSP F2	1971 May  5	1971 May  5?	2026 Oct  8 1209	    1466.998 	   36293.3 	 	   36485.3 	 	  0.62 	 	GEO/D	 89.69W	 +   7.611W	1983 Jan 10	P	-
A01962	1971-039	DSP 3 Aperture Cover	1971 May  5	1971 May  6?	1971 May  5	    1436.015 	   35780.0 	?	   35790.0 	?	  1.00 	?	GEO/S	-	-	1971 May  5 0743	C	-
S05587	1971-095A	DSCS II F-1	1971 Nov  3	1971 Nov  3?	2026 Oct  8 1205	    1436.268 	   35760.7 	 	   35819.2 	 	  1.31 	 	GEO/S	103.19W	 +   0.050W	2020 Jan  6	P	-
S05588	1971-095B	DSCS II F-2	1971 Nov  3	1971 Nov  3?	2026 Oct  8 0936	    1437.813 	   35806.4 	 	   35834.0 	 	  1.27 	 	GEO/D	 92.92E	 +   0.438W	1980?	P	-
S05589	1971-095C	Transtage 21	1971 Nov  3	1971 Nov  3?	2026 Oct  8 1215	    1481.663 	   35961.8 	 	   37385.9 	 	  2.98 	 	GEO/D	 67.68W	 +  11.109W	1971 Nov  3 0309	R	-
S05709	1971-116A	INTELSAT IV F3	1971 Dec 20	1971 Dec 21	2026 Oct  8 1023	    1445.500 	   35931.6 	 	   36009.3 	 	  6.13 	 	GEO/ID	134.39W	 +   2.355W	1984 Feb 23	P	-
S05775	1972-003A	INTELSAT IV F4	1972 Jan 23	1972 Jan 26	2026 Oct  8 0903	    1442.340 	   35905.7 	 	   35911.7 	 	  6.49 	 	GEO/ID	 22.52W	 +   1.570W	1983 May 10	P	-
S05854	1972-010B	Transtage 22	1972 Mar  1	1972 Mar  1?	2026 Oct  8 0406	    1430.507 	   35410.5 	 	   35943.7 	 	  1.21 	 	GEO/D	 11.66E	 +   1.403E	1972 Mar  1 0939	R	-
S05851	1972-010A	DSP F3	1972 Mar  1	1972 Mar  1?	2026 Oct  8 0901	    1443.146 	   35880.3 	 	   35968.6 	 	  0.70 	 	GEO/D	 29.10W	 +   1.770W	2018 Jan  8	P	-
A02097	1972-010	DSP 4 Aperture Cover	1972 Mar  1	1972 Mar  2?	1972 Mar  1	    1436.015 	   35780.0 	?	   35790.0 	?	  1.00 	?	GEO/S	-	-	1972 Mar  1 0939	C	-
S06052	1972-041A	INTELSAT IV F5	1972 Jun 13	1972 Jun 16	2026 Oct  8 0949	    1438.377 	   35810.0 	 	   35852.4 	 	  5.46 	 	GEO/ID	121.03E	 +   0.579W	1983 Jul	P	-
S06278	1972-090A	Anik A1	1972 Nov 10	1972 Nov 13	2026 Oct  8 1144	    1457.053 	   36136.0 	 	   36255.6 	 	  5.94 	 	GEO/ID	138.20E	 +   5.199W	1982 Jul 15	P	-
S06317	1972-101A	OPS 9390	1972 Dec 20	1972 Dec 21	2026 Oct  8 1303	    1435.461 	   30666.7 	 	   40881.6 	 	  8.89 	 	GEO/NS	126.79E	 +   0.153E	1980?	P	-
S06318	1972-101B	Agena D 2805?	1972 Dec 20	1972 Dec 21	2026 Oct  8 0920	    1407.393 	   29985.2 	 	   40460.6 	 	  8.42 	 	GEO/NS	 61.65E	 +   7.355E	1972 Dec 20 2220	R	-
S06380	1973-013A	OPS 6063	1973 Mar  6	1973 Mar  6?	2026 Oct  8 1113	    1436.146 	   35694.6 	 	   35880.5 	 	  0.19 	 	GEO/S	 76.24E	 +   0.019W	1983?	P	-
S06437	1973-023A	Anik A2	1973 Apr 20	1973 Apr 24	2026 Oct  8 0818	    1442.811 	   35880.9 	 	   35955.0 	 	  6.68 	 	GEO/ID	178.57W	 +   1.687W	1982 Oct 29	P	-
S06691	1973-040A	DSP F4	1973 Jun 12	1973 Jun 12?	2026 Oct  8 1001	    1442.482 	   35878.3 	 	   35944.7 	 	  0.74 	 	GEO/D	177.91W	 +   1.605W	1980 Nov?	P	-
S11940	1973-040B	Transtage 24	1973 Jun 12	1973 Jun 12?	2026 Oct  8 0624	    1446.408 	   35861.4 	 	   36115.0 	 	  0.84 	 	GEO/D	112.93W	 +   2.581W	1973 Jun 12 0714	R	-
A02296	1973-040	DSP 2 Aperture Cover	1973 Jun 12	1973 Jun 13?	1973 Jun 12	    1436.015 	   35780.0 	?	   35790.0 	?	  1.00 	?	GEO/S	-	-	1973 Jun 12 0714	C	-
S06796	1973-058A	INTELSAT IV F7	1973 Aug 23	1973 Aug 25	2026 Oct  8 0814	    1452.352 	   36083.3 	 	   36125.0 	 	  6.98 	 	GEO/ID	165.36E	 +   4.047W	1984 Feb 23	P	-
S06973	1973-100A	DSCS II F-3	1973 Dec 13	1973 Dec 14	2026 Oct  8 1328	    1474.547 	   36404.4 	 	   36667.3 	 	  4.80 	 	GEO/ID	141.18E	 +   9.420W	1982?	P	-
S06974	1973-100B	DSCS II F-4	1973 Dec 13	1973 Dec 14	2026 Oct  8 1117	    1476.653 	   36301.4 	 	   36852.1 	 	  4.39 	 	GEO/ID	 90.32E	 +   9.922W	1993 Dec 17	P	-
S06976	1973-100D	Transtage 26	1973 Dec 13	1973 Dec 14	2026 Oct  8 1209	    1515.851 	   36159.8 	 	   38507.3 	 	  6.20 	 	VHEO	 90.16W	 +  19.000W	1973 Dec 13 2357	R	-
S07229	1974-017A	Kosmos-637	1974 Mar 26	1974 Mar 26	2026 Oct  8 1154	    1428.831 	   35484.3 	 	   35804.2 	 	  0.56 	 	GEO/D	140.64W	 +   1.829E	1974 Mar 27	P	-
S11567	1974-017F	Blok DM  No. 1L	1974 Mar 26	1974 Mar 26	2026 Oct  8 1515	    1425.666 	   35400.3 	 	   35764.1 	 	  0.44 	 	GEO/D	102.56E	 +   2.634E	1974 Mar 26 1335	R	-
S07250	1974-022A	Westar 1	1974 Apr 13	1974 Apr 16	2026 Oct  8 0456	    1441.379 	   35872.4 	 	   35907.5 	 	  6.86 	 	GEO/ID	166.84W	 +   1.330W	1983 Jun 15	P	-
S07298	1974-033A	SMS 1	1974 May 17	1974 May 19	2026 Oct  8 1155	    1460.262 	   36195.0 	 	   36321.6 	 	  3.88 	 	GEO/ID	139.18W	 +   5.981W	1981 Jan 29	P	-
S07318	1974-039A	ATS 6	1974 May 30	1974 May 30	2026 Oct  8 0550	    1412.075 	   35172.7 	 	   35457.4 	 	  1.69 	 	GEO/D	 21.47E	 +   6.134E	1979 Aug  2	P	-
S07324	1974-039C	Transtage 27	1974 May 30	1974 May 30	2026 Oct  8 1218	    1429.697 	   35525.4 	 	   35797.0 	 	  2.46 	 	GEO/D	 56.67W	 +   1.609E	1974 May 30 1300	R	-
S53647	1974-039D	deb Transtage 27	1974 May 30	2022 Aug?	2024 Sep 29 1510	    1431.282 	   34698.7 	 	   36685.9 	 	  4.35 	 	GEO/ID	 35.84E	 +   1.207E	1974 May 30 1300	D	-
S07392	1974-060A	Molniya-1S	1974 Jul 29	1974 Jul 29	2026 Oct  8 1511	    1436.725 	   35760.8 	 	   35837.0 	 	  1.11 	 	GEO/D	100.79E	 +   0.165W	1975?	P	-
S20836	1974-060F	Blok DM No. 2L	1974 Jul 29	1974 Jul 29	2026 Oct  8 1523	    1437.051 	   35743.1 	 	   35867.4 	 	  1.09 	 	GEO/D	106.23E	 +   0.247W	1974 Jul 29 1200	R	-
S07466	1974-075A	Westar 2	1974 Oct 10	1974 Oct 13	2026 Oct  8 0551	    1442.076 	   35883.7 	 	   35923.3 	 	  7.01 	 	GEO/ID	 23.82E	 +   1.504W	1986 May  7	P	-
S07544	1974-093A	INTELSAT IV F8	1974 Nov 21	1974 Nov 23	2026 Oct  8 0555	    1443.104 	   35908.0 	 	   35939.3 	 	  7.74 	 	GEO/ID	 38.74E	 +   1.760W	1985 Aug 20?	P	-
S07547	1974-094A	Skynet IIB	1974 Nov 23	1974 Nov 25	2026 Oct  8 1313	    1435.395 	   35760.0 	 	   35785.7 	 	  3.29 	 	GEO/ID	130.70E	 +   0.169E	1994?	P	-
S07578	1974-101A	Symphonie 1	1974 Dec 19	1974 Dec 21	2026 Oct  8 1200	    1440.491 	   35856.4 	 	   35888.7 	 	  4.29 	 	GEO/ID	153.37E	 +   1.108W	1983 Aug  4	P	-
A02517	1974-101	Symphonie despin weight	1974 Dec 19	1974 Dec 24	1974 Dec 24	    1477.956 	   35068.0 	 	   38136.0 	 	  0.65 	 	GEO/D	-	-	1974 Dec 19 0239	C	-
A02518	1974-101	Symphonie despin weight	1974 Dec 19	1974 Dec 24	1974 Dec 24	    1477.956 	   35068.0 	 	   38136.0 	 	  0.65 	 	GEO/D	-	-	1974 Dec 19 0239	C	-
S07648	1975-011A	SMS 2	1975 Feb  6	1975 Feb  7	2026 Oct  8 1212	    1447.115 	   35938.7 	 	   36065.3 	 	  5.19 	 	GEO/ID	 78.44W	 +   2.756W	1982 Oct	P	-
S20835	1975-011F	SVM-5	1975 Feb  6	1975 Feb  7	2026 Oct  8 1212	    1460.641 	   35849.7 	 	   36681.6 	 	  3.48 	 	GEO/ID	 78.91W	 +   6.073W	1975 Feb  6 2204	C	-
A02528	1975-011	SMS 2 VISSR Cover	1975 Feb  6	1975 Feb 11?	1975 Feb 11	    1436.015 	   35770.0 	?	   35800.0 	?	  1.10 	?	GEO/S	-	-	1975 Feb  6 2204	C	-
S07790	1975-038A	Anik A3	1975 May  7	1975 May 10	2026 Oct  8 1206	    1439.490 	   35846.0 	 	   35859.9 	 	  7.46 	 	GEO/ID	 98.95W	 +   0.858W	1984 Nov 23	P	-
S07815	1975-042A	INTELSAT IV F1	1975 May 22	1975 May 24	2026 Oct  7 2103	    1450.677 	   36013.3 	 	   36129.7 	 	  8.02 	 	GEO/ID	 27.12W	 +   3.635W	1987 Oct 27	P	-
S07963	1975-055A	OPS 4966	1975 Jun 18	1975 Jun 18	2020 Aug  4 1819	    1434.650 	   29961.4 	 	   41555.1 	 	 15.58 	 	GEO/NS	 59.85E	 +   0.357E	1982?	P	-
S07964	1975-055B	Agena D 2806?	1975 Jun 18	1975 Jun 18	2026 Oct  7 1749	    1410.506 	   30311.6 	 	   40256.8 	 	  9.37 	 	GEO/NS	 53.92W	 +   6.542E	1975 Jun 18 0900	R	-
S08132	1975-077A	Symphonie 2	1975 Aug 27	1975 Aug 29	2026 Oct  8 0905	    1440.251 	   35848.5 	 	   35887.3 	 	  3.75 	 	GEO/ID	 16.19W	 +   1.048W	1985	P	-
A02601	1975-077	Symphonie despin weight	1975 Aug 27	1975 Aug 29	1975 Aug 29	    1436.118 	   35768.0 	 	   35806.0 	 	  0.20 	 	GEO/S	-	-	1975 Aug 27 0142	C	-
A02602	1975-077	Symphonie despin weight	1975 Aug 27	1975 Aug 29	1975 Aug 29	    1436.118 	   35768.0 	 	   35806.0 	 	  0.20 	 	GEO/S	-	-	1975 Aug 27 0142	C	-
S08330	1975-091A	INTELSAT IVA F1	1975 Sep 26	1975 Sep 27	2026 Oct  8 0456	    1440.928 	   35854.3 	 	   35907.9 	 	  7.64 	 	GEO/ID	168.67W	 +   1.218W	1986 Jul 24	P	-
S08357	1975-097A	Kosmos-775	1975 Oct  8	1975 Oct  8	2026 Oct  8 0412	    1435.687 	   35737.6 	 	   35819.6 	 	  2.08 	 	GEO/S	 38.03E	 +   0.096E	1978 Sep  5	P	-
S11676	1975-097F	Blok DM No. 4L	1975 Oct  8	1975 Oct  8	2026 Oct  8 1251	    1438.413 	   35741.0 	 	   35922.9 	 	  2.07 	 	GEO/D	118.08E	 +   0.588W	1975 Oct  8 0030	R	-
S08366	1975-100A	GOES 1	1975 Oct 16	1975 Oct 17	2026 Oct  8 1159	    1435.724 	   35755.2 	 	   35803.4 	 	  4.33 	 	GEO/I	124.52W	 +   0.087E	1985 Feb	P	-
S20962	1975-100F	SVM-5	1975 Oct 16	1975 Oct 17	2026 Oct  8 0832	    1412.681 	   34215.6 	 	   36438.4 	 	  2.04 	 	GEO/D	101.92E	 +   5.976E	1975 Oct 16 2240	C	-
A02621	1975-100	GOES 1 VISSR Cover	1975 Oct 16	1975 Oct 20?	1975 Oct 20	    1436.015 	   35770.0 	?	   35800.0 	?	  1.10 	?	GEO/S	-	-	1975 Oct 16 2240	C	-
S08482	1975-118A	DSP F5	1975 Dec 14	1975 Dec 14	2026 Oct  8 1409	    1433.473 	   35592.0 	 	   35878.4 	 	  2.01 	 	GEO/D	166.48E	 +   0.653E	1975 Dec	P	-
S08516	1975-118C	Transtage 29	1975 Dec 14	1975 Dec 14	2026 Oct  7 2219	    1432.071 	   35659.9 	 	   35755.6 	 	  1.99 	 	GEO/D	 97.36W	 +   1.008E	1975 Dec 14 0515	R	-
S08517	1975-118D	DSP 8 Aperture Cover	1975 Dec 14	1975 Dec 15?	1975 Dec 15	    1436.015 	   35780.0 	?	   35790.0 	?	  1.00 	?	GEO/S	-	-	1975 Dec 14 0515	C	-
S08476	1975-117A	Satcom 1	1975 Dec 13	1975 Dec 15	2026 Oct  8 0329	    1445.806 	   35904.9 	 	   36047.9 	 	  7.76 	 	GEO/ID	113.85W	 +   2.431W	1984 Jun  8	P	-
S08513	1975-123A	Raduga	1975 Dec 22	1975 Dec 22	2026 Oct  8 1110	    1436.149 	   35763.6 	 	   35811.6 	 	  2.52 	 	GEO/S	 64.33E	 +   0.020W	1978 Jul?	P	-
S11568	1975-123F	Blok DM  No. 3L	1975 Dec 22	1975 Dec 22	2026 Oct  8 0902	    1433.057 	   35669.8 	 	   35784.3 	 	  2.26 	 	GEO/D	 23.94W	 +   0.759E	1975 Dec 22 1300	R	-
S08585	1976-004A	Hermes	1976 Jan 17	1976 Jan 20	2026 Oct  8 1154	    1436.443 	   35719.4 	 	   35867.3 	 	  3.64 	 	GEO/I	141.23W	 +   0.094W	1979 Dec  8	P	-
S39688	1976-004E	CTS JBSA	1976 Jan 17	1976 Feb  1	2026 Oct  8 1209	    1435.602 	   35603.4 	 	   35950.5 	 	  2.94 	 	GEO/S	 89.68W	 +   0.117E	1976 Jan 17 2327	C	-
S39689	1976-004F	CTS JBSA	1976 Jan 17	1976 Feb  1	2026 Oct  7 2301	    1436.722 	   35295.0 	 	   36302.6 	 	  2.98 	 	GEO/D	 97.54W	 +   0.164W	1976 Jan 17 2327	C	-
S08620	1976-010A	INTELSAT IVA F2	1976 Jan 29	1976 Jan 31	2026 Oct  8 1217	    1444.511 	   35918.5 	 	   35983.8 	 	  7.66 	 	GEO/ID	 62.06W	 +   2.110W	1985 Dec 19	P	-
S08697	1976-017A	Marisat 101	1976 Feb 19	1976 Feb 21	2026 Oct  8 0938	    1451.512 	   36039.8 	 	   36135.8 	 	  5.57 	 	GEO/ID	 58.00W	 +   3.841W	1997 Apr  2	P	-
S08751	1976-023F	Transtage 30	1976 Mar 15	1976 Mar 15	2026 Oct  7 2101	    1464.548 	   35819.0 	 	   36864.3 	 	 22.09 	 	GEO/ID	 73.73E	 +   7.020W	1976 Mar 15 0125	R	-
S08746	1976-023A	LES 8	1976 Mar 15	1976 Mar 15	2026 Oct  6 0845	    1436.139 	   35650.8 	 	   35924.1 	 	 22.59 	 	GEO/I	107.38W	 +   0.018W	2004 Jun  2	P	-
S08747	1976-023B	LES 9	1976 Mar 15	1976 Mar 15	2026 Oct  6 0846	    1436.129 	   35685.5 	 	   35889.0 	 	 22.55 	 	GEO/I	104.33W	 +   0.015W	2020 May 20	P	-
S08748	1976-023C	SR 11A	1976 Mar 15	1976 Mar 15	2026 Oct  9 0320	    7318.743 	  117666.2 	 	  119313.6 	 	 14.73 	 	VHEO	162.32E	-	1977 Jun 12	P	D
S08749	1976-023D	SR 11B	1976 Mar 15	1976 Mar 15	2016 Sep  5 0807	    7702.968 	  118376.1 	 	  127269.5 	 	 38.39 	 	VHEO	105.34W	-	1979 Oct 31	P	D
S08832	1976-023J	P74-1 Upper Truss Assembly	1976 Mar 15	1976 Mar 15	2026 Oct  7 2128	    1465.524 	   35767.6 	 	   36953.7 	 	 22.08 	 	GEO/ID	 59.60E	 +   7.256W	1976 Mar 15 0125	C	-
S13753	1976-023K	P74-1 truss part	1976 Mar 15	1976 Mar 15	2026 Oct  8 1117	    1420.872 	   35474.3 	 	   35501.8 	 	  4.54 	 	GEO/ID	 88.97E	 +   3.861E	1976 Mar 15 0125	C	-
S08774	1976-029A	Satcom 2	1976 Mar 26	1976 Mar 29	2026 Oct  3 0035	    1460.123 	   36008.0 	 	   36503.2 	 	  8.71 	 	GEO/ID	 72.53W	 +   5.947W	1985 Jan 17	P	-
S08808	1976-035A	NATO 3A	1976 Apr 22	1976 Apr 24	2026 Oct  8 1209	    1442.343 	   35793.0 	 	   36024.6 	 	  4.73 	 	GEO/ID	 89.42W	 +   1.570W	1992 Dec 17	P	-
S08838	1976-042A	Comstar 201	1976 May 13	1976 May 15	2026 Oct  8 0904	    1442.444 	   35889.6 	 	   35931.8 	 	  7.74 	 	GEO/ID	 18.25W	 +   1.595W	1984 Oct 26	P	-
S08882	1976-053A	Marisat 103	1976 Jun 10	1976 Jun 12	2026 Oct  8 1213	    1501.571 	   36476.7 	 	   37640.5 	 	  7.47 	 	VHEO	 74.79W	 +  15.747W	1996 Sep 25	P	-
S08916	1976-059A	DSP F6	1976 Jun 26	1976 Jun 26	2026 Oct  8 0407	    1447.594 	   35991.5 	 	   36031.1 	 	  3.06 	 	GEO/ID	 18.82E	 +   2.874W	1985 Mar  6	P	-
S08918	1976-059C	Transtage 28	1976 Jun 26	1976 Jun 26	2026 Oct  8 0034	    1432.034 	   35666.7 	 	   35747.4 	 	  2.45 	 	GEO/D	127.36W	 +   1.017E	1976 Jun 26 0300	R	-
S08919	1976-059D	DSP 7 Aperture Cover	1976 Jun 26	1976 Jun 27?	1976 Jul  1	    1431.675 	   35600.0 	?	   35800.0 	?	  1.00 	?	GEO/D	-	-	1976 Jun 26 0300	C	-
S09009	1976-066A	Palapa A1	1976 Jul  8	1976 Jul 11	2026 Oct  8 0902	    1438.456 	   35810.6 	 	   35854.9 	 	  7.66 	 	GEO/ID	 24.44W	 +   0.599W	1986?	P	-
S09047	1976-073A	Comstar 202	1976 Jul 22	1976 Jul 24	2026 Oct  8 0502	    1440.311 	   35861.2 	 	   35876.9 	 	  7.69 	 	GEO/ID	148.58W	 +   1.063W	1993 Dec 19	P	-
S09416	1976-092A	Raduga	1976 Sep 11	1976 Sep 12	2026 Oct  8 1113	    1435.712 	   35659.3 	 	   35898.9 	 	  3.19 	 	GEO/I	 75.47E	 +   0.090E	1980 May?	P	-
S17872	1976-092F	Blok DM No. 5L	1976 Sep 11	1976 Sep 12	2026 Oct  8 1107	    1436.273 	   35725.0 	 	   35855.1 	 	  3.18 	 	GEO/I	 53.41E	 +   0.051W	1976 Sep 11 1824	R	-
S09478	1976-101A	Marisat 102	1976 Oct 14	1976 Oct 17	2026 Oct  8 0241	    1475.561 	   36106.9 	 	   37004.3 	 	  5.62 	 	GEO/ID	 77.74E	 +   9.662W	2008 Oct 29	P	-
S09503	1976-107A	Ekran	1976 Oct 26	1976 Oct 26	2026 Oct  8 1108	    1436.550 	   35507.6 	 	   36083.3 	 	  3.28 	 	GEO/ID	 57.79E	 +   0.121W	1978 Aug	P	-
S11569	1976-107F	Blok DM  No. 6L	1976 Oct 26	1976 Oct 26	2026 Oct  8 0902	    1419.333 	   35416.1 	 	   35499.5 	 	  2.48 	 	GEO/D	 24.41W	 +   4.256E	1976 Oct 26 1450	R	-
S09785	1977-005A	NATO 3B	1977 Jan 28	1977 Jan 30	2026 Oct  8 0103	    1511.508 	   37076.5 	 	   37423.6 	 	  7.99 	 	VHEO	 96.84E	 +  18.017W	1993 Sep  1	P	-
S09803	1977-007A	DSP F7	1977 Feb  6	1977 Feb  6	2026 Oct  8 0547	    1476.473 	   36238.1 	 	   36908.4 	 	  4.44 	 	GEO/ID	 12.11E	 +   9.879W	1985 Jan 24	P	-
S09855	1977-007C	Transtage 23	1977 Feb  6	1977 Feb  6	2026 Oct  7 2243	    1435.163 	   35700.0 	 	   35836.7 	 	  3.11 	 	GEO/ID	 92.04W	 +   0.228E	1977 Feb  6 0600	R	-
S09856	1977-007D	DSP 9 Aperture Cover	1977 Feb  6	1977 Feb  7?	2018 Jun 27 0702	    1431.432 	   34716.1 	 	   36674.4 	 	 10.01 	 	GEO/ID	 74.80W	 +   1.169E	1977 Feb  6 0600	C	-
S09852	1977-014A	Kiku 2	1977 Feb 23	1977 Feb 26	2026 Oct  8 0540	    1439.683 	   35851.0 	 	   35862.6 	 	  5.00 	 	GEO/ID	 13.71W	 +   0.906W	1990 Dec 10	P	-
S09862	1977-018A	Palapa A2	1977 Mar 10	1977 Mar 14	2026 Oct  3 1227	    1439.534 	   35844.0 	 	   35863.7 	 	  8.46 	 	GEO/ID	 80.32W	 +   0.869W	1986?	P	-
S10000	1977-034A	DSCS II F-7	1977 May 12	1977 May 12	2026 Oct  8 0724	    1489.536 	   36733.9 	 	   36918.5 	 	  7.79 	 	GEO/ID	163.26E	 +  12.958W	1981 Dec 20	P	-
S10001	1977-034B	DSCS II F-8	1977 May 12	1977 May 12	2026 Oct  8 1144	    1509.001 	   37059.3 	 	   37344.3 	 	  8.50 	 	VHEO	139.41E	 +  17.447W	1990 Feb	P	-
S10002	1977-034C	Transtage 32	1977 May 12	1977 May 12	2026 Oct  8 0417	    1506.991 	   35900.5 	 	   38425.7 	 	  8.42 	 	VHEO	 55.34E	 +  16.989W	1977 May 12 1426	R	-
S10016	1977-038A	OPS 9751	1977 May 23	1977 May 24	2026 Oct  6 0248	    1436.674 	   30303.3 	 	   41292.5 	 	  7.25 	 	GEO/NS	 79.50E	 +   0.152W	1984 Nov?	P	-
S15422	1977-038C	CANYON apogee motor?	1977 May 23	1977 May 24	2026 Sep 25 0415	    1407.100 	   29208.9 	 	   41225.3 	 	  6.18 	 	GEO/NS	 97.53W	 +   7.432E	1977 May 23 1813	C	-
S10024	1977-041A	INTELSAT IVA F4	1977 May 26	1977 May 28	2026 Oct  8 1251	    1448.061 	   35958.9 	 	   36082.0 	 	  8.69 	 	GEO/ID	117.80E	 +   2.990W	1989 Aug 10	P	-
S10061	1977-048A	GOES 2	1977 Jun 16	1977 Jun 17	2026 Oct  8 1157	    1448.662 	   35983.7 	 	   36080.6 	 	  6.16 	 	GEO/ID	149.07E	 +   3.138W	2001 May  5	P	-
S20799	1977-048G	SVM-5	1977 Jun 16	1977 Jun 17	2026 Oct  8 1255	    1431.834 	   34828.2 	 	   36578.0 	 	  3.82 	 	GEO/ID	120.47E	 +   1.068E	1977 Jun 16 1051	C	-
A02828	1977-048	GOES 2 VISSR Cover	1977 Jun 16	1977 Jun 20?	1977 Jun 20	    1435.939 	   35265.0 	 	   36302.0 	 	  0.88 	 	GEO/I	-	-	1977 Jun 16 1051	C	-
S10143	1977-065A	Himawari	1977 Jul 14	1977 Jul 15	2026 Oct  8 1434	    1450.924 	   36000.9 	 	   36151.7 	 	  6.25 	 	GEO/ID	 55.44E	 +   3.696W	1989 Sep 17	P	-
S59985	1977-065GQ	Star 27 S/N 0016	1977 Jul 14	1977 Jul 15	2026 Oct  7 1815	    1424.074 	   34397.4 	 	   36704.5 	 	  3.92 	 	GEO/ID	 18.95W	 +   3.041E	1977 Jul 14 1039	C	-
A02835	1977-065	GMS 1 VISSR Cover	1977 Jul 14	1977 Jul 18?	1977 Jul 18	    1436.450 	   35775.0 	 	   35812.0 	 	  1.20 	 	GEO/S	-	-	1977 Jul 14 1039	C	-
S10159	1977-071A	Raduga	1977 Jul 23	1977 Jul 24	2026 Oct  8 1508	    1435.134 	   35725.1 	 	   35810.4 	 	  3.83 	 	GEO/ID	 97.51E	 +   0.235E	1980 Jul	P	-
S11570	1977-071F	Blok DM  No. 7L	1977 Jul 23	1977 Jul 24	2026 Oct  8 1036	    1473.330 	   36474.1 	 	   36550.5 	 	  5.37 	 	GEO/ID	 55.51W	 +   9.130W	1977 Jul 23 2115	R	-
S10294	1977-080A	Sirio 1	1977 Aug 25	1977 Aug 27	2026 Oct  8 0240	    1436.113 	   35763.2 	 	   35810.6 	 	  6.98 	 	GEO/I	 74.49E	 +   0.011W	1989 Sep 28	P	-
S10365	1977-092A	Ekran	1977 Sep 20	1977 Sep 21	2026 Oct  8 1113	    1436.897 	   35637.7 	 	   35966.8 	 	  3.95 	 	GEO/ID	 73.26E	 +   0.208W	1978 Jun 23	P	-
S11571	1977-092G	Blok DM  No. 9L	1977 Sep 20	1977 Sep 21	2026 Oct  8 1002	    1421.772 	   35467.2 	 	   35544.2 	 	  3.25 	 	GEO/ID	176.30W	 +   3.630E	1977 Sep 20 1728	R	-
S10489	1977-108A	Meteosat 1	1977 Nov 23	1977 Nov 23	2026 Oct  8 1110	    1434.509 	   35724.8 	 	   35786.2 	 	  4.80 	 	GEO/ID	 63.54E	 +   0.392E	1985 Oct	P	-
S13907	1977-108D	SVM-6A	1977 Nov 23	1977 Nov 23	2026 Oct  8 0550	    1472.389 	   36113.7 	 	   36874.3 	 	  6.02 	 	GEO/ID	 21.71E	 +   8.905W	1977 Nov 23 0135	C	-
A02900	1977-108	Meteosat 1 MVIRI cover	1977 Nov 23	1977 Dec  9?	1977 Dec  9	    1436.245 	   35776.0 	 	   35803.0 	 	  0.20 	 	GEO/S	-	-	1977 Nov 23 0135	C	-
A02901	1977-108	Meteosat 1 cooler cover	1977 Nov 23	1977 Dec  9?	1977 Dec  9	    1436.245 	   35776.0 	 	   35803.0 	 	  0.20 	 	GEO/S	-	-	1977 Nov 23 0135	C	-
S10508	1977-114A	OPS 4258	1977 Dec 11	1977 Dec 12?	2025 Feb 18 1037	    1436.413 	   35701.1 	 	   35884.5 	 	 11.30 	 	GEO/I	 25.71W	 +   0.087W	1988?	P	-
S10516	1977-118A	Sakura	1977 Dec 15	1977 Dec 16	2026 Oct  8 0503	    1455.806 	   36165.1 	 	   36177.9 	 	  7.12 	 	GEO/ID	142.43W	 +   4.894W	1985 Nov 19	P	-
S10557	1978-002A	INTELSAT IVA F3	1978 Jan  7	1978 Jan  7	2026 Oct  8 1520	    1441.386 	   35866.9 	 	   35913.2 	 	  8.79 	 	GEO/ID	104.65E	 +   1.332W	1988 Nov 15	P	-
S10637	1978-012A	IUE	1978 Jan 26	1978 Jan 27?	2026 Oct  4 1149	    1439.215 	   29775.2 	 	   41920.0 	 	 36.52 	 	GEO/NS	 95.35E	 +   0.789W	1996 Sep 30	P	-
S33000	1978-012D	IUE dust cover?	1978 Jan 26	1978 Jan 30	2024 Jan 16 1412	    1434.535 	   22745.8 	 	   48766.3 	 	 39.14 	 	GEO/NS	141.82E	 +   0.386E	1978 Jan 26 1736	C	-
S10669	1978-016A	FLTSATCOM F1	1978 Feb  9	1978 Feb 11	2026 Oct  8 0858	    1454.465 	   36102.3 	 	   36188.4 	 	  6.84 	 	GEO/ID	 40.12W	 +   4.566W	*	P	R
S10778	1978-035A	INTELSAT IVA F6	1978 Mar 31	1978 Apr  1	2026 Oct  8 1303	    1437.015 	   35766.6 	 	   35842.5 	 	  8.56 	 	GEO/ID	124.93E	 +   0.238W	1986 Dec 29	P	-
S10787	1978-038A	OPS 8790	1978 Apr  7	1978 Apr  8?	2026 Oct  8 1002	    1433.278 	   35645.9 	 	   35816.9 	 	  3.45 	 	GEO/ID	174.98W	 +   0.703E	1988?	P	-
S10792	1978-039A	Yuri	1978 Apr  7	1978 Apr  9	2026 Oct  8 0230	    1435.927 	   35690.2 	 	   35876.4 	 	  5.20 	 	GEO/I	 41.07E	 +   0.035E	1982 Jan 28	P	-
S10855	1978-044A	OTS 2	1978 May 11	1978 May 13	2026 Oct  8 0551	    1452.497 	   36065.1 	 	   36148.9 	 	  7.77 	 	GEO/ID	 24.65E	 +   4.083W	1991 Jan	P	-
S10941	1978-058A	OPS 9454	1978 Jun 10	1978 Jun 11	2025 Jun 14 0550	    1438.470 	   29422.6 	 	   42243.5 	 	 10.21 	 	GEO/NS	 12.68E	 +   0.603W	1988?	P	-
S10942	1978-058B	Transtage 33	1978 Jun 10	1978 Jun 11	2026 Oct  8 0058	    1445.277 	   29952.9 	 	   41979.4 	 	 10.36 	 	GEO/NS	 12.14W	 +   2.300W	1978 Jun 10 1908	R	-
S10953	1978-062A	GOES 3	1978 Jun 16	1978 Jun 17	2026 Oct  8 1201	    1449.188 	   36029.9 	 	   36055.0 	 	  6.65 	 	GEO/ID	163.41E	 +   3.268W	2016 Jun 30	P	-
S20801	1978-062D	SVM-5	1978 Jun 16	1978 Jun 17	2026 Oct  8 1207	    1447.635 	   35577.6 	 	   36446.7 	 	  6.17 	 	GEO/ID	 96.57W	 +   2.884W	1978 Jun 16 1049	C	-
S11581	1977-092H	Ekran battery part	1977 Sep 20	1978 Jun 23	2026 Oct  8 1511	    1434.743 	   35678.1 	 	   35842.1 	 	  3.85 	 	GEO/ID	 98.81E	 +   0.333E	1977 Sep 20 1728	D	-
S12996	1977-092J	Ekran 2 debris	1977 Sep 20	1978 Jun 23	2026 Oct  8 1203	    1439.297 	   35747.3 	 	   35951.1 	 	  4.02 	 	GEO/ID	162.65W	 +   0.810W	1977 Sep 20 1728	D	-
S29014	1977-092K	Ekran 2 debris	1977 Sep 20	1978 Jun 23	2026 Oct  8 1124	    1438.103 	   35738.3 	 	   35913.4 	 	  3.85 	 	GEO/ID	122.08E	 +   0.511W	1977 Sep 20 1728	D	-
S33519	1977-092L	Ekran 2 debris	1977 Sep 20	1978 Jun 23	2018 Feb 26 1245	    1435.291 	   35332.9 	 	   36208.8 	 	 11.17 	 	GEO/ID	 34.68W	 +   0.195E	1977 Sep 20 1728	D	-
S59986	1977-092M	Ekran 2 debris	1977 Sep 20	1978 Jun 23	2026 Oct  8 1248	    1426.625 	   35445.0 	 	   35756.9 	 	  3.49 	 	GEO/ID	116.19E	 +   2.389E	1977 Sep 20 1728	D	-
S59987	1977-092N	Ekran 2 debris	1977 Sep 20	1978 Jun 23	2026 Oct  8 0046	    1437.195 	   35751.2 	 	   35865.0 	 	  3.84 	 	GEO/ID	 33.63E	 +   0.283W	1977 Sep 20 1728	D	-
S59988	1977-092P	Ekran 2 debris	1977 Sep 20	1978 Jun 23	2026 May 14 1323	    1427.313 	   35427.8 	 	   35801.2 	 	  4.02 	 	GEO/ID	161.21W	 +   2.214E	1977 Sep 20 1728	D	-
A02970	1978-062	GOES 3 VISSR Cover	1978 Jun 16	1978 Jun 29?	1978 Jun 29	    1444.274 	   35448.0 	 	   36445.0 	 	  1.65 	 	GEO/D	-	-	1978 Jun 16 1049	C	-
S10975	1978-068A	Comstar 203	1978 Jun 29	1978 Jul  1	2026 Oct  8 0420	    1451.690 	   35989.1 	 	   36193.4 	 	  9.31 	 	GEO/ID	 65.13E	 +   3.885W	1986 May 21	P	-
S10981	1978-071A	Geos 2	1978 Jul 14	1978 Jul 16	2026 Oct  8 0819	    1448.958 	   36014.6 	 	   36061.4 	 	  5.30 	 	GEO/ID	176.49W	 +   3.211W	1985 Oct	P	-
S10987	1978-073A	Raduga	1978 Jul 18	1978 Jul 19	2026 Oct  8 1109	    1437.121 	   35760.6 	 	   35852.7 	 	  4.50 	 	GEO/ID	 60.10E	 +   0.265W	1982 Apr	P	-
S11941	1978-073F	Blok DM No. 10L	1978 Jul 18	1978 Jul 19	2026 Oct  8 0417	    1475.866 	   36502.0 	 	   36620.9 	 	  6.16 	 	GEO/ID	 55.05E	 +   9.734W	1978 Jul 18 2159	R	-
S11115	1978-106A	NATO 3C	1978 Nov 19	1978 Nov 20	2026 Oct  8 1312	    1462.170 	   36271.0 	 	   36319.9 	 	  8.94 	 	GEO/ID	134.86E	 +   6.444W	1992 Jun 15	P	-
S11144	1978-113A	DSCS II F-11	1978 Dec 14	1978 Dec 14	2026 Oct  8 0902	    1531.380 	   37520.2 	 	   37743.1 	 	 10.56 	 	VHEO	 24.68W	 +  22.468W	1993 Dec 13	P	-
S11145	1978-113B	DSCS II F-12	1978 Dec 14	1978 Dec 14	2026 Oct  8 1144	    1462.779 	   36288.0 	 	   36326.5 	 	  8.01 	 	GEO/ID	138.13E	 +   6.592W	1993 Dec 13	P	-
S11147	1978-113D	Transtage 36	1978 Dec 14	1978 Dec 14	2026 Oct  8 0026	    1535.906 	   36598.3 	 	   38838.3 	 	 10.51 	 	VHEO	 88.83E	 +  23.465W	1978 Dec 14 0040	R	-
S11153	1978-116A	Anik B	1978 Dec 16	1978 Dec 19	2026 Oct  8 0239	    1442.806 	   35832.1 	 	   36003.6 	 	  9.31 	 	GEO/ID	 72.66E	 +   1.686W	1987 Mar  8	P	-
S11158	1978-118A	Gorizont	1978 Dec 19	1978 Dec 19	2026 Oct  7 0445	    1436.634 	   22997.8 	 	   48596.4 	 	 12.49 	 	GEO/NS	 64.21E	 +   0.142W	1980 Jan 10	P	-
S11926	1978-118C	Blok DM No. 17L	1978 Dec 19	1978 Dec 19	2026 Sep 15 2043	    1417.284 	   22939.6 	 	   47895.5 	 	 12.71 	 	GEO/NS	 27.53E	 +   4.784E	1978 Dec 19 1215	R	-
S11256	1979-007A	SCATHA	1979 Jan 30	1979 Feb  2	2026 Oct  8 1030	    1418.282 	   27925.5 	 	   42948.8 	 	  9.38 	 	GEO/NS	 79.67W	 +   4.527E	1991 May 28	P	-
S29000	1979-007C	SCATHA AIM	1979 Jan 30	1979 Feb  3?	2026 Oct  8 0059	    1417.408 	   28001.9 	 	   42838.0 	 	  9.34 	 	GEO/NS	 80.28E	 +   4.753E	1979 Jan 30 2142	C	-
S11261	1979-009A	Ayame	1979 Feb  6	1979 Feb  9?	2026 Sep 18 0915	     854.172 	   12475.8 	 	   34410.1 	 	  9.46 	 	MEO	165.45E	-	1979 Feb  9	P	-
S11273	1979-015A	Ekran	1979 Feb 21	1979 Feb 21	2026 Oct  8 1511	    1435.891 	   35606.1 	 	   35959.0 	 	  4.84 	 	GEO/I	 99.20E	 +   0.045E	1981 May?	P	-
S13900	1979-015D	Blok DM No. 13L	1979 Feb 21	1979 Feb 21	2026 Oct  8 1435	    1420.871 	   35440.2 	 	   35535.9 	 	  4.09 	 	GEO/ID	 67.90E	 +   3.861E	1979 Feb 21 0749	R	-
S11343	1979-035A	Raduga	1979 Apr 25	1979 Apr 25	2026 Oct  8 1116	    1436.194 	   35771.5 	 	   35805.5 	 	  5.02 	 	GEO/I	 85.23E	 +   0.032W	1982 May 27	P	-
S17873	1979-035E	Blok DM No. 15L	1979 Apr 25	1979 Apr 25	2026 Sep 27 0935	    1437.310 	   35695.6 	 	   35925.1 	 	  4.97 	 	GEO/ID	 26.94W	 +   0.312W	1979 Apr 25 0344	R	-
S11353	1979-038A	FLTSATCOM F2	1979 May  4	1979 May  6	2026 Oct  8 1520	    1461.288 	   36220.8 	 	   36335.7 	 	  7.48 	 	GEO/ID	105.09E	 +   6.230W	1992 Feb 13	P	-
S11397	1979-053A	DSP F8	1979 Jun 10	1979 Jun 10	2026 Oct  8 1203	    1458.301 	   36170.9 	 	   36269.3 	 	  6.96 	 	GEO/ID	108.77W	 +   5.503W	1985?	P	-
S11436	1979-053C	Transtage 31	1979 Jun 10	1979 Jun 10	2026 Oct  8 0306	    1448.059 	   35752.8 	 	   36288.0 	 	  6.61 	 	GEO/ID	129.95W	 +   2.989W	1979 Jun 10 1339	R	-
S20364	1979-053D	DSP 11 Aperture Cover	1979 Jun 10	1979 Jun 11?	1989 Dec 31	    1449.191 	   34730.0 	 	   37355.0 	 	  7.00 	 	GEO/ID	-	-	1979 Jun 10 1339	C	-
S11440	1979-062A	Gorizont	1979 Jul  5	1979 Jul  6	2026 Oct  8 0418	    1436.056 	   35757.4 	 	   35814.2 	 	  5.46 	 	GEO/I	 59.56E	 +   0.003E	1983 Dec  6	P	-
S14005	1979-062D	Blok DM No. 21L	1979 Jul  5	1979 Jul  6	2026 Oct  8 0545	    1474.313 	   36509.5 	 	   36553.2 	 	  6.99 	 	GEO/ID	  4.89E	 +   9.364W	1979 Jul  5 2319	R	-
S11484	1979-072A	Westar 3	1979 Aug 10	1979 Aug 11	2026 Oct  8 0420	    1440.930 	   35865.7 	 	   35896.6 	 	 10.08 	 	GEO/ID	 65.95E	 +   1.218W	1990 Jan 24	P	-
S11558	1979-086A	OPS 1948	1979 Oct  1	1979 Oct  1	2026 Sep 24 0117	    1436.953 	   30277.8 	 	   41328.9 	 	  6.10 	 	GEO/NS	  6.88W	 +   0.222W	1989?	P	-
S11560	1979-086C	Transtage 34	1979 Oct  1	1979 Oct  1	2026 Oct  7 1459	    1444.565 	   30482.8 	 	   41421.5 	 	  5.92 	 	GEO/NS	132.19E	 +   2.123W	1979 Oct  1 1122	R	-
S11561	1979-087A	Ekran	1979 Oct  3	1979 Oct  3	2026 Oct  8 1116	    1436.730 	   35759.0 	 	   35838.9 	 	  5.32 	 	GEO/ID	 85.93E	 +   0.166W	1981 Mar	P	-
S17939	1979-087C	Blok DM No. 23L	1979 Oct  3	1979 Oct  3	2026 Oct  8 1514	    1432.948 	   35533.5 	 	   35916.3 	 	  5.06 	 	GEO/ID	101.24E	 +   0.786E	1979 Oct  3 1712	R	-
S11623	1979-098C	Transtage 37	1979 Nov 21	1979 Nov 21	2026 Oct  8 1531	    1510.719 	   35946.6 	 	   38523.1 	 	  9.94 	 	VHEO	113.09E	 +  17.838W	1979 Nov 21 0209	R	-
S11621	1979-098A	DSCS II F-13	1979 Nov 21	1979 Nov 21	2026 Oct  8 1103	    1506.296 	   37124.9 	 	   37174.5 	 	 10.03 	 	VHEO	141.70W	 +  16.830W	1994 Jul 19?	P	-
S11622	1979-098B	DSCS II F-14	1979 Nov 21	1979 Nov 21	2026 Oct  8 0834	    1464.167 	   36328.6 	 	   36339.9 	 	  8.26 	 	GEO/ID	101.95W	 +   6.928W	1995 Jun 19?	P	-
S11684	1979-105E	Blok DM No. 24L	1979 Dec 28	1979 Dec 28	2026 Oct  8 0903	    1459.147 	   36156.9 	 	   36316.3 	 	  6.59 	 	GEO/ID	 23.22W	 +   5.710W	1979 Dec 28 1151	R	-
S11648	1979-105A	Gorizont	1979 Dec 28	1979 Dec 28	2026 Oct  8 0412	    1436.265 	   35736.4 	 	   35843.4 	 	  5.66 	 	GEO/I	 39.70E	 +   0.049W	1989 Dec 28	P	-
S11669	1980-004A	FLTSATCOM F3	1980 Jan 18	1980 Jan 20	2026 Oct  8 0505	    1437.472 	   35714.4 	 	   35912.6 	 	  5.95 	 	GEO/ID	136.74W	 +   0.352W	1990 Dec 30	P	-
S11728	1980-016D	Blok DM No. 16L	1980 Feb 20	1980 Feb 20	2026 Oct  8 0545	    1475.020 	   36473.0 	 	   36617.1 	 	  7.04 	 	GEO/ID	  2.98E	 +   9.533W	1980 Feb 20 0805	R	-
S11708	1980-016A	Raduga	1980 Feb 20	1980 Feb 20	2026 Oct  8 0413	    1436.052 	   35772.9 	 	   35798.5 	 	  5.44 	 	GEO/I	 41.43E	 +   0.004E	1986 Mar?	P	-
S11862	1980-049F	Blok DM No. 27L	1980 Jun 14	1980 Jun 14	2026 Oct  8 1312	    1470.277 	   36332.3 	 	   36573.7 	 	  7.39 	 	GEO/ID	132.91E	 +   8.399W	1980 Jun 14 0049	R	-
S11841	1980-049A	Gorizont	1980 Jun 14	1980 Jun 14	2026 Oct  8 0550	    1459.992 	   36235.0 	 	   36271.1 	 	  6.93 	 	GEO/ID	 22.43E	 +   5.915W	1988 Oct 25	P	-
S14193	1980-060F	Blok DM No. 25L	1980 Jul 14	1980 Jul 15	2026 Oct  8 0427	    1417.211 	   35336.8 	 	   35495.4 	 	  4.84 	 	GEO/ID	146.48W	 +   4.803E	1980 Jul 14 2235	R	-
S11890	1980-060A	Ekran	1980 Jul 14	1980 Jul 15	2020 Aug  4 0042	    1436.136 	   35723.9 	 	   35850.8 	 	 10.47 	 	GEO/I	 15.11W	 +   0.017W	1980 Jul?	P	-
S11964	1980-074A	GOES 4	1980 Sep  9	1980 Sep 11	2026 Oct  8 0501	    1451.164 	   35950.9 	 	   36211.1 	 	  7.75 	 	GEO/ID	149.45W	 +   3.755W	1988 Nov 25	P	-
S11970	1980-074C	Star 27 S/N 0020	1980 Sep  9	1980 Sep 11	2026 Oct  8 0904	    1766.094 	   34063.3 	 	   49978.3 	 	 16.13 	 	VHEO	 18.71W	-	1980 Sep  9 2227	C	-
A03235	1980-074	GOES 4 VAS Cover	1980 Sep  9	1980 Sep 20?	1980 Sep 20	    1438.775 	   35691.0 	 	   35987.0 	 	  0.31 	 	GEO/D	-	-	1980 Sep  9 2227	C	-
S12447	1980-081F	Blok DM No. 19L	1980 Oct  5	1980 Oct  5	2026 Oct  8 1215	    1440.548 	   35854.3 	 	   35893.1 	 	  5.90 	 	GEO/ID	 67.60W	 +   1.123W	1980 Oct  5 1710	R	-
S12003	1980-081A	Raduga	1980 Oct  5	1980 Oct  5	2026 Oct  8 0902	    1435.980 	   35731.7 	 	   35837.0 	 	  5.68 	 	GEO/I	 26.07W	 +   0.022E	1986 Nov	P	-
S12046	1980-087A	FLTSATCOM F4	1980 Oct 31	1980 Nov  2	2026 Oct  7 1512	    1455.305 	   36158.2 	 	   36165.3 	 	  7.75 	 	GEO/ID	 59.22E	 +   4.772W	2000?	P	-
S12065	1980-091A	SBS 1	1980 Nov 15	1980 Nov 17	2026 Oct  8 0550	    1442.529 	   35876.7 	 	   35948.1 	 	  9.81 	 	GEO/ID	 22.44E	 +   1.617W	1990 Jun 22	P	-
S12089	1980-098A	INTELSAT 502	1980 Dec  6	1980 Dec  8	2026 Oct  8 1217	    1456.152 	   36124.3 	 	   36232.2 	 	 11.14 	 	GEO/ID	 60.49W	 +   4.979W	1998 Apr 17	P	-
S12471	1980-104E	Blok DM No. 32L	1980 Dec 26	1980 Dec 26	2026 Oct  8 0551	    1420.945 	   35359.4 	 	   35619.6 	 	  5.23 	 	GEO/ID	 23.69E	 +   3.842E	1980 Dec 26 1149	R	-
S12120	1980-104A	Ekran	1980 Dec 26	1980 Dec 26	2026 Oct  8 1435	    1435.403 	   35754.0 	 	   35792.0 	 	  5.98 	 	GEO/ID	 66.07E	 +   0.167E	1981 Dec	P	-
S12309	1981-018A	Esiafi 1	1981 Feb 21	1981 Feb 24	2026 Oct  7 1449	    1435.940 	   35776.7 	 	   35790.4 	 	  8.49 	 	GEO/I	 71.78E	 +   0.032E	2010?	P	-
S12371	1981-025C	Transtage 40	1981 Mar 16	1981 Mar 17	2026 Oct  7 1350	    1420.949 	   35244.7 	 	   35734.5 	 	  6.42 	 	GEO/ID	 73.93E	 +   3.841E	1981 Mar 16 1924	R	-
S12339	1981-025A	DSP F9	1981 Mar 16	1981 Mar 17	2026 Oct  8 0905	    1457.047 	   36106.9 	 	   36284.5 	 	  7.86 	 	GEO/ID	 13.14W	 +   5.197W	1988 Q1	P	-
A03296	1981-025	DSP 10 Aperture Cover	1981 Mar 16	1981 Mar 18?	1981 Mar 18	    1436.015 	   35780.0 	?	   35790.0 	?	  1.00 	?	GEO/S	-	-	1981 Mar 16 1924	C	-
S14194	1981-027F	Blok DM No. 18L	1981 Mar 18	1981 Mar 18	2026 Oct  8 0413	    1474.449 	   36464.3 	 	   36603.7 	 	  7.78 	 	GEO/ID	 42.33E	 +   9.397W	1981 Mar 18 0440	R	-
S12351	1981-027A	Raduga	1981 Mar 18	1981 Mar 18	2026 Oct  8 0857	    1434.671 	   35414.7 	 	   36102.7 	 	  6.02 	 	GEO/ID	 41.50W	 +   0.352E	1981 Apr?	P	-
S12474	1981-050A	INTELSAT 501	1981 May 23	1981 May 25	2026 Oct  8 0540	    1456.718 	   36157.9 	 	   36220.6 	 	 10.81 	 	GEO/ID	156.26W	 +   5.117W	1997 Feb  5	P	-
S12472	1981-049A	GOES 5	1981 May 22	1981 Jun  2	2026 Oct  8 0627	    1436.622 	   35777.9 	 	   35815.9 	 	  9.16 	 	GEO/ID	135.78W	 +   0.139W	1990 Jul 18	P	-
A03330	1981-049	GOES 5 VAS Cover	1981 May 22	1981 Jun  5?	1981 Jun  5	    1436.092 	   35714.0 	 	   35859.0 	 	  0.50 	 	GEO/S	-	-	1981 May 22 2229	C	-
S12544	1981-057A	Meteosat 2	1981 Jun 19	1981 Jun 20	2026 Oct  4 0920	    1458.571 	   36106.4 	 	   36344.3 	 	 10.09 	 	GEO/ID	  4.57W	 +   5.569W	1991 Dec  6	P	-
S20837	1981-057F	Mage 1	1981 Jun 19	1981 Jun 20	2026 Sep 28 1201	    1449.222 	   35728.9 	 	   36357.3 	 	  7.35 	 	GEO/ID	 64.95W	 +   3.276W	1981 Jun 19 1232	C	-
S12545	1981-057B	Apple	1981 Jun 19	1981 Jun 21	2026 Oct  8 1258	    1439.382 	   35738.7 	 	   35963.1 	 	  6.78 	 	GEO/ID	122.27E	 +   0.831W	1983 Sep 20	P	-
S12851	1981-061F	Blok DM No. 20L	1981 Jun 25	1981 Jun 26	2026 Sep 26 1953	    1425.659 	   35572.7 	 	   35591.4 	 	  5.76 	 	GEO/ID	 29.88W	 +   2.636E	1981 Jun 25 2355	R	-
S12564	1981-061A	Ekran	1981 Jun 25	1981 Jun 26	2026 Oct  8 0239	    1436.902 	   35786.1 	 	   35818.7 	 	  6.27 	 	GEO/ID	 70.08E	 +   0.210W	1982 Jul?	P	-
A03353	1981-057	Meteosat 2 MVIRI cover	1981 Jun 19	1981 Jul 28?	1981 Jul 28	    1434.279 	   35699.0 	 	   35803.0 	 	  1.03 	 	GEO/D	-	-	1981 Jun 19 1232	C	-
A03354	1981-057	Meteosat 2 cooler cover	1981 Jun 19	1981 Jul 28?	1981 Jul 28	    1434.279 	   35699.0 	 	   35803.0 	 	  1.03 	 	GEO/D	-	-	1981 Jun 19 1232	C	-
S12850	1981-069F	Blok DM No. 22L	1981 Jul 30	1981 Jul 31	2026 Sep 30 0040	    1473.898 	   36435.3 	 	   36611.3 	 	  7.91 	 	GEO/ID	 72.06W	 +   9.265W	1981 Jul 30 2138	R	-
S12618	1981-069A	Raduga	1981 Jul 30	1981 Jul 31	2026 Oct  8 0413	    1436.738 	   35792.3 	 	   35806.0 	 	  6.33 	 	GEO/ID	 41.77E	 +   0.168W	1986 Mar?	P	-
S12677	1981-076A	Himawari 2	1981 Aug 10	1981 Aug 12	2026 Oct  8 0553	    1446.465 	   35937.7 	 	   36040.9 	 	  7.75 	 	GEO/ID	 30.48E	 +   2.595W	1988 Feb	P	-
A03360	1981-076	Star 27 S/N 0038	1981 Aug 10	1981 Aug 12	2016 Jan  1 0000	    1449.963 	   35708.0 	 	   36407.2 	 	 14.42 	 	GEO/ID	109.08E	 +   3.459W	1981 Aug 10 2003	C	-
A03362	1981-076	GMS 2 VISSR Cover	1981 Aug 10	1981 Aug 20?	1981 Aug 23	    1435.964 	   35775.0 	 	   35793.0 	 	  1.20 	 	GEO/S	-	-	1981 Aug 10 2003	C	-
S12635	1981-073A	FLTSATCOM F5	1981 Aug  6	1981 Sep  3	2026 Oct  3 2115	    1460.341 	   36222.9 	 	   36296.8 	 	 13.66 	 	GEO/ID	 28.72W	 +   6.000W	1986 Jul 12	P	-
S12855	1981-096A	SBS 2	1981 Sep 24	1981 Sep 26	2026 Oct  7 1931	    1437.812 	   35786.9 	 	   35853.4 	 	 10.09 	 	GEO/ID	 10.02E	 +   0.438W	1996 Sep  7	P	-
S14195	1981-102F	Blok DM No. 36L	1981 Oct  9	1981 Oct  9	2026 Oct  8 0807	    1436.511 	   35754.6 	 	   35834.8 	 	  6.35 	 	GEO/ID	154.58E	 +   0.111W	1981 Oct  9 1659	R	-
S12897	1981-102A	Raduga	1981 Oct  9	1981 Oct  9	2026 Oct  8 1116	    1435.875 	   35765.6 	 	   35798.9 	 	  6.45 	 	GEO/I	 83.28E	 +   0.049E	1987 Jul?	P	-
S12932	1981-107C	Transtage 39	1981 Oct 31	1981 Oct 31	2026 Sep 25 0012	    1445.811 	   31747.4 	 	   40205.6 	 	  5.33 	 	GEO/NS	  0.80E	 +   2.432W	1981 Oct 31 0922	R	-
S12930	1981-107A	OPS 4029	1981 Oct 31	1981 Oct 31	2026 Oct  8 1250	    1435.167 	   31374.0 	 	   40162.8 	 	  5.66 	 	GEO/NS	115.77E	 +   0.227E	1991?	P	-
S12967	1981-114A	Satcom 3R	1981 Nov 20	1981 Nov 22	2026 Oct  8 1157	    1438.000 	   35798.7 	 	   35849.0 	 	 11.96 	 	GEO/ID	152.47E	 +   0.485W	1991 Apr 10	P	-
A03404	1981-114	Solar array restraint cable	1981 Nov 20	1981 Nov 23?	1981 Nov 22	    1478.368 	   36289.0 	 	   36931.0 	 	  0.30 	 	GEO/D	-	-	1981 Nov 20 0137	C	-
S12994	1981-119A	INTELSAT 503	1981 Dec 15	1981 Dec 17	2026 Oct  8 0239	    1447.805 	   35789.8 	 	   36241.1 	 	 11.11 	 	GEO/ID	 72.80E	 +   2.926W	1998 Jan 19	P	-
S13010	1981-122A	Marecs 1	1981 Dec 20	1981 Dec 21	2026 Oct  8 0419	    1515.169 	   36791.4 	 	   37849.5 	 	 11.48 	 	VHEO	 63.34E	 +  18.846W	1996 Aug 20	P	-
S13035	1982-004A	Satcom 4	1982 Jan 16	1982 Jan 19	2026 Oct  6 2258	    1445.834 	   35762.7 	 	   36191.3 	 	 12.68 	 	GEO/ID	 25.31W	 +   2.438W	1991 Dec  8	P	-
A03416	1982-004	Solar array restraint cable	1982 Jan 16	1982 Jan 20?	1982 Jan 20	    1462.406 	   36000.0 	?	   36600.0 	?	  0.30 	?	GEO/D	-	-	1982 Jan 16 0155	C	-
S14117	1982-009F	Blok DM No. 26L	1982 Feb  5	1982 Feb  5	2026 Oct  8 0238	    1425.900 	   35431.8 	 	   35741.8 	 	  6.20 	 	GEO/ID	 68.35E	 +   2.574E	1982 Feb  5 0912	R	-
S13056	1982-009A	Ekran	1982 Feb  5	1982 Feb  5	2026 Oct  8 1200	    1440.692 	   35752.1 	 	   36000.9 	 	  6.81 	 	GEO/ID	154.34E	 +   1.159W	1984 Jan	P	-
S13069	1982-014A	Westar 4	1982 Feb 26	1982 Mar  1	2026 Oct  8 0245	    1443.302 	   35902.3 	 	   35952.7 	 	 12.52 	 	GEO/ID	 59.99W	 +   1.809W	1991 Nov  9	P	-
S13089	1982-019B	Transtage 38	1982 Mar  6	1982 Mar  7	2026 Oct  7 2245	    1422.113 	   35466.9 	 	   35557.9 	 	  7.28 	 	GEO/ID	 57.38W	 +   3.542E	1982 Mar  6 1925	R	-
S13086	1982-019A	DSP F10	1982 Mar  6	1982 Mar  7	2026 Oct  8 0116	    1466.574 	   36356.8 	 	   36405.4 	 	  9.07 	 	GEO/ID	 95.92W	 +   7.509W	1991?	P	-
S13083	1982-017A	INTELSAT 504	1982 Mar  5	1982 Mar  7	2026 Oct  8 0240	    1451.292 	   36014.9 	 	   36152.1 	 	 11.22 	 	GEO/ID	 76.14E	 +   3.787W	1995 Nov 28	P	-
A03434	1982-019	DSP 13 Aperture Cover	1982 Mar  6	1982 Mar  8?	2016 Jan  1 0000	    1422.878 	   33609.7 	 	   37445.2 	 	 14.11 	 	GEO/ID	168.33E	 +   3.346E	1982 Mar  6 1925	C	-
S13899	1982-020F	Blok DM No. 35L	1982 Mar 15	1982 Mar 15	2026 Oct  8 0902	    1459.881 	   36140.8 	 	   36360.9 	 	  8.06 	 	GEO/ID	 25.98W	 +   5.888W	1982 Mar 15 0439	R	-
S13092	1982-020A	Gorizont	1982 Mar 15	1982 Mar 15	2026 Oct  6 0937	    1461.464 	   36137.1 	 	   36426.2 	 	  8.10 	 	GEO/ID	 79.66W	 +   6.273W	1989 Nov 24	P	-
S13129	1982-031A	Insat 1A	1982 Apr 10	1982 Apr 12	2026 Oct  8 1255	    1436.264 	   35757.2 	 	   35822.5 	 	  6.88 	 	GEO/I	119.67E	 +   0.049W	1982 Sep  4	P	-
S14114	1982-044F	Blok DM No. 28L	1982 May 17	1982 May 18	2026 Sep 27 1957	    1436.038 	   35720.0 	 	   35850.9 	 	  7.95 	 	GEO/I	  7.13W	 +   0.008E	1982 May 17 2350	R	-
S13177	1982-044A	Kosmos-1366	1982 May 17	1982 May 18	2026 Oct  8 0242	    1436.184 	   35761.0 	 	   35815.7 	 	  8.05 	 	GEO/I	 81.64E	 +   0.029W	1987 Oct	P	-
S13269	1982-058A	Westar 5	1982 Jun  9	1982 Jun 11	2026 Oct  8 0337	    1451.415 	   36001.9 	 	   36169.9 	 	 13.02 	 	GEO/ID	 83.45W	 +   3.817W	1992 May 25	P	-
S13431	1982-082A	Anik D1	1982 Aug 26	1982 Sep  1	2026 Oct  7 1936	    1438.291 	   35803.4 	 	   35855.7 	 	 12.09 	 	GEO/ID	 26.69E	 +   0.558W	1991 Dec 16	P	-
S14115	1982-093F	Blok DM No. 31L	1982 Sep 16	1982 Sep 17	2026 Oct  8 1527	    1422.148 	   35478.3 	 	   35547.9 	 	  6.20 	 	GEO/ID	109.26E	 +   3.533E	1982 Sep 16 1831	R	-
S13554	1982-093A	Ekran	1982 Sep 16	1982 Sep 17	2026 Oct  8 0237	    1436.993 	   35689.7 	 	   35918.6 	 	  6.84 	 	GEO/ID	 64.99E	 +   0.232W	1983 Dec	P	-
S13595	1982-097A	INTELSAT 505	1982 Sep 28	1982 Oct  1	2026 Oct  7 1758	    1463.340 	   36267.7 	 	   36368.6 	 	 12.01 	 	GEO/ID	 42.96E	 +   6.727W	1999 Aug  4	P	-
S13630	1982-103E	Blok DM No. 37L	1982 Oct 20	1982 Oct 20	2026 Oct  8 1447	    1435.354 	   35723.3 	 	   35820.8 	 	  7.06 	 	GEO/ID	171.95E	 +   0.180E	1982 Oct 20 1626	R	-
S13624	1982-103A	Gorizont	1982 Oct 20	1982 Oct 20	2026 Oct  8 1114	    1435.009 	   35750.4 	 	   35780.2 	 	  7.10 	 	GEO/ID	147.85W	 +   0.266E	1989 Mar 28	P	-
S13643	1982-106D	IUS-2 SRM-2	1982 Oct 30	1982 Oct 30	2026 Sep 18 1853	    1448.955 	   35871.3 	 	   36204.5 	 	  9.19 	 	GEO/ID	 33.12E	 +   3.211W	1982 Oct 30 0405	R	-
S13636	1982-106A	DSCS II F-16	1982 Oct 30	1982 Oct 30	2026 Oct  4 0915	    1514.343 	   37285.5 	 	   37323.6 	 	 11.95 	 	VHEO	 20.87W	 +  18.659W	1997 May 23	P	-
S13637	1982-106B	DSCS III A-1	1982 Oct 30	1982 Oct 30	2026 Oct  6 0826	    1471.961 	   36403.9 	 	   36567.5 	 	 12.29 	 	GEO/ID	173.20W	 +   8.802W	2008?	P	-
S13631	1982-105A	Satcom 5	1982 Oct 28	1982 Oct 30	2026 Oct  8 0331	    1436.065 	   35779.3 	 	   35792.6 	 	 11.97 	 	GEO/I	104.94W	 +   0.001E	1991 Apr?	P	-
A03545	1982-105	Solar array restraint cable	1982 Oct 28	1982 Oct 31?	1982 Oct 31	    1461.995 	   35994.0 	 	   36590.0 	 	  0.20 	 	GEO/D	-	-	1982 Oct 28 0127	C	-
S13651	1982-110B	SBS 3	1982 Nov 11	1982 Nov 13	2026 Oct  8 1219	    1440.996 	   35861.3 	 	   35903.6 	 	 12.39 	 	GEO/ID	 52.50W	 +   1.234W	1995 Jun  1	P	-
S13652	1982-110C	Anik C3	1982 Nov 11	1982 Nov 16	2026 Oct  6 2022	    1441.207 	   35878.9 	 	   35894.2 	 	 12.36 	 	GEO/ID	176.94E	 +   1.287W	1997 Jun 17	P	-
S13954	1982-113F	Blok DM No. 29L	1982 Nov 26	1982 Nov 26	2026 Sep 22 0813	    1475.829 	   36453.4 	 	   36668.1 	 	  9.07 	 	GEO/ID	  8.78W	 +   9.725W	1982 Nov 26 1413	R	-
S13669	1982-113A	Raduga	1982 Nov 26	1982 Nov 26	2026 Oct  8 0154	    1473.775 	   36336.3 	 	   36705.5 	 	  8.99 	 	GEO/ID	 87.64W	 +   9.236W	1989 Jan 17	P	-
S13782	1983-006A	Sakura 2A	1983 Feb  4	1983 Feb  6?	2026 Oct  8 0905	    1448.541 	   35978.1 	 	   36081.6 	 	 10.11 	 	GEO/ID	 16.11W	 +   3.108W	1990 Dec  4	P	-
S14086	1983-016F	Blok DM No. 34L	1983 Mar 12	1983 Mar 12	2026 Oct  8 1215	    1424.308 	   35483.7 	 	   35627.3 	 	  6.34 	 	GEO/ID	 69.66W	 +   2.981E	1983 Mar 12 1400	R	-
S13878	1983-016A	Ekran	1983 Mar 12	1983 Mar 12	2026 Oct  8 0710	    1515.291 	   37185.8 	 	   37459.9 	 	 10.18 	 	VHEO	168.42W	 +  18.873W	1984 Oct	P	-
S13983	1983-028F	Blok DM No. 38L	1983 Apr  8	1983 Apr  8	2026 Oct  8 0328	    1439.485 	   35750.6 	 	   35955.2 	 	  8.00 	 	GEO/ID	116.70W	 +   0.857W	1983 Apr  8 0445	R	-
S13974	1983-028A	Raduga	1983 Apr  8	1983 Apr  8	2026 Oct  8 0238	    1435.938 	   35774.9 	 	   35792.1 	 	  7.97 	 	GEO/I	 66.20E	 +   0.033E	1985 Jun?	P	-
S13984	1983-030A	Satcom 1R	1983 Apr 11	1983 Apr 14	2026 Oct  8 1152	    1442.022 	   35877.2 	 	   35927.8 	 	 13.11 	 	GEO/ID	138.50E	 +   1.490W	1992 Dec 27	P	-
A03610	1983-030	Solar array restraint cable	1983 Apr 11	1983 Apr 15?	1983 Apr 15	    1477.491 	   36029.0 	 	   37157.0 	 	  0.46 	 	GEO/D	-	-	1983 Apr 11 2239	C	-
S14050	1983-041A	GOES 6	1983 Apr 28	1983 May  9	2026 Oct  8 0506	    1436.067 	   35771.2 	 	   35800.8 	 	 10.02 	 	GEO/I	134.37W	 +   0.000E	1992 May	P	-
A03624	1983-041	GOES 6 VAS Cover	1983 Apr 28	1983 May 13?	1984 Dec 15 2313	    1434.646 	   31769.4 	 	   39747.0 	 	  0.44 	 	GEO/NS	 72.24W	 +   0.358E	1983 Apr 28 2226	C	-
S14077	1983-047A	INTELSAT 506	1983 May 19	1983 May 22	2026 Oct  8 1202	    1452.144 	   35938.9 	 	   36261.3 	 	 12.34 	 	GEO/ID	156.05E	 +   3.996W	1998 Jul  6	P	-
S13969	1983-026B	TDRS 1	1983 Apr  4	1983 Jun 13	2026 Oct  8 0757	    1458.349 	   36122.0 	 	   36320.0 	 	  8.50 	 	GEO/ID	104.61W	 +   5.515W	2009 Oct 12	P	-
S14128	1983-058A	ECS 1	1983 Jun 16	1983 Jun 18	2026 Oct  8 1207	    1456.444 	   36143.3 	 	   36224.5 	 	 11.70 	 	GEO/ID	129.94E	 +   5.050W	1996 Dec 11	P	-
S14134	1983-059C	Palapa Pacific	1983 Jun 18	1983 Jun 20	2026 Oct  7 2247	    1437.059 	   35801.0 	 	   35809.8 	 	 11.45 	 	GEO/ID	 21.78W	 +   0.249W	1995 Oct?	P	-
S14133	1983-059B	Anik C2	1983 Jun 18	1983 Jun 21	2026 Oct  2 2053	    1452.709 	   35960.4 	 	   36261.8 	 	 12.80 	 	GEO/ID	 10.64E	 +   4.135W	1998 Jan  7	P	-
S15141	1983-066F	Blok DM No. 39L	1983 Jun 30	1983 Jul  1	2026 Sep 22 1700	    1475.139 	   36507.2 	 	   36587.6 	 	  9.55 	 	GEO/ID	 38.88E	 +   9.561W	1983 Jun 30 2356	R	-
S14160	1983-066A	Gorizont	1983 Jun 30	1983 Jul  1	2026 Oct  8 0950	    1464.177 	   36275.4 	 	   36393.5 	 	  9.12 	 	GEO/ID	 53.09W	 +   6.930W	1989 Jun 30	P	-
S14158	1983-065A	Galaxy 1	1983 Jun 28	1983 Jul  2	2026 Oct  8 0826	    1438.163 	   35809.7 	 	   35844.4 	 	 13.52 	 	GEO/ID	152.55W	 +   0.526W	1994 Mar 10	P	-
S14234	1983-077A	Arabsat 1D-R	1983 Jul 28	1983 Jul 29	2026 Oct  2 1945	    1446.884 	   35888.5 	 	   36106.5 	 	 13.71 	 	GEO/ID	 33.39E	 +   2.698W	1996 Sep 29	P	-
S14248	1983-081A	Sakura 2B	1983 Aug  5	1983 Aug  7	2026 Oct  8 1033	    1457.305 	   36194.1 	 	   36207.3 	 	 10.93 	 	GEO/ID	149.01W	 +   5.260W	1990 Jan 24	P	-
S14333	1983-088F	Blok DM No. 40L	1983 Aug 25	1983 Aug 26	2026 Oct  8 1212	    1475.185 	   36489.3 	 	   36607.3 	 	  9.62 	 	GEO/ID	 77.03W	 +   9.572W	1983 Aug 25 2002	R	-
S14307	1983-088A	Raduga	1983 Aug 25	1983 Aug 26	2026 Oct  7 1931	    1466.761 	   36310.6 	 	   36458.8 	 	  9.32 	 	GEO/ID	  9.01E	 +   7.554W	1987 Oct 13	P	-
S14318	1983-089B	Insat 1B	1983 Aug 30	1983 Sep  2?	2026 Oct  8 0552	    1436.895 	   35742.5 	 	   35861.9 	 	 11.02 	 	GEO/ID	 28.39E	 +   0.208W	1993 Aug?	P	-
S14328	1983-094A	Satcom 2R	1983 Sep  8	1983 Sep 12	2026 Oct  8 1003	    1448.499 	   35980.3 	 	   36077.7 	 	 14.26 	 	GEO/ID	172.04W	 +   3.098W	1995 Mar  5	P	-
A03715	1983-094	Solar array restraint cable	1983 Sep  8	1983 Sep 13?	1983 Sep 13	    1415.120 	   35157.0 	 	   35593.0 	 	  0.10 	 	GEO/D	-	-	1983 Sep  8 2252	C	-
S14365	1983-098A	Galaxy 2	1983 Sep 22	1983 Sep 23	2026 Oct  7 1322	    1436.597 	   35786.1 	 	   35806.7 	 	 13.54 	 	GEO/ID	167.11E	 +   0.133W	1994 May 21	P	-
S14394	1983-100F	Blok DM No. 50L	1983 Sep 29	1983 Sep 30	2026 Oct  8 1207	    1424.957 	   35491.1 	 	   35645.5 	 	  7.01 	 	GEO/ID	 95.24W	 +   2.815E	1983 Sep 29 1737	R	-
S14377	1983-100A	Ekran	1983 Sep 29	1983 Sep 30	2026 Oct  7 1306	    1436.792 	   35782.1 	 	   35818.3 	 	  7.54 	 	GEO/ID	 90.75E	 +   0.182W	1984 Nov?	P	-
S14421	1983-105A	INTELSAT 507	1983 Oct 19	1983 Oct 21	2026 Oct  6 1004	    1444.307 	   35938.2 	 	   35956.2 	 	 11.84 	 	GEO/ID	170.71E	 +   2.059W	1996 Jul 23	P	-
S14548	1983-118F	Blok DM No. 41L	1983 Nov 30	1983 Nov 30	2026 Oct  3 1434	    1436.081 	   35586.2 	 	   35986.4 	 	  8.34 	 	GEO/I	 58.19E	 +   0.003W	1983 Nov 30 1351	R	-
S14532	1983-118A	Gorizont	1983 Nov 30	1983 Nov 30	2026 Oct  8 1303	    1465.336 	   36247.6 	 	   36466.4 	 	  9.39 	 	GEO/ID	126.22E	 +   7.210W	1988 Nov 28	P	-
S14659	1984-005A	Yuri 2A	1984 Jan 23	1984 Jan 26	2026 Oct  7 1446	    1453.835 	   36059.2 	 	   36207.0 	 	 10.90 	 	GEO/ID	 91.01E	 +   4.411W	1989 Jul	P	-
S14677	1984-009C	Transtage D-10	1984 Jan 31	1984 Jan 31	2026 Oct  8 0634	    1448.058 	   31623.5 	 	   40417.3 	 	  6.12 	 	GEO/NS	113.81W	 +   2.989W	1984 Jan 31 0308	R	-
S14675	1984-009A	OPS 0441	1984 Jan 31	1984 Jan 31	2026 Oct  8 0522	    1434.767 	   32040.0 	 	   39481.1 	 	  6.13 	 	GEO/NS	 94.31W	 +   0.327E	1990?	P	-
S17874	1984-016F	Blok DM No. 42L	1984 Feb 15	1984 Feb 15	2026 Oct  8 0101	    1435.434 	   35624.9 	 	   35922.4 	 	  8.36 	 	GEO/ID	 88.39E	 +   0.159E	1984 Feb 15 0846	R	-
S14725	1984-016A	Raduga	1984 Feb 15	1984 Feb 15	2026 Oct  8 0243	    1436.051 	   35778.4 	 	   35792.9 	 	  8.36 	 	GEO/I	 86.39E	 +   0.004E	1987 Sep?	P	-
S14948	1984-022F	Blok DM No. 43L	1984 Mar  2	1984 Mar  2	2026 Oct  8 0627	    1441.809 	   35807.2 	 	   35989.5 	 	  9.23 	 	GEO/ID	162.29W	 +   1.437W	1984 Mar  2 0354	R	-
S14783	1984-022A	Kosmos-1540	1984 Mar  2	1984 Mar  2	2026 Oct  8 0241	    1436.029 	   35747.0 	 	   35823.5 	 	  9.09 	 	GEO/I	 79.90E	 +   0.010E	1988 Feb	P	-
S14786	1984-023A	INTELSAT 508	1984 Mar  5	1984 Mar  7	2026 Oct  5 2003	    1480.090 	   36557.8 	 	   36728.9 	 	 13.53 	 	GEO/ID	 65.99E	 +  10.737W	1994 Dec 17	P	-
S15139	1984-028F	Blok DM No. 44L	1984 Mar 16	1984 Mar 16	2026 Oct  8 0901	    1419.751 	   35389.0 	 	   35543.1 	 	  6.75 	 	GEO/ID	 30.34W	 +   4.149E	1984 Mar 16 1400	R	-
S14821	1984-028A	Ekran	1984 Mar 16	1984 Mar 16	2026 Oct  8 0503	    1499.025 	   36987.2 	 	   37031.8 	 	 10.08 	 	GEO/ID	143.17W	 +  15.161W	1986 Jul?	P	-
S14951	1984-031F	Blok DM No. 45L	1984 Mar 29	1984 Mar 29	2026 Oct  8 0627	    1448.338 	   35962.7 	 	   36089.0 	 	  8.87 	 	GEO/ID	135.48W	 +   3.058W	1984 Mar 29 0552	R	-
S14867	1984-031A	Kosmos-1546	1984 Mar 29	1984 Mar 29	2026 Oct  8 0238	    1436.083 	   35684.1 	 	   35888.6 	 	  8.47 	 	GEO/I	 68.95E	 +   0.004W	1986 Oct	P	-
S14899	1984-035A	Shiyan Tongbu Tongxin Wx.	1984 Apr  8	1984 Apr 10	2026 Oct  8 0102	    1437.638 	   35786.9 	 	   35846.6 	 	  9.27 	 	GEO/ID	 91.61E	 +   0.394W	1988 Jun 28	P	-
S14930	1984-037A	DSP F11	1984 Apr 14	1984 Apr 14	2026 Oct  8 0103	    1459.277 	   36194.0 	 	   36284.2 	 	 10.00 	 	GEO/ID	 96.38E	 +   5.741W	1991?	P	-
S14931	1984-037B	Transtage D-11	1984 Apr 14	1984 Apr 14	2026 Sep 15 2059	    1423.510 	   35404.3 	 	   35675.4 	 	  8.61 	 	GEO/ID	  0.79E	 +   3.185E	1984 Apr 14 1652	R	-
A03829	1984-037	DSP 12 Aperture Cover	1984 Apr 14	1984 Apr 15?	2016 Jan  1 0000	    1418.531 	   35102.4 	 	   35781.7 	 	 14.47 	 	GEO/ID	176.86W	 +   4.463E	1984 Apr 14 1652	C	-
S14943	1984-041D	Blok DM No. 46L	1984 Apr 22	1984 Apr 22	2026 Oct  8 0550	    1460.025 	   36190.7 	 	   36316.6 	 	  9.39 	 	GEO/ID	 20.42E	 +   5.923W	1984 Apr 22 0421	R	-
S14940	1984-041A	Gorizont	1984 Apr 22	1984 Apr 22	2026 Oct  8 0103	    1436.487 	   35767.4 	 	   35821.1 	 	  8.54 	 	GEO/I	 93.14E	 +   0.105W	1987 Apr  6	P	-
S14985	1984-049A	Zhongxing 5	1984 May 23	1984 May 26	2026 Oct  7 1742	    1440.343 	   35815.6 	 	   35923.7 	 	 14.31 	 	GEO/ID	 79.05E	 +   1.071W	1999 Dec	P	-
A03840	1984-049	Solar array restraint cable	1984 May 23	1984 May 27?	1984 May 27	    1442.585 	   35564.0 	 	   36263.0 	 	  0.07 	 	GEO/D	-	-	1984 May 23 0133	C	-
S15693	1984-063F	Blok DM No. 47L	1984 Jun 22	1984 Jun 22	2026 Oct  8 1146	    1394.137 	   34886.5 	 	   35035.9 	 	  6.85 	 	GEO/ID	163.74W	 +  10.857E	1984 Jun 22 0020	R	-
S15057	1984-063A	Raduga	1984 Jun 22	1984 Jun 22	2026 Oct  8 0553	    1436.946 	   35788.0 	 	   35818.4 	 	  8.52 	 	GEO/ID	 30.96E	 +   0.221W	1988 Sep?	P	-
S15181	1984-078F	Blok DM No. 48L	1984 Aug  1	1984 Aug  2	2026 Oct  8 1532	    1436.591 	   35703.3 	 	   35889.3 	 	  8.77 	 	GEO/ID	112.13E	 +   0.131W	1984 Aug  1 2137	R	-
S15144	1984-078A	Gorizont	1984 Aug  1	1984 Aug  2	2026 Oct  8 0821	    1435.902 	   35766.5 	 	   35799.0 	 	  8.68 	 	GEO/I	169.84W	 +   0.042E	1990 Aug 22	P	-
S15152	1984-080A	Himawari 3	1984 Aug  2	1984 Aug  4	2026 Oct  8 0553	    1442.416 	   35890.0 	 	   35930.4 	 	 10.46 	 	GEO/ID	 32.52E	 +   1.589W	1995 Jun 22	P	-
S22266	1984-080E	Star 27 S/N 0062	1984 Aug  2	1984 Aug  4	2026 Oct  8 0905	    1443.510 	   35358.7 	 	   36504.4 	 	  9.32 	 	GEO/ID	 14.65W	 +   1.861W	1984 Aug  2 2030	C	-
S15159	1984-081B	Telecom 1A	1984 Aug  4	1984 Aug  6	2026 Oct  6 2113	    1463.457 	   36185.2 	 	   36455.7 	 	 12.64 	 	GEO/ID	  1.12W	 +   6.756W	1992 Sep  9	P	-
S15158	1984-081A	ECS 2	1984 Aug  4	1984 Aug  6	2026 Oct  7 0723	    1457.544 	   36152.8 	 	   36257.9 	 	 12.37 	 	GEO/ID	138.88W	 +   5.319W	1993 Nov  9	P	-
A03874	1984-080	GMS 3 VISSR Cover	1984 Aug  2	1984 Aug 15?	1984 Aug 15	    1436.143 	   35782.0 	 	   35793.0 	 	  1.80 	 	GEO/S	-	-	1984 Aug  2 2030	C	-
S17875	1984-090F	Blok DM No. 51L	1984 Aug 24	1984 Aug 25	2026 Oct  8 1035	    1422.035 	   35447.4 	 	   35574.4 	 	  7.53 	 	GEO/ID	 60.17W	 +   3.562E	1984 Aug 24 1950	R	-
S15219	1984-090A	Ekran	1984 Aug 24	1984 Aug 25	2026 Oct  7 1932	    1499.604 	   36948.9 	 	   37092.4 	 	 10.66 	 	GEO/ID	 15.53E	 +  15.294W	1987 Apr?	P	-
S15235	1984-093B	HGS-5	1984 Aug 30	1984 Sep  1	2026 Oct  8 0513	    1458.063 	   36188.1 	 	   36242.8 	 	 13.48 	 	GEO/ID	108.89W	 +   5.445W	2005 Sep 30	P	-
S15237	1984-093D	Telstar 302	1984 Aug 30	1984 Sep  3	2026 Oct  8 1153	    1443.098 	   35906.1 	 	   35940.9 	 	 14.07 	 	GEO/ID	139.58E	 +   1.758W	1997 Sep  5	P	-
S15236	1984-093C	Leasat 2	1984 Aug 30	1984 Sep  4	2026 Oct  3 1212	    1477.594 	   36455.4 	 	   36734.6 	 	 10.59 	 	GEO/ID	 62.16W	 +  10.145W	1996 Oct 10	P	-
S15308	1984-101A	Galaxy 3	1984 Sep 21	1984 Sep 22	2026 Oct  5 0757	    1442.402 	   35895.4 	 	   35924.4 	 	 14.04 	 	GEO/ID	130.71W	 +   1.585W	1995 Oct  3	P	-
S15386	1984-114B	Marecs 2	1984 Nov 10	1984 Nov 11	2026 Oct  7 2245	    1501.096 	   36573.6 	 	   37525.3 	 	 13.36 	 	VHEO	 29.20W	 +  15.638W	2002 Jan	P	-
S15383	1984-113B	Arabsat 1D	1984 Nov  8	1984 Nov 12	2026 Oct  8 0245	    1455.946 	   36072.1 	 	   36276.3 	 	 13.51 	 	GEO/ID	 93.13E	 +   4.928W	1995 Feb	P	-
S15384	1984-113C	Leasat 1	1984 Nov  8	1984 Nov 13	2026 Oct  8 0557	    1461.285 	   36139.0 	 	   36417.4 	 	 11.30 	 	GEO/ID	 45.57E	 +   6.229W	1992 Sep 26	P	-
S15385	1984-114A	Zhongxing 5R	1984 Nov 10	1984 Nov 13	2026 Oct  3 2125	    1443.394 	   35905.3 	 	   35953.4 	 	 14.64 	 	GEO/ID	  5.21E	 +   1.832W	1998 Jun	P	-
A03965	1984-114	Solar array restraint cable	1984 Nov 10	1984 Nov 14?	1984 Nov 14	    1441.664 	   35521.0 	 	   36270.0 	 	  0.10 	 	GEO/D	-	-	1984 Nov 10 0114	C	-
S15391	1984-115A	NATO 3D	1984 Nov 14	1984 Nov 16	2026 Oct  8 1440	    1516.515 	   36914.7 	 	   37778.0 	 	 14.27 	 	VHEO	 98.98E	 +  19.149W	2003 Apr?	P	-
S15454	1984-129B	Transtage D-13	1984 Dec 22	1984 Dec 22	2026 Sep 24 2222	    1423.592 	   35513.3 	 	   35569.6 	 	 10.13 	 	GEO/ID	 24.25W	 +   3.164E	1984 Dec 22 0002	R	-
S15453	1984-129A	DSP F12	1984 Dec 22	1984 Dec 22	2026 Oct  8 1152	    1456.621 	   36169.6 	 	   36205.2 	 	 11.31 	 	GEO/ID	145.75E	 +   5.093W	1994?	P	-
A03975	1984-129	DSP 6R Aperture Cover	1984 Dec 22	1984 Dec 23?	1984 Dec 23	    1436.015 	   35780.0 	?	   35790.0 	?	  1.00 	?	GEO/S	-	-	1984 Dec 22 0002	C	-
S15487	1985-007D	Blok DM No. 52L	1985 Jan 18	1985 Jan 18	2026 Sep 15 2038	    1397.732 	   34955.7 	 	   35108.9 	 	  7.57 	 	GEO/ID	  8.93E	 +   9.901E	1985 Jan 18 1025	R	-
S15484	1985-007A	Gorizont	1985 Jan 18	1985 Jan 18	2026 Oct  8 1219	    1437.161 	   35789.3 	 	   35825.6 	 	  8.96 	 	GEO/ID	 52.45W	 +   0.274W	1991 Sep  2	P	-
S15543	1985-010B	USA 8	1985 Jan 24	1985 Jan 25?	2026 Oct  8 0551	    1442.662 	   35401.5 	 	   36428.5 	 	 12.45 	 	GEO/ID	 24.32E	 +   1.650W	2010?	P	-
S15545	1985-010D	IUS-11 SRM-2	1985 Jan 24	1985 Jan 25?	2026 Sep 17 1902	    1428.349 	   35508.8 	 	   35760.8 	 	 12.59 	 	GEO/ID	 29.13E	 +   1.951E	1985 Jan 24 1950	C	-
S15561	1985-015B	Brasilsat 1	1985 Feb  8	1985 Feb  9	2026 Oct  8 0429	    1446.573 	   35972.7 	 	   36010.1 	 	 14.05 	 	GEO/ID	123.34W	 +   2.621W	2002 Mar  9	P	-
S15560	1985-015A	Arabsat 1A	1985 Feb  8	1985 Feb 11	2026 Oct  7 1935	    1437.178 	   35653.6 	 	   35961.9 	 	 11.71 	 	GEO/ID	 24.38E	 +   0.279W	1992 Jul 31	P	-
S15581	1985-016F	Blok DM No. 49L	1985 Feb 21	1985 Feb 21	2026 Oct  8 1144	    1448.557 	   35918.7 	 	   36141.6 	 	  9.45 	 	GEO/ID	138.44E	 +   3.112W	1985 Feb 21 0756	R	-
S15574	1985-016A	Kosmos-1629	1985 Feb 21	1985 Feb 21	2026 Oct  8 0503	    1434.859 	   35728.4 	 	   35796.3 	 	  8.93 	 	GEO/ID	144.50W	 +   0.304E	1986 Oct?	P	-
S15630	1985-024D	Blok DM No. 53L	1985 Mar 22	1985 Mar 22	2026 Oct  8 1149	    1422.546 	   35458.6 	 	   35583.2 	 	  7.95 	 	GEO/ID	142.47E	 +   3.431E	1985 Mar 22 0500	R	-
S15626	1985-024A	Ekran	1985 Mar 22	1985 Mar 22	2026 Oct  8 0508	    1519.029 	   37309.3 	 	   37480.0 	 	 11.76 	 	VHEO	104.23W	 +  19.715W	1987 Nov?	P	-
S15629	1985-025A	INTELSAT 510	1985 Mar 22	1985 Mar 24	2026 Oct  8 0959	    1465.156 	   36230.3 	 	   36476.7 	 	 13.66 	 	GEO/ID	175.61E	 +   7.167W	1999 Jul 10	P	-
S15642	1985-028B	Brasil 1(T)	1985 Apr 12	1985 Apr 14	2026 Oct  8 0515	    1444.934 	   35902.2 	 	   36016.6 	 	 14.74 	 	GEO/ID	100.14W	 +   2.215W	2003 May  3	P	-
S15678	1985-035B	Telecom 1B	1985 May  8	1985 May  9	2026 Oct  8 0902	    1435.665 	   35766.1 	 	   35790.2 	 	  9.96 	 	GEO/I	 26.25W	 +   0.101E	1988 Jan 15	P	-
S15677	1985-035A	Gstar 1	1985 May  8	1985 May 11	2026 Oct  8 0750	    1436.091 	   35770.1 	 	   35802.9 	 	 14.28 	 	GEO/I	106.16W	 +   0.006W	1997?	P	-
A04058	1985-035	Solar array restraint cable	1985 May  8	1985 May 12?	1985 May 12	    1451.266 	   35858.0 	 	   36308.0 	 	  0.70 	 	GEO/D	-	-	1985 May  8 0115	C	-
S15824	1985-048B	Morelos 1	1985 Jun 17	1985 Jun 18	2026 Oct  6 2143	    1447.637 	   36000.7 	 	   36023.7 	 	 13.87 	 	GEO/ID	  4.67E	 +   2.885W	1994 Mar  4	P	-
S15826	1985-048D	Telstar 303	1985 Jun 17	1985 Jun 20	2026 Oct  8 0509	    1441.879 	   35877.3 	 	   35922.1 	 	 14.14 	 	GEO/ID	120.84W	 +   1.455W	1999 Feb  4	P	-
S15825	1985-048C	Arabsat 1B	1985 Jun 17	1985 Jun 21	2026 Oct  8 1201	    1434.488 	   35706.6 	 	   35803.5 	 	 12.26 	 	GEO/ID	163.11E	 +   0.398E	1993 Apr  3	P	-
S15873	1985-055A	INTELSAT 511	1985 Jun 30	1985 Jul  1	2026 Oct  7 1801	    1438.896 	   35800.5 	 	   35882.2 	 	 13.10 	 	GEO/ID	 54.79E	 +   0.709W	2003 Aug 28	P	-
S15963	1985-070F	Blok DM No. 55L	1985 Aug  8	1985 Aug  9	2026 Oct  8 0242	    1472.351 	   36449.8 	 	   36536.8 	 	 10.61 	 	GEO/ID	 80.35E	 +   8.896W	1985 Aug  8 2101	R	-
S15946	1985-070A	Raduga	1985 Aug  8	1985 Aug  9	2026 Oct  8 0501	    1435.038 	   35751.9 	 	   35779.9 	 	  9.22 	 	GEO/ID	149.44W	 +   0.259E	1988 Oct?	P	-
S15994	1985-076C	ASC 1	1985 Aug 27	1985 Aug 31	2026 Oct  8 0337	    1435.735 	   35774.1 	 	   35784.9 	 	 13.73 	 	GEO/I	 86.37W	 +   0.084E	1994 Aug	P	-
A04135	1985-076	Solar array restraint cable	1985 Aug 27	1985 Sep  1?	1985 Sep  1	    1472.028 	   36043.0 	 	   36931.0 	 	  0.93 	 	GEO/D	-	-	1985 Aug 27 1058	C	-
S15993	1985-076B	Optus A1	1985 Aug 27	1985 Sep  1	2026 Oct  8 0332	    1443.459 	   35917.9 	 	   35943.2 	 	 13.20 	 	GEO/ID	 69.60W	 +   1.848W	1993 Aug 24	P	-
S15995	1985-076D	Leasat 4	1985 Aug 27	1985 Sep  3	2026 Oct  8 1220	    1472.395 	   36461.8 	 	   36526.4 	 	  9.93 	 	GEO/ID	 48.64W	 +   8.906W	1996 Oct 30	P	-
S16101	1985-087A	INTELSAT 512	1985 Sep 28	1985 Oct  1	2026 Oct  7 1742	    1452.903 	   36066.3 	 	   36163.5 	 	 14.03 	 	GEO/ID	 80.09E	 +   4.183W	1998 Jun 23?	P	-
S16119	1985-092E	IUS-12 SRM-2	1985 Oct  3	1985 Oct  4	2026 Oct  8 0208	    1424.470 	   35322.2 	 	   35795.2 	 	  9.85 	 	GEO/ID	 95.13W	 +   2.939E	1985 Oct  3 1515	C	-
S16116	1985-092B	DSCS III B-4	1985 Oct  3	1985 Oct  4	2026 Oct  8 1515	    1449.811 	   36037.8 	 	   36071.4 	 	 14.32 	 	GEO/ID	102.75E	 +   3.422W	2007?	P	-
S16117	1985-092C	DSCS III B-5	1985 Oct  3	1985 Oct  4	2026 Oct  2 2128	    1454.671 	   36132.6 	 	   36166.2 	 	 14.24 	 	GEO/ID	  7.15E	 +   4.616W	2007?	P	-
S16214	1985-102D	Blok DM-2 No. 9L	1985 Oct 25	1985 Oct 25	2026 Oct  8 1520	    1430.955 	   35605.5 	 	   35766.2 	 	  9.26 	 	GEO/ID	103.70E	 +   1.290E	1985 Oct 25 1545	R	-
S16199	1985-102A	Kosmos-1700	1985 Oct 25	1985 Oct 25	2026 Oct  8 1507	    1435.951 	   35756.3 	 	   35811.2 	 	  9.53 	 	GEO/I	 93.85E	 +   0.030E	1986 Aug	P	-
S40924	1985-102G	Al'tair 11 part	1985 Oct 25	?	2026 Oct  8 0416	    1435.735 	   35688.1 	 	   35871.0 	 	  9.51 	 	GEO/I	 50.73E	 +   0.084E	1985 Oct 25 1545	C	-
S15643	1985-028C	Leasat 3	1985 Apr 12	1985 Oct 31	2026 Oct  8 1213	    1485.115 	   36393.0 	 	   37088.4 	 	 11.01 	 	GEO/ID	 76.18W	 +  11.922W	1996 Sep 30	P	-
S16339	1985-107F	Blok DM No. 56L	1985 Nov 15	1985 Nov 15	2026 Sep 15 2045	    1477.003 	   36510.7 	 	   36656.4 	 	 10.94 	 	GEO/ID	 34.38E	 +  10.005W	1985 Nov 15 1429	R	-
S16250	1985-107A	Raduga	1985 Nov 15	1985 Nov 15	2026 Oct  8 0551	    1437.711 	   35758.1 	 	   35878.3 	 	  9.42 	 	GEO/ID	 23.96E	 +   0.413W	1992 Dec 18	P	-
S16274	1985-109B	Satmex 2	1985 Nov 27	1985 Nov 29	2026 Oct  8 0028	    1446.246 	   35963.7 	 	   36006.3 	 	 14.76 	 	GEO/ID	 27.32W	 +   2.540W	2004 Jun 14	P	-
S16275	1985-109C	Optus A2	1985 Nov 27	1985 Dec  1	2026 Oct  8 0615	    1440.756 	   35854.7 	 	   35900.8 	 	 13.27 	 	GEO/ID	 47.19W	 +   1.174W	2001 May  1	P	-
S16276	1985-109D	Satcom K2	1985 Nov 27	1985 Dec  1	2026 Oct  7 2254	    1445.577 	   35913.9 	 	   36030.0 	 	 14.69 	 	GEO/ID	  3.68E	 +   2.375W	2002 Feb 28	P	-
S16482	1986-003B	Satcom K1	1986 Jan 12	1986 Jan 15	2026 Oct  1 1957	    1446.421 	   35959.4 	 	   36017.4 	 	 14.66 	 	GEO/ID	 37.01E	 +   2.584W	1997 Jul	P	-
S16870	1986-007F	Blok DM No.57L	1986 Jan 17	1986 Jan 17	2026 Sep 21 0112	    1472.392 	   36361.0 	 	   36627.1 	 	 10.91 	 	GEO/ID	 56.15W	 +   8.905W	1986 Jan 17 1020	R	-
S16497	1986-007A	Raduga	1986 Jan 17	1986 Jan 17	2026 Oct  7 0421	    1457.323 	   35900.3 	 	   36501.8 	 	 10.34 	 	GEO/ID	120.04W	 +   5.265W	1991 Dec  4	P	-
S16526	1986-010A	Shiyong Tongbu Tongxin Wx.	1986 Feb  1	1986 Feb  3	2026 Oct  8 0556	    1436.799 	   35782.9 	 	   35817.8 	 	 10.44 	 	GEO/ID	 57.69E	 +   0.184W	1990 May?	P	-
S16597	1986-016A	Yuri 2B	1986 Feb 12	1986 Feb 15	2026 Oct  6 2116	    1450.249 	   35995.2 	 	   36131.1 	 	 12.14 	 	GEO/ID	  6.59E	 +   3.530W	1991 Oct 24	P	-
S16650	1986-026B	Brasilsat 2	1986 Mar 28	1986 Mar 29	2026 Sep 28 0344	    1445.222 	   35947.8 	 	   35982.2 	 	 14.50 	 	GEO/ID	 72.45W	 +   2.286W	2004 Feb 26?	P	-
S16649	1986-026A	Gstar 2	1986 Mar 28	1986 Mar 31	2026 Oct  7 2249	    1442.843 	   35912.4 	 	   35924.7 	 	 14.14 	 	GEO/ID	 16.28W	 +   1.695W	1997 Aug 20	P	-
A04278	1986-026	Solar array restraint cable	1986 Mar 28	1986 Apr  1?	1986 Apr  1	    1417.485 	   34815.0 	 	   36028.0 	 	  0.60 	 	GEO/D	-	-	1986 Mar 28 2330	C	-
S16676	1986-027F	Blok DM No. 59L	1986 Apr  4	1986 Apr  4	2026 Aug 28 1821	    1474.060 	   36376.0 	 	   36676.9 	 	 11.62 	 	GEO/ID	 59.95E	 +   9.304W	1986 Apr  4 0345	R	-
S16667	1986-027A	Kosmos-1738	1986 Apr  4	1986 Apr  4	2026 Oct  3 1938	    1436.040 	   35736.5 	 	   35834.5 	 	 10.08 	 	GEO/I	  6.93W	 +   0.007E	1989 Jul	P	-
S16732	1986-038D	Blok DM No. 64L	1986 May 24	1986 May 24	2026 Oct  8 0820	    1420.537 	   35397.9 	 	   35565.1 	 	  8.53 	 	GEO/ID	171.58W	 +   3.947E	1986 May 24 0142	R	-
S16729	1986-038A	Ekran	1986 May 24	1986 May 24	2026 Oct  8 0229	    1491.513 	   36823.3 	 	   36905.6 	 	 11.28 	 	GEO/ID	105.84E	 +  13.419W	1988 Jan 18	P	-
S16797	1986-044F	Blok DM No. 60L	1986 Jun 10	1986 Jun 10	2026 Oct  7 2246	    1474.333 	   36489.9 	 	   36573.5 	 	 11.22 	 	GEO/ID	 25.78W	 +   9.369W	1986 Jun 10 0049	R	-
S16769	1986-044A	Gorizont	1986 Jun 10	1986 Jun 10	2026 Oct  8 1524	    1436.481 	   35771.5 	 	   35816.7 	 	  9.87 	 	GEO/I	106.53E	 +   0.104W	1991 Jan 23	P	-
S17065	1986-082F	Blok DM No. 62L	1986 Oct 25	1986 Oct 25	2026 Oct  7 1759	    1475.443 	   36440.7 	 	   36665.8 	 	 11.45 	 	GEO/ID	 48.61E	 +   9.633W	1986 Oct 25 1543	R	-
S17046	1986-082A	Raduga	1986 Oct 25	1986 Oct 25	2026 Oct  6 1916	    1462.539 	   36258.3 	 	   36346.9 	 	 11.00 	 	GEO/ID	 89.63E	 +   6.533W	1993 Sep 30	P	-
S17125	1986-090D	Blok DM No. 58L	1986 Nov 18	1986 Nov 18	2026 Oct  8 1305	    1437.172 	   35771.0 	 	   35844.3 	 	 10.17 	 	GEO/ID	108.39E	 +   0.277W	1986 Nov 18 1408	R	-
S17083	1986-090A	Gorizont	1986 Nov 18	1986 Nov 18	2026 Oct  8 0722	    1488.730 	   36742.1 	 	   36879.1 	 	 12.10 	 	GEO/ID	154.39W	 +  12.769W	1991 Apr 18	P	-
S17181	1986-096A	FLTSATCOM F7	1986 Dec  5	1986 Dec  7	2026 Oct  6 1916	    1455.635 	   35991.2 	 	   36345.1 	 	 12.61 	 	GEO/ID	 89.88E	 +   4.852W	2019 Mar 29	P	-
S17561	1987-022A	GOES 7	1987 Feb 26	1987 Feb 27	2026 Oct  8 0200	    1441.471 	   35883.8 	 	   35899.7 	 	 12.83 	 	GEO/ID	 64.10W	 +   1.353W	2012 Apr 12	P	-
A04396	1987-022	GOES 7 VAS Cover	1987 Feb 26	1987 Mar  5?	1987 Mar  5	    1437.139 	   35579.0 	 	   36035.0 	 	  0.60 	 	GEO/D	-	-	1987 Feb 26 2305	C	-
S17705	1987-028D	Blok DM No. 63L	1987 Mar 19	1987 Mar 19	2026 Oct  8 0243	    1441.972 	   35796.2 	 	   36006.8 	 	 10.96 	 	GEO/ID	 84.58E	 +   1.478W	1987 Mar 19 0354	R	-
S17611	1987-028A	Raduga	1987 Mar 19	1987 Mar 19	2026 Sep 29 2137	    1500.598 	   36924.6 	 	   37155.1 	 	 13.16 	 	VHEO	  7.80E	 +  15.523W	1991 Dec	P	-
S17706	1987-029A	Agila 1	1987 Mar 20	1987 Mar 21	2026 Oct  8 0824	    1441.223 	   35883.9 	 	   35889.9 	 	 14.33 	 	GEO/ID	159.82W	 +   1.291W	1998 Jan 18	P	-
S17972	1987-040D	Blok DM No. 61L	1987 May 11	1987 May 11	2026 Oct  8 0743	    1397.867 	   34958.9 	 	   35111.0 	 	  7.47 	 	GEO/ID	170.74E	 +   9.865E	1987 May 11 1445	R	-
S17969	1987-040A	Gorizont	1987 May 11	1987 May 11	2026 Oct  8 0739	    1474.514 	   36411.8 	 	   36658.7 	 	 10.54 	 	GEO/ID	 59.00W	 +   9.412W	1992 Jun 25	P	-
S18316	1987-070A	Kiku 5	1987 Aug 27	1987 Aug 30	2026 Oct  8 0322	    1449.714 	   36047.3 	 	   36058.2 	 	 12.67 	 	GEO/ID	 99.52W	 +   3.398W	1997 Sep 10?	P	-
S18331	1987-073D	Blok DM No. 65L	1987 Sep  3	1987 Sep  4	2026 Oct  8 0901	    1420.383 	   35412.8 	 	   35544.1 	 	  9.40 	 	GEO/ID	 28.99W	 +   3.986E	1987 Sep  3 1926	R	-
S18328	1987-073A	Ekran	1987 Sep  3	1987 Sep  4	2026 Oct  6 0057	    1492.467 	   36854.9 	 	   36910.9 	 	 12.10 	 	GEO/ID	115.19E	 +  13.641W	1989 Oct  6	P	-
S18350	1987-078A	Optus A3	1987 Sep 16	1987 Sep 17	2026 Oct  8 1200	    1455.951 	   36155.2 	 	   36193.4 	 	 14.36 	 	GEO/ID	115.81W	 +   4.930W	2008 Mar 30	P	-
S18351	1987-078B	Eutelsat I F-4	1987 Sep 16	1987 Sep 17	2026 Oct  7 1936	    1459.125 	   36202.7 	 	   36269.6 	 	 13.75 	 	GEO/ID	 29.11E	 +   5.704W	2002 Dec  1	P	-
S18387	1987-084D	Blok DM-2 No. 14L	1987 Oct  1	1987 Oct  1	2026 Sep 15 2046	    1439.415 	   35724.2 	 	   35978.9 	 	 10.83 	 	GEO/ID	 36.82E	 +   0.839W	1987 Oct  1 1709	R	-
S18384	1987-084A	Kosmos-1888	1987 Oct  1	1987 Oct  1	2026 Oct  8 0551	    1437.101 	   35791.7 	 	   35820.8 	 	 10.64 	 	GEO/ID	 24.23E	 +   0.260W	1994 Sep	P	-
S18446	1987-091D	Blok DM-2 No. 28L	1987 Oct 28	1987 Oct 28	2026 Oct  8 0242	    1437.933 	   35722.4 	 	   35922.7 	 	 10.63 	 	GEO/ID	 81.51E	 +   0.468W	1987 Oct 28 1515	R	-
S18443	1987-091A	Kosmos-1894	1987 Oct 28	1987 Oct 28	2026 Oct  8 0024	    1436.878 	   35788.3 	 	   35815.5 	 	 10.60 	 	GEO/ID	 42.18W	 +   0.203W	1991 Nov?	P	-
S18570	1987-095A	TV-SAT	1987 Nov 21	1987 Nov 26?	2026 Oct  1 0248	    1455.740 	   35911.7 	 	   36428.7 	 	 11.11 	 	GEO/ID	 70.78W	 +   4.878W	1989 Feb?	P	-
S18578	1987-096D	Blok DM-2 No. 29L	1987 Nov 26	1987 Nov 26	2026 Oct  8 1200	    1432.045 	   35607.6 	 	   35806.9 	 	 10.66 	 	GEO/ID	153.06E	 +   1.014E	1987 Nov 26 1328	R	-
S18575	1987-096A	Kosmos-1897	1987 Nov 26	1987 Nov 26	2026 Oct  8 1508	    1436.093 	   35761.6 	 	   35811.4 	 	 10.87 	 	GEO/I	 97.28E	 +   0.006W	1992 Oct?	P	-
S44572	1987-096G	Al'tair 12 part	1987 Nov 26	1987 Nov 26	2026 Oct  7 1931	    1433.440 	   35634.2 	 	   35834.9 	 	 10.72 	 	GEO/ID	 10.91E	 +   0.662E	1987 Nov 26 1328	C	-
S18584	1987-097B	Transtage D-14	1987 Nov 29	1987 Nov 29	2026 Sep 30 2346	    1422.408 	   35479.4 	 	   35557.1 	 	 10.69 	 	GEO/ID	 33.41W	 +   3.467E	1987 Nov 29 0327	R	-
S18583	1987-097A	DSP F13	1987 Nov 29	1987 Nov 29	2026 Oct  8 1522	    1463.615 	   36203.3 	 	   36443.8 	 	 11.96 	 	GEO/ID	107.03E	 +   6.794W	2005?	P	-
A04472	1987-097	DSP 5R Aperture Cover	1987 Nov 29	1987 Nov 30?	1987 Dec  1	    1431.675 	   35600.0 	?	   35800.0 	?	  2.00 	?	GEO/D	-	-	1987 Nov 29 0327	C	-
S18634	1987-100D	Blok DM-2 No. 30L	1987 Dec 10	1987 Dec 10	2026 Oct  6 2251	    1392.648 	   34858.1 	 	   35005.5 	 	  9.56 	 	GEO/ID	 20.20W	 +  11.255E	1987 Dec 10 1130	R	-
S18631	1987-100A	Raduga	1987 Dec 10	1987 Dec 10	2026 Oct  8 1217	    1435.401 	   35764.6 	 	   35781.3 	 	 11.15 	 	GEO/ID	 60.83W	 +   0.168E	1997 Sep 30	P	-
S18718	1987-109D	Blok DM-2 No. 31L	1987 Dec 27	1987 Dec 27	2026 Oct  8 0023	    1428.123 	   35341.8 	 	   35919.0 	 	 10.74 	 	GEO/ID	 45.42W	 +   2.008E	1987 Dec 27 1125	R	-
S18715	1987-109A	Ekran-M	1987 Dec 27	1987 Dec 27	2026 Oct  8 1534	    1501.836 	   36866.6 	 	   37260.9 	 	 13.36 	 	VHEO	113.75E	 +  15.808W	1993 Jan	P	-
S18877	1988-012A	Sakura 3A	1988 Feb 19	1988 Feb 21	2026 Oct  8 1158	    1467.331 	   36357.9 	 	   36433.6 	 	 15.20 	 	GEO/ID	141.86E	 +   7.691W	1996 Sep 28	P	-
S18922	1988-014A	Zhongxing 1	1988 Mar  7	1988 Mar  9	2026 Oct  7 1446	    1435.978 	   35764.5 	 	   35804.0 	 	 13.17 	 	GEO/I	 89.10E	 +   0.023E	1997 Jul	P	-
S18952	1988-018B	Telecom 1C	1988 Mar 11	1988 Mar 13?	2026 Oct  8 1139	    1469.988 	   36025.7 	 	   36869.1 	 	 15.04 	 	GEO/ID	166.29E	 +   8.330W	1996 Feb 13	P	-
S18951	1988-018A	Spacenet 3R	1988 Mar 11	1988 Mar 15	2026 Oct  8 0329	    1444.937 	   35935.1 	 	   35983.8 	 	 14.72 	 	GEO/ID	 77.88W	 +   2.216W	1999 Dec	P	-
A04527	1988-018	Solar array restraint cable	1988 Mar 11	1988 Mar 16?	1988 Mar 16	    1429.660 	   35547.0 	 	   35774.0 	 	  0.06 	 	GEO/D	-	-	1988 Mar 11 2328	C	-
S19020	1988-028D	Blok DM No. 54L	1988 Mar 31	1988 Mar 31	2026 Aug 28 1959	    1472.646 	   36417.6 	 	   36580.4 	 	 12.63 	 	GEO/ID	 43.43E	 +   8.966W	1988 Mar 31 0418	R	-
S19017	1988-028A	Gorizont	1988 Mar 31	1988 Mar 31	2026 Oct  8 0305	    1471.988 	   36342.5 	 	   36630.0 	 	 12.58 	 	GEO/ID	 89.79W	 +   8.809W	1992 Sep 14	P	-
S19076	1988-034D	Blok DM-2 No. 12L	1988 Apr 26	1988 Apr 26	2026 Oct  8 1532	    1438.622 	   35737.8 	 	   35934.2 	 	 11.12 	 	GEO/ID	113.10E	 +   0.641W	1988 Apr 26 0315	R	-
S19073	1988-034A	Kosmos-1940	1988 Apr 26	1988 Apr 26	2026 Oct  8 1217	    1430.466 	   35582.6 	 	   35770.1 	 	 10.82 	 	GEO/ID	 60.58W	 +   1.414E	1988 Sep	P	-
S19094	1988-036E	Blok DM No. 66L	1988 May  6	1988 May  6	2026 Sep 29 0404	    1424.057 	   35460.2 	 	   35641.0 	 	 10.00 	 	GEO/ID	 86.69W	 +   3.045E	1988 May  6 0247	R	-
S19090	1988-036A	Ekran	1988 May  6	1988 May  6	2026 Oct  8 0200	    1512.918 	   37240.7 	 	   37313.7 	 	 13.25 	 	VHEO	 65.84W	 +  18.337W	1990 Dec 27	P	-
S19121	1988-040A	NSS 513	1988 May 17	1988 May 19	2026 Oct  8 1306	    1460.828 	   36226.9 	 	   36311.7 	 	 14.63 	 	GEO/ID	146.86E	 +   6.118W	2003 Jul 15	P	-
S19215	1988-051A	Meteosat 3	1988 Jun 15	1988 Jun 17	2026 Oct  3 2300	    1485.323 	   36729.6 	 	   36759.9 	 	 14.27 	 	GEO/ID	 19.64W	 +  11.971W	1995 Nov 22	P	-
S43333	1988-051G	Mage 1	1988 Jun 15	1988 Jun 17	2026 Sep 23 0228	    1446.734 	   35752.3 	 	   36236.7 	 	 11.84 	 	GEO/ID	 69.57W	 +   2.661W	1988 Jun 15 1119	C	-
S19217	1988-051C	PAS 1	1988 Jun 15	1988 Jun 17	2026 Oct  8 0516	    1448.846 	   36025.3 	 	   36046.3 	 	 14.62 	 	GEO/ID	 97.74W	 +   3.184W	2001 Jul 10?	P	-
A04552	1988-051	Solar array restraint cable	1988 Jun 15	1988 Jun 18?	1988 Jun 18	    1441.178 	   35611.0 	 	   36161.0 	 	  0.07 	 	GEO/D	-	-	1988 Jun 15 1119	C	-
A04556	1988-051	Meteosat 3 MVIRI cover	1988 Jun 15	1988 Jun 29?	1988 Jun 29	    1432.594 	   35687.0 	 	   35749.0 	 	  1.50 	 	GEO/D	-	-	1988 Jun 15 1119	C	-
A04557	1988-051	Meteosat 3 cooler cover	1988 Jun 15	1988 Jun 29?	1988 Jun 29	    1432.594 	   35687.0 	 	   35749.0 	 	  1.50 	 	GEO/D	-	-	1988 Jun 15 1119	C	-
S19331	1988-063B	Eutelsat I F-5	1988 Jul 21	1988 Jul 23	2026 Oct  7 2252	    1466.891 	   36338.5 	 	   36435.9 	 	 14.49 	 	GEO/ID	  4.84W	 +   7.585W	2000 Jul	P	-
S19330	1988-063A	Insat 1C	1988 Jul 21	1988 Jul 24?	2026 Oct  5 1808	    1436.425 	   35761.7 	 	   35824.4 	 	 11.18 	 	GEO/I	 58.59E	 +   0.090W	1989 Nov 22	P	-
S19347	1988-066D	Blok DM-2 No. 33L	1988 Aug  1	1988 Aug  2	2026 Aug 28 0232	    1459.564 	   36109.2 	 	   36380.1 	 	 12.10 	 	GEO/ID	 28.82W	 +   5.811W	1988 Aug  1 2104	R	-
S19344	1988-066A	Kosmos-1961	1988 Aug  1	1988 Aug  2	2026 Oct  8 0240	    1436.263 	   35775.2 	 	   35804.5 	 	 11.33 	 	GEO/I	 75.28E	 +   0.049W	1993 Jun?	P	-
S19400	1988-071D	Blok DM-2 No. 15L	1988 Aug 18	1988 Aug 19	2026 Sep 16 0941	    1432.113 	   35622.3 	 	   35794.9 	 	 11.14 	 	GEO/ID	141.23W	 +   0.997E	1988 Aug 18 1952	R	-
S19397	1988-071A	Gorizont	1988 Aug 18	1988 Aug 19	2026 Oct  8 1301	    1440.305 	   35824.3 	 	   35913.5 	 	 11.39 	 	GEO/ID	123.11E	 +   1.062W	1992 Jan 21	P	-
S19484	1988-081B	SBS 5	1988 Sep  8	1988 Sep 11	2026 Oct  1 2133	    1442.948 	   35894.1 	 	   35947.1 	 	 14.63 	 	GEO/ID	 14.14E	 +   1.721W	2000 Mar 13	P	-
S19508	1988-086A	Sakura 3B	1988 Sep 16	1988 Sep 18	2026 Oct  8 1003	    1451.223 	   36060.2 	 	   36104.1 	 	 14.88 	 	GEO/ID	171.18W	 +   3.770W	1997 Nov 10	P	-
S19550	1988-091D	IUS-7 SRM-2	1988 Sep 29	1988 Sep 30	2026 Aug 27 2230	    1433.017 	   35640.4 	 	   35812.2 	 	 12.13 	 	GEO/ID	 53.56E	 +   0.769E	1988 Sep 29 1537	C	-
S19548	1988-091B	TDRS 3	1988 Sep 29	1988 Sep 30	2026 Oct  3 0531	    1436.169 	   35622.9 	 	   35953.1 	 	 12.52 	 	GEO/I	 48.99W	 +   0.025W	*	P	-
S19777	1988-095F	Blok DM-2 No. 40L	1988 Oct 20	1988 Oct 20	2026 Sep 21 1832	    1470.318 	   36381.5 	 	   36526.1 	 	 12.62 	 	GEO/ID	 33.60E	 +   8.409W	1988 Oct 20 1543	R	-
S19596	1988-095A	Raduga	1988 Oct 20	1988 Oct 20	2026 Oct  7 1935	    1436.859 	   35777.1 	 	   35825.9 	 	 11.42 	 	GEO/ID	 22.86E	 +   0.199W	1998 Jun?	P	-
S19621	1988-098A	TDF 1	1988 Oct 28	1988 Oct 31?	2026 Oct  2 0044	    1451.674 	   36045.4 	 	   36136.5 	 	 14.69 	 	GEO/ID	 36.37W	 +   3.881W	1996 Oct  4	P	-
S19686	1988-108D	Blok DM-2 No. 19L	1988 Dec 10	1988 Dec 10	2026 Sep 18 0259	    1418.467 	   35378.5 	 	   35503.1 	 	 11.04 	 	GEO/ID	 73.09W	 +   4.479E	1988 Dec 10 1154	R	-
S19683	1988-108A	Ekran-M	1988 Dec 10	1988 Dec 10	2026 Oct  6 0828	    1489.869 	   36708.4 	 	   36956.9 	 	 13.47 	 	GEO/ID	166.47W	 +  13.036W	1997 May?	P	-
S19687	1988-109A	Skynet 4B	1988 Dec 11	1988 Dec 12	2026 Oct  8 0200	    1444.769 	   35926.0 	 	   35986.3 	 	 13.00 	 	GEO/ID	 64.61W	 +   2.174W	1998 Jun	P	-
S19688	1988-109B	Astra 1A	1988 Dec 11	1988 Dec 15	2026 Oct  8 0549	    1464.334 	   36273.4 	 	   36401.6 	 	 14.84 	 	GEO/ID	121.33W	 +   6.968W	2004 Dec  7	P	-
S19710	1988-111A	Zhongxing 2	1988 Dec 22	1988 Dec 23?	2026 Oct  7 1939	    1435.971 	   35763.7 	 	   35804.5 	 	 13.99 	 	GEO/I	 37.23E	 +   0.025E	1998 Dec?	P	-
S19776	1989-004F	Blok DM-2 No. 20L	1989 Jan 26	1989 Jan 26	2026 Sep 18 2248	    1469.485 	   36345.8 	 	   36529.4 	 	 12.71 	 	GEO/ID	 39.39E	 +   8.209W	1989 Jan 26 0916	R	-
S19765	1989-004A	Gorizont	1989 Jan 26	1989 Jan 26	2026 Oct  8 1518	    1453.593 	   36046.6 	 	   36210.1 	 	 12.14 	 	GEO/ID	102.34E	 +   4.352W	1997 Feb  8	P	-
S19772	1989-006A	Columbia 515	1989 Jan 27	1989 Jan 29	2026 Oct  8 0025	    1453.013 	   36030.1 	 	   36204.0 	 	 14.89 	 	GEO/ID	 36.54W	 +   4.210W	2002 Nov  6	P	-
S19876	1989-020B	Meteosat 4	1989 Mar  6	1989 Mar  8	2026 Oct  8 0201	    1482.863 	   36597.8 	 	   36796.4 	 	 14.83 	 	GEO/ID	 62.22W	 +  11.392W	1995 Nov  8	P	-
S20800	1989-020E	Mage 1	1989 Mar  6	1989 Mar  8	2026 Oct  8 1000	    1433.835 	   35180.0 	 	   36304.7 	 	 10.86 	 	GEO/ID	178.45E	 +   0.562E	1989 Mar  6 2329	C	-
S19874	1989-020A	JCSAT 1	1989 Mar  6	1989 Mar  9?	2026 Oct  8 1206	    1446.655 	   35974.5 	 	   36011.6 	 	 14.82 	 	GEO/ID	151.40E	 +   2.642W	1998 Aug 21	P	-
S19913	1989-021D	IUS-9 SRM-2	1989 Mar 13	1989 Mar 14	2026 Oct  8 0905	    1431.402 	   35597.2 	 	   35792.1 	 	  8.53 	 	GEO/ID	 14.12W	 +   1.177E	1989 Mar 13 1457	C	-
S19883	1989-021B	TDRS 4	1989 Mar 13	1989 Mar 14	2026 Oct  8 0337	    1462.209 	   36222.5 	 	   36369.9 	 	 12.80 	 	GEO/ID	 85.26W	 +   6.453W	2011 Dec  9	P	-
S19919	1989-027A	Tele-X	1989 Apr  2	1989 Apr  7	2026 Oct  8 1139	    1451.967 	   36057.7 	 	   36135.6 	 	 14.86 	 	GEO/ID	164.60E	 +   3.953W	1998 Jan 13	P	-
S19931	1989-030D	Blok DM-2 No. 22L	1989 Apr 14	1989 Apr 14	2026 Sep 21 2029	    1470.538 	   36383.2 	 	   36533.0 	 	 12.83 	 	GEO/ID	 42.23E	 +   8.462W	1989 Apr 14 0408	R	-
S19928	1989-030A	Raduga	1989 Apr 14	1989 Apr 14	2026 Oct  7 0424	    1437.411 	   35725.7 	 	   35898.9 	 	 11.68 	 	GEO/ID	 70.53E	 +   0.337W	1996 Apr	P	-
A04664	1989-020	Meteosat 4 MVIRI cover	1989 Mar  6	1989 Apr 19?	1989 Apr 19	    1435.913 	   35773.0 	 	   35793.0 	 	  1.08 	 	GEO/S	-	-	1989 Mar  6 2329	C	-
A04665	1989-020	Meteosat 4 cooler cover	1989 Mar  6	1989 Apr 19?	1989 Apr 19	    1435.913 	   35773.0 	 	   35793.0 	 	  1.08 	 	GEO/S	-	-	1989 Mar  6 2329	C	-
S19983	1989-035C	Transtage D-16	1989 May 10	1989 May 11	2026 Oct  1 1943	    1448.360 	   31529.2 	 	   40523.3 	 	  8.26 	 	GEO/NS	 58.68E	 +   3.063W	1989 May 10 1947	R	-
S19976	1989-035A	USA 37	1989 May 10	1989 May 11	2022 Aug 23 2014	    1436.122 	   31806.3 	 	   39767.9 	 	  7.80 	 	GEO/T	 90.70E	 +   0.014W	*	P	-
S20040	1989-041A	Superbird A	1989 Jun  5	1989 Jun  9?	2026 Oct  7 2248	    1443.519 	   35913.1 	 	   35950.3 	 	 12.05 	 	GEO/ID	 17.85W	 +   1.863W	1991 Feb	P	-
S20041	1989-041B	Kopernikus	1989 Jun  5	1989 Jun 10?	2026 Oct  7 2250	    1430.669 	   35618.4 	 	   35742.2 	 	 13.94 	 	GEO/ID	 12.66W	 +   1.362E	1996 Jan	P	-
S20069	1989-046D	IUS-8 SRM-2	1989 Jun 14	1989 Jun 14	2026 Oct  8 0428	    1421.452 	   35315.6 	 	   35683.3 	 	 12.07 	 	GEO/ID	106.46W	 +   3.712E	1989 Jun 14 1318	R	-
S20066	1989-046A	DSP F14	1989 Jun 14	1989 Jun 14	2026 Oct  8 1207	    1457.163 	   36181.5 	 	   36214.3 	 	 12.83 	 	GEO/ID	158.19E	 +   5.226W	2011 Jul	P	-
S20319	1989-046E	DSP 14 Aperture Cover	1989 Jun 14	1989 Jun 15?	1989 Nov 30	    1421.022 	   35115.0 	 	   35867.0 	 	  2.80 	 	GEO/D	-	-	1989 Jun 14 1318	C	-
S20086	1989-048D	Blok DM-2 No. 16L	1989 Jun 21	1989 Jun 22	2026 Oct  2 1629	    1471.022 	   36381.8 	 	   36553.1 	 	 13.02 	 	GEO/ID	 17.55E	 +   8.578W	1989 Jun 21 2335	R	-
S20083	1989-048A	Raduga-1	1989 Jun 21	1989 Jun 22	2026 Oct  8 0501	    1458.854 	   36153.8 	 	   36307.9 	 	 12.61 	 	GEO/ID	122.35W	 +   5.638W	1996 Dec 21	P	-
S20110	1989-052D	Blok DM-2 No. 25L	1989 Jul  5	1989 Jul  6	2026 Oct  8 1038	    1397.250 	   34880.1 	 	   35165.4 	 	 10.51 	 	GEO/ID	 46.56W	 +  10.029E	1989 Jul  5 2245	R	-
S20107	1989-052A	Gorizont	1989 Jul  5	1989 Jul  6	2026 Oct  8 1147	    1448.624 	   35876.1 	 	   36186.8 	 	 12.27 	 	GEO/ID	139.57E	 +   3.129W	1996 Oct	P	-
S20122	1989-053A	Olympus	1989 Jul 12	1989 Jul 13	2026 Oct  8 0332	    1420.554 	   35425.5 	 	   35538.1 	 	 12.12 	 	GEO/ID	 71.18W	 +   3.943E	1993 Aug 23	P	-
S20168	1989-062A	TV-SAT 2	1989 Aug  8	1989 Aug 14	2026 Oct  4 1433	    1442.237 	   35864.0 	 	   35949.4 	 	 14.69 	 	GEO/ID	 42.41E	 +   1.544W	1999 Sep 12	P	-
S19483	1988-081A	Gstar 3	1988 Sep  8	1989 Aug 23?	2026 Oct  8 0331	    1436.088 	   35757.0 	 	   35815.8 	 	 10.90 	 	GEO/I	105.39W	 +   0.005W	1999?	P	-
S20193	1989-067A	Sirius W	1989 Aug 27	1989 Aug 29	2026 Oct  7 1806	    1451.865 	   36083.7 	 	   36105.6 	 	 14.85 	 	GEO/ID	 71.76E	 +   3.928W	2003 May 18	P	-
S20202	1989-069A	DSCS II F-15	1989 Sep  4	1989 Sep  4	2026 Oct  8 0513	    1460.314 	   36173.9 	 	   36344.7 	 	 12.80 	 	GEO/ID	108.88W	 +   5.993W	1999?	P	-
S20203	1989-069B	DSCS III A-2	1989 Sep  4	1989 Sep  4	2026 Sep 30 0949	    1452.837 	   36076.6 	 	   36150.7 	 	 14.76 	 	GEO/ID	 90.95W	 +   4.166W	2005 Jun 10	P	-
S20205	1989-069D	Transtage D-2	1989 Sep  4	1989 Sep  4	2026 Sep 28 0246	    1422.266 	   35221.3 	 	   35809.5 	 	 10.92 	 	GEO/ID	 81.73W	 +   3.503E	1989 Sep  4 0554	R	-
S20217	1989-070A	Himawari 4	1989 Sep  5	1989 Sep  6	2026 Oct  7 1803	    1478.277 	   36417.0 	 	   36799.5 	 	 14.74 	 	GEO/ID	 62.30E	 +  10.307W	2000 Mar 31?	P	-
S20317	1989-070C	Star 27	1989 Sep  5	1989 Sep  6	2026 Oct  7 1939	    1458.048 	   35198.3 	 	   37232.1 	 	 12.49 	 	GEO/ID	 37.67E	 +   5.442W	1989 Sep  5 1911	C	-
A04734	1989-070	GMS 4 VISSR Cover	1989 Sep  5	1989 Sep 22?	1989 Sep 22	    1436.118 	   35719.0 	 	   35855.0 	 	  1.70 	 	GEO/S	-	-	1989 Sep  5 1911	C	-
S20253	1989-077A	FLTSATCOM F8	1989 Sep 25	1989 Sep 26	2026 Oct  8 1135	    1436.252 	   35774.4 	 	   35804.9 	 	 12.39 	 	GEO/I	125.99E	 +   0.046W	*	P	-
S20266	1989-081D	Blok DM-2 No. 27L	1989 Sep 28	1989 Sep 28	2026 Sep 23 0108	    1431.327 	   35585.8 	 	   35800.5 	 	 11.77 	 	GEO/ID	 49.79W	 +   1.196E	1989 Sep 28 1705	R	-
S20263	1989-081A	Gorizont	1989 Sep 28	1989 Sep 28	2026 Oct  7 1758	    1436.787 	   35771.2 	 	   35829.0 	 	 11.96 	 	GEO/ID	 43.86E	 +   0.181W	1998 May  5	P	-
S20315	1989-087A	INTELSAT 602	1989 Oct 27	1989 Oct 31	2026 Oct  2 0047	    1454.411 	   36113.5 	 	   36175.2 	 	 14.38 	 	GEO/ID	 26.67W	 +   4.553W	2012 Aug  1	P	-
S20355	1989-090B	USA 48	1989 Nov 23	1989 Nov 23	2026 Oct  8 0511	    1429.383 	   34456.0 	 	   36854.2 	 	 16.80 	 	GEO/ID	113.58W	 +   1.688E	2014 Feb 27	P	-
S20357	1989-090D	IUS-5 SRM-2	1989 Nov 23	1989 Nov 23	2026 Sep 27 2002	    1446.954 	   34583.1 	 	   37414.5 	 	 17.19 	 	GEO/ID	 34.57E	 +   2.716W	1989 Nov 23 0023	C	-
S20370	1989-098D	Blok DM-2 No. 23L	1989 Dec 15	1989 Dec 15	2026 Aug 31 2304	    1471.557 	   36400.3 	 	   36555.5 	 	 13.56 	 	GEO/ID	  3.46E	 +   8.706W	1989 Dec 15 1130	R	-
S20367	1989-098A	Raduga	1989 Dec 15	1989 Dec 15	2026 Oct  8 1457	    1436.797 	   35784.0 	 	   35816.6 	 	 12.38 	 	GEO/ID	 94.79E	 +   0.183W	1994 Feb?	P	-
S20394	1989-101D	Blok DM-2 No. 34L	1989 Dec 27	1989 Dec 27	2026 Sep 26 0337	    1465.698 	   36313.6 	 	   36414.5 	 	 13.15 	 	GEO/ID	105.20W	 +   7.297W	1989 Dec 27 1110	R	-
S20391	1989-101A	Kosmos-2054	1989 Dec 27	1989 Dec 27	2026 Oct  8 0821	    1435.538 	   35757.8 	 	   35793.5 	 	 12.12 	 	GEO/I	170.37W	 +   0.133E	1997 Mar	P	-
S21648	1989-101G	Al'tair 14 part	1989 Dec 27	1989 Dec 27?	2026 Oct  8 0657	    1471.626 	   36358.4 	 	   36600.0 	 	 13.31 	 	GEO/ID	 49.82W	 +   8.722W	1989 Dec 27 1110	C	-
S20401	1990-001A	Skynet 4A	1990 Jan  1	1990 Jan  3	2026 Oct  8 0939	    1454.592 	   36085.5 	 	   36210.2 	 	 12.46 	 	GEO/ID	125.79W	 +   4.597W	2005 Jun 29	P	-
S20402	1990-001B	JCSAT 2	1990 Jan  1	1990 Jan  4?	2026 Oct  6 0840	    1461.376 	   36031.6 	 	   36528.3 	 	 16.04 	 	GEO/ID	124.69W	 +   6.251W	2002 Jul  4	P	-
S20410	1990-002B	Leasat 5	1990 Jan  9	1990 Jan 14	2026 Oct  7 0158	    1445.840 	   35968.0 	 	   35986.2 	 	 11.08 	 	GEO/ID	 53.08W	 +   2.440W	2015 Sep 30	P	-
S20473	1990-011A	Zhongxing 3	1990 Feb  4	1990 Feb  6	2026 Oct  6 2319	    1436.532 	   35782.4 	 	   35807.8 	 	 14.10 	 	GEO/ID	 93.93E	 +   0.116W	1998 Jul	P	-
S20502	1990-016D	Blok DM-2 No. 41L	1990 Feb 15	1990 Feb 15	2026 Oct  8 1558	    1439.503 	   35675.5 	 	   36031.0 	 	 12.35 	 	GEO/ID	134.30E	 +   0.861W	1990 Feb 15 0752	R	-
S20499	1990-016A	Raduga	1990 Feb 15	1990 Feb 15	2026 Oct  8 0510	    1437.591 	   35788.8 	 	   35842.9 	 	 12.21 	 	GEO/ID	118.86W	 +   0.382W	1997 Dec	P	-
S20558	1990-030A	Asiasat 1	1990 Apr  7	1990 Apr  9	2026 Oct  8 1139	    1450.925 	   36062.1 	 	   36090.6 	 	 14.94 	 	GEO/ID	165.54E	 +   3.696W	2003 Feb 27	P	-
S20570	1990-034A	NewSat-1	1990 Apr 13	1990 Apr 16	2026 Oct  7 1645	    1446.891 	   35958.0 	 	   36037.3 	 	 14.79 	 	GEO/ID	 90.55E	 +   2.700W	2005 Jun 18	P	-
S20643	1990-051A	Insat 1D	1990 Jun 12	1990 Jun 14?	2026 Oct  6 2358	    1436.281 	   35717.7 	 	   35862.7 	 	 14.60 	 	GEO/I	 78.25E	 +   0.053W	2002 May?	P	-
S20662	1990-054D	Blok DM No. 67L	1990 Jun 20	1990 Jun 21	2026 Oct  7 1726	    1432.575 	   35665.6 	 	   35769.7 	 	 12.41 	 	GEO/ID	 56.68E	 +   0.880E	1990 Jun 20 2336	R	-
S20659	1990-054A	Gorizont	1990 Jun 20	1990 Jun 21	2026 Oct  8 1457	    1435.729 	   35751.4 	 	   35807.4 	 	 12.57 	 	GEO/I	 94.00E	 +   0.085E	1999 Feb?	P	-
S20667	1990-056A	INTELSAT 604	1990 Jun 23	1990 Jun 28	2026 Oct  7 0524	    1462.928 	   36286.2 	 	   36334.2 	 	 14.69 	 	GEO/ID	 93.98W	 +   6.628W	2006 Apr  6	P	-
S20696	1990-061D	Blok DM-2 No. 24L	1990 Jul 18	1990 Jul 19	2026 Oct  8 1522	    1437.045 	   35664.0 	 	   35946.3 	 	 12.53 	 	GEO/ID	107.14E	 +   0.245W	1990 Jul 18 2146	R	-
S20693	1990-061A	Kosmos-2085	1990 Jul 18	1990 Jul 19	2026 Oct  5 2004	    1436.006 	   35730.3 	 	   35839.4 	 	 12.57 	 	GEO/I	 70.06E	 +   0.016E	1995 Jan?	P	-
S20706	1990-063B	Kopernikus 2	1990 Jul 24	1990 Jul 30	2026 Sep 30 0234	    1446.474 	   35957.2 	 	   36021.8 	 	 14.61 	 	GEO/ID	 31.03W	 +   2.597W	2001 Aug 17	P	-
S20705	1990-063A	TDF 2	1990 Jul 24	1990 Jul 31	2026 Sep 27 2020	    1460.306 	   36078.1 	 	   36440.2 	 	 15.21 	 	GEO/ID	 26.89E	 +   5.991W	1999 May 26	P	-
S20762	1990-074A	Thor 1	1990 Aug 18	1990 Aug 19	2026 Oct  8 1053	    1451.513 	   36061.4 	 	   36114.2 	 	 14.63 	 	GEO/ID	 71.37W	 +   3.841W	2003 Jan  6	P	-
S20771	1990-077A	Yuri 3A	1990 Aug 28	1990 Aug 30	2026 Oct  6 1632	    1457.346 	   36137.9 	 	   36265.1 	 	 15.62 	 	GEO/ID	 92.83E	 +   5.270W	1998 Apr 20	P	-
S20776	1990-079A	Skynet 4C	1990 Aug 30	1990 Sep  2	2026 Oct  7 1938	    1460.782 	   36258.7 	 	   36278.1 	 	 13.30 	 	GEO/ID	 34.85E	 +   6.107W	*	P	R
S20777	1990-079B	Eutelsat II F-1	1990 Aug 30	1990 Sep  4	2026 Oct  8 0340	    1449.503 	   36022.9 	 	   36074.3 	 	 14.90 	 	GEO/ID	 75.20W	 +   3.346W	2004 Jan	P	-
S20872	1990-091A	SBS 6	1990 Oct 12	1990 Oct 14	2026 Oct  8 1556	    1454.641 	   36114.1 	 	   36183.4 	 	 12.81 	 	GEO/ID	125.79E	 +   4.609W	2009 Feb 19	P	-
S20873	1990-091B	Galaxy 6	1990 Oct 12	1990 Oct 17	2026 Oct  8 1006	    1443.402 	   35899.9 	 	   35959.0 	 	 14.10 	 	GEO/ID	160.71W	 +   1.834W	2003 Jan 15	P	-
S20926	1990-094D	Blok DM-2 No. 35L	1990 Nov  3	1990 Nov  3	2026 Oct  8 0821	    1427.780 	   35484.3 	 	   35763.0 	 	 12.39 	 	GEO/ID	167.26W	 +   2.096E	1990 Nov  3 1440	R	-
S20923	1990-094A	Gorizont	1990 Nov  3	1990 Nov  3	2026 Oct  7 1804	    1437.824 	   35788.2 	 	   35852.6 	 	 12.63 	 	GEO/ID	 64.89E	 +   0.441W	2000 Mar?	P	-
S20918	1990-093A	INMARSAT II F-1	1990 Oct 30	1990 Nov  4	2026 Oct  8 0621	    1456.374 	   36158.7 	 	   36206.4 	 	 13.09 	 	GEO/ID	132.19W	 +   5.033W	2013 Apr 20	P	-
S20932	1990-095D	IUS-6 SRM-2	1990 Nov 13	1990 Nov 13	2026 Oct  8 1222	    1450.771 	   36048.1 	 	   36098.6 	 	 13.77 	 	GEO/ID	138.53E	 +   3.658W	1990 Nov 13 0037	R	-
S20929	1990-095A	DSP F15	1990 Nov 13	1990 Nov 13	2026 Oct  8 0515	    1463.477 	   36311.0 	 	   36330.7 	 	 13.94 	 	GEO/ID	 99.70W	 +   6.761W	2005?	P	-
A04902	1990-095	DSP 15 Aperture Cover	1990 Nov 13	1990 Nov 14?	1990 Nov 14	    1436.015 	   35780.0 	?	   35790.0 	?	  1.00 	?	GEO/S	-	-	1990 Nov 13 0037	C	-
S20963	1990-097B	USA 67	1990 Nov 15	1990 Nov 16	2022 Feb 27 1541	    1460.722 	   36217.3 	 	   36317.2 	 	 15.66 	 	GEO/ID	 45.45W	 +   6.093W	2005?	P	-
S21046	1990-102D	Blok DM-2 No. 45L	1990 Nov 23	1990 Nov 23	2026 Aug 29 1927	    1471.407 	   36392.8 	 	   36557.1 	 	 13.82 	 	GEO/ID	 48.56E	 +   8.670W	1990 Nov 23 1322	R	-
S20953	1990-102A	Gorizont	1990 Nov 23	1990 Nov 23	2026 Oct  8 1552	    1436.904 	   35782.2 	 	   35822.6 	 	 12.62 	 	GEO/ID	126.68E	 +   0.210W	2000 Sep 22	P	-
S20945	1990-100A	Satcom C1	1990 Nov 20	1990 Nov 23	2026 Oct  8 1010	    1451.834 	   36041.7 	 	   36146.4 	 	 13.56 	 	GEO/ID	146.82W	 +   3.920W	2005 Apr 21	P	-
S20946	1990-100B	Gstar 4	1990 Nov 20	1990 Nov 23	2026 Oct  6 2350	    1452.413 	   36078.7 	 	   36132.0 	 	 14.35 	 	GEO/ID	 29.13E	 +   4.062W	2004 Feb  2	P	-
A04917	1990-100	Solar array restraint cable	1990 Nov 20	1990 Nov 24?	1990 Nov 24	    1449.319 	   35694.0 	 	   36396.0 	 	  0.18 	 	GEO/D	-	-	1990 Nov 20 2311	C	-
A04918	1990-100	Solar array restraint cable	1990 Nov 20	1990 Nov 24?	1990 Nov 24	    1421.174 	   35268.0 	 	   35720.0 	 	  0.06 	 	GEO/D	-	-	1990 Nov 20 2311	C	-
S21019	1990-112D	Blok DM-2 No. 48L	1990 Dec 20	1990 Dec 20	2026 Oct  7 1745	    1439.866 	   35751.0 	 	   35969.7 	 	 12.80 	 	GEO/ID	 78.50E	 +   0.952W	1990 Dec 20 1135	R	-
S21016	1990-112A	Raduga	1990 Dec 20	1990 Dec 20	2026 Oct  7 1801	    1435.735 	   35769.0 	 	   35790.0 	 	 12.74 	 	GEO/I	 55.77E	 +   0.084E	1993 Oct	P	-
S21041	1990-116D	Blok DM-2 No. 46L	1990 Dec 27	1990 Dec 27	2026 Aug 28 0233	    1470.225 	   36318.3 	 	   36585.7 	 	 13.86 	 	GEO/ID	 23.03W	 +   8.386W	1990 Dec 27 1108	R	-
S21038	1990-116A	Raduga-1	1990 Dec 27	1990 Dec 27	2026 Oct  7 1802	    1436.691 	   35782.1 	 	   35814.4 	 	 12.78 	 	GEO/ID	 57.30E	 +   0.156W	1996 Jun	P	-
S21047	1991-001A	NATO IVA	1991 Jan  8	1991 Jan 10	2026 Oct  1 2117	    1465.157 	   36323.3 	 	   36383.7 	 	 13.02 	 	GEO/ID	 48.53E	 +   7.167W	2007 Aug 23	P	-
S21056	1991-003B	Eutelsat II F-2	1991 Jan 15	1991 Jan 20	2026 Oct  1 0048	    1455.377 	   36138.7 	 	   36187.6 	 	 14.92 	 	GEO/ID	 32.16W	 +   4.789W	2005 Dec 26?	P	-
S21055	1991-003A	Italsat 1	1991 Jan 15	1991 Jan 25?	2026 Oct  6 1633	    1440.646 	   35838.9 	 	   35912.3 	 	 14.52 	 	GEO/ID	 95.09E	 +   1.147W	2001 Jan	P	-
S21129	1991-010F	Blok DM-2 No. 38L	1991 Feb 14	1991 Feb 14	2026 Oct  8 1255	    1438.272 	   35750.1 	 	   35908.2 	 	 13.08 	 	GEO/ID	116.28E	 +   0.553W	1991 Feb 14 0831	R	-
S21111	1991-010A	Kosmos-2133	1991 Feb 14	1991 Feb 14	2026 Oct  6 2309	    1436.267 	   35762.9 	 	   35817.0 	 	 13.17 	 	GEO/I	 75.65E	 +   0.050W	1995 May	P	-
S21135	1991-014D	Blok DM-2 No. 49L	1991 Feb 28	1991 Feb 28	2026 Sep  1 1949	    1392.217 	   34822.4 	 	   35024.1 	 	 11.78 	 	GEO/ID	 50.74E	 +  11.370E	1991 Feb 28 0530	R	-
S21132	1991-014A	Raduga	1991 Feb 28	1991 Feb 28	2026 Oct  8 1552	    1435.795 	   35773.0 	 	   35788.3 	 	 13.23 	 	GEO/I	126.80E	 +   0.069E	1998 May	P	-
S21140	1991-015B	Meteosat 5	1991 Mar  2	1991 Mar  4	2026 Oct  1 0351	    1462.670 	   36255.1 	 	   36355.1 	 	 14.62 	 	GEO/ID	 92.30W	 +   6.565W	2007 Apr 19	P	-
S21904	1991-015E	Mage 1	1991 Mar  2	1991 Mar  4	2026 Oct  8 0754	    1437.867 	   35145.7 	 	   36496.7 	 	 12.17 	 	GEO/ID	157.96W	 +   0.452W	1991 Mar  2 2336	C	-
S21139	1991-015A	Astra 1B	1991 Mar  2	1991 Mar  8	2026 Oct  7 0703	    1461.795 	   36269.1 	 	   36307.2 	 	 13.51 	 	GEO/ID	 94.72W	 +   6.353W	2006 Jul  5	P	-
S21149	1991-018A	INMARSAT II F-2	1991 Mar  8	1991 Mar 13?	2026 Oct  8 1124	    1458.629 	   36203.7 	 	   36249.3 	 	 12.87 	 	GEO/ID	 73.30W	 +   5.584W	2014 Dec 14	P	-
A04956	1991-015	Meteosat 5 MVIRI cover	1991 Mar  2	1991 Apr  3	1991 Apr  3	    1435.734 	   35770.0 	 	   35789.0 	 	  1.14 	 	GEO/S	-	-	1991 Mar  2 2336	C	-
A04957	1991-015	Meteosat 5 cooler cover	1991 Mar  2	1991 Apr  3	1991 Apr  3	    1435.734 	   35770.0 	 	   35789.0 	 	  1.14 	 	GEO/S	-	-	1991 Mar  2 2336	C	-
S21222	1991-026A	Anik E2	1991 Apr  4	1991 Apr 11	2026 Oct  8 1006	    1452.622 	   36097.9 	 	   36120.9 	 	 14.16 	 	GEO/ID	160.23W	 +   4.114W	2005 Nov 25	P	-
S21227	1991-028A	Spacenet 4	1991 Apr 13	1991 Apr 17	2026 Oct  8 0313	    1446.291 	   35957.9 	 	   36014.0 	 	 13.85 	 	GEO/ID	 76.55W	 +   2.552W	2006 Apr  6	P	-
A04986	1991-028	Solar array restraint cable	1991 Apr 13	1991 Apr 18?	1991 Apr 18	    1436.552 	   35531.0 	 	   36060.0 	 	  0.68 	 	GEO/D	-	-	1991 Apr 13 0009	C	-
S21392	1991-037A	Satcom C5	1991 May 29	1991 Jun  1	2026 Oct  2 2110	    1454.322 	   36110.9 	 	   36174.3 	 	 14.75 	 	GEO/ID	 58.29E	 +   4.531W	2001 Mar 8	P	-
A05008	1991-037	Solar array restraint cable	1991 May 29	1991 Jun  2?	1991 Jun  2	    1400.276 	   34658.0 	 	   35507.0 	 	  0.17 	 	GEO/D	-	-	1991 May 29 2255	C	-
S21536	1991-046D	Blok DM-2 No. 50L	1991 Jul  1	1991 Jul  2	2026 Oct  3 2103	    1426.734 	   35534.6 	 	   35671.7 	 	 12.73 	 	GEO/ID	 28.05E	 +   2.362E	1991 Jul  1 2153	R	-
S21533	1991-046A	Gorizont	1991 Jul  1	1991 Jul  2	2026 Oct  8 1200	    1455.842 	   36138.2 	 	   36206.2 	 	 13.66 	 	GEO/ID	151.47E	 +   4.903W	1992 Jun 24	P	-
S21639	1991-054B	TDRS 5	1991 Aug  2	1991 Aug  3	2026 Oct  8 1004	    1436.095 	   35745.5 	 	   35827.6 	 	 14.06 	 	GEO/I	167.78W	 +   0.007W	*	P	-
S21641	1991-054D	IUS-15 SRM-2	1991 Aug  2	1991 Aug  3	2026 Sep 30 2308	    1435.520 	   35623.2 	 	   35927.4 	 	 13.63 	 	GEO/I	 24.45W	 +   0.138E	1991 Aug  2 1502	C	-
S21653	1991-055A	INTELSAT 605	1991 Aug 14	1991 Aug 20	2026 Oct  7 1808	    1449.832 	   36039.3 	 	   36070.7 	 	 13.69 	 	GEO/ID	 78.70E	 +   3.427W	2009 Jan 23	P	-
S21668	1991-060A	Yuri 3B	1991 Aug 25	1991 Aug 27	2026 Oct  8 1207	    1457.564 	   36179.5 	 	   36232.0 	 	 13.40 	 	GEO/ID	154.26E	 +   5.324W	1999 Apr  5	P	-
S21703	1991-064B	Blok DM-2 No. 54L	1991 Sep 13	1991 Sep 14	2026 Oct  8 0826	    1441.556 	   35883.9 	 	   35902.9 	 	 13.24 	 	GEO/ID	151.16W	 +   1.374W	1991 Sep 13 1751	R	-
S21702	1991-064A	Kosmos-2155	1991 Sep 13	1991 Sep 14	2026 Oct  8 1000	    1436.415 	   35775.7 	 	   35809.9 	 	 13.03 	 	GEO/I	177.99E	 +   0.087W	1992 Jun	P	-
S21726	1991-067A	Anik E1	1991 Sep 26	1991 Sep 30	2026 Oct  8 1142	    1451.951 	   36046.6 	 	   36146.1 	 	 14.21 	 	GEO/ID	174.47E	 +   3.949W	2005 Jan 18	P	-
S21762	1991-074D	Blok DM-2 No. 55L	1991 Oct 23	1991 Oct 23	2026 Sep 18 2212	    1444.206 	   35932.5 	 	   35957.9 	 	 13.38 	 	GEO/ID	 10.52E	 +   2.034W	1991 Oct 23 1525	R	-
S21759	1991-074A	Gorizont	1991 Oct 23	1991 Oct 23	2026 Oct  8 0429	    1462.780 	   36211.1 	 	   36403.4 	 	 13.95 	 	GEO/ID	123.21W	 +   6.592W	1998 Jun	P	-
S21765	1991-075A	INTELSAT 601	1991 Oct 29	1991 Nov  2	2026 Oct  1 0555	    1445.855 	   35968.3 	 	   35986.5 	 	 13.49 	 	GEO/ID	 27.72W	 +   2.443W	2011 Nov  4	P	-
S21792	1991-079D	Blok DM-2 No. 51L	1991 Nov 22	1991 Nov 22	2026 Sep 15 2042	    1460.183 	   36236.7 	 	   36276.8 	 	 13.97 	 	GEO/ID	 25.34E	 +   5.962W	1991 Nov 22 1327	R	-
S21789	1991-079A	Kosmos-2172	1991 Nov 22	1991 Nov 22	2026 Oct  2 0123	    1436.755 	   35785.9 	 	   35813.0 	 	 13.17 	 	GEO/ID	 35.54W	 +   0.172W	1995 Nov?	P	-
S21807	1991-080D	IUS-14 SRM-2	1991 Nov 24	1991 Nov 25	2026 Sep 15 0924	    1421.813 	   35417.8 	 	   35595.2 	 	 13.42 	 	GEO/ID	153.40W	 +   3.619E	1991 Nov 24 2344	C	-
S21805	1991-080B	DSP F16	1991 Nov 24	1991 Nov 25	2026 Sep 23 2331	    1451.759 	   36080.3 	 	   36104.9 	 	 13.95 	 	GEO/ID	 18.93W	 +   3.901W	2016 Nov?	P	-
A05069	1991-080	DSP 16 Aperture Cover	1991 Nov 24	1991 Nov 26?	2016 Jan  1 0000	    1422.071 	   35125.5 	 	   35897.7 	 	 14.45 	 	GEO/ID	168.83E	 +   3.553E	1991 Nov 24 2344	C	-
S21803	1991-083A	Eutelsat II F-3	1991 Dec  7	1991 Dec 13?	2026 Oct  8 1140	    1450.111 	   36043.2 	 	   36077.8 	 	 14.82 	 	GEO/ID	169.65E	 +   3.496W	2003 Dec	P	-
S21814	1991-084B	INMARSAT II F-3	1991 Dec 16	1991 Dec 22	2026 Oct  8 1203	    1499.028 	   36958.7 	 	   37060.5 	 	 14.23 	 	GEO/ID	143.41E	 +  15.161W	2006 Jul	P	-
S21813	1991-084A	Telecom 2A	1991 Dec 16	1991 Dec 23	2026 Oct  1 0555	    1455.241 	   36136.9 	 	   36184.0 	 	 14.66 	 	GEO/ID	 32.34W	 +   4.756W	2005 Nov  1	P	-
S21824	1991-087D	Blok DM-2 No. 52L	1991 Dec 19	1991 Dec 19	2026 Oct  3 2123	    1469.070 	   36370.6 	 	   36488.5 	 	 14.30 	 	GEO/ID	  1.28W	 +   8.109W	1991 Dec 19 1141	R	-
S21821	1991-087A	Raduga	1991 Dec 19	1991 Dec 19	2026 Oct  6 2011	    1434.846 	   35739.8 	 	   35784.4 	 	 13.28 	 	GEO/ID	 86.17E	 +   0.307E	2001 Feb?	P	-
S21877	1992-006C	IABS-1	1992 Feb 11	1992 Feb 12	2026 Sep 18 2336	    1299.790 	   30471.3 	 	   35677.6 	 	  7.35 	 	MEO	 31.20W	 +  37.848E	1992 Feb 11 0041	C	-
S21873	1992-006A	DSCS III B-14	1992 Feb 11	1992 Feb 12	2026 Oct  8 0515	    1453.992 	   36111.1 	 	   36161.2 	 	 14.86 	 	GEO/ID	 99.84W	 +   4.450W	2004?	P	-
S25000	1968-081G	Transtage 5 debris	1968 Sep 26	1992 Feb 21	2026 Oct  8 1216	    1425.264 	   35102.8 	 	   36045.8 	 	  2.13 	 	GEO/D	 63.54W	 +   2.736E	1968 Sep 26 0737	D	-
S25001	1968-081H	Transtage 5 debris	1968 Sep 26	1992 Feb 21	2026 Oct  8 1206	    1415.994 	   35145.5 	 	   35638.9 	 	  2.28 	 	GEO/D	 98.46W	 +   5.118E	1968 Sep 26 0737	D	-
S30000	1968-081J	Transtage 5 debris	1968 Sep 26	1992 Feb 21	2026 Oct  8 0544	    1427.092 	   35165.7 	 	   36054.6 	 	  2.13 	 	GEO/D	  1.03E	 +   2.271E	1968 Sep 26 0737	D	-
S33509	1968-081K	Transtage 5 debris	1968 Sep 26	1992 Feb 21	2026 Oct  8 1147	    1410.547 	   35090.9 	 	   35479.1 	 	  2.11 	 	GEO/D	165.73W	 +   6.531E	1968 Sep 26 0737	D	-
S33510	1968-081L	Transtage 5 debris	1968 Sep 26	1992 Feb 21	2026 Oct  8 1003	    1414.090 	   35101.6 	 	   35607.9 	 	  2.28 	 	GEO/D	116.42W	 +   5.610E	1968 Sep 26 0737	D	-
S33511	1968-081M	Transtage 5 debris	1968 Sep 26	1992 Feb 21	2026 Oct  8 0928	    1428.841 	   35117.2 	 	   36171.7 	 	  1.92 	 	GEO/D	 93.36W	 +   1.826E	1968 Sep 26 0737	D	-
S33512	1968-081N	Transtage 5 debris	1968 Sep 26	1992 Feb 21	2026 Oct  8 0845	    1427.011 	   35084.5 	 	   36132.6 	 	  2.26 	 	GEO/D	100.77W	 +   2.291E	1968 Sep 26 0737	D	-
S33513	1968-081P	Transtage 5 debris	1968 Sep 26	1992 Feb 21	2026 Oct  8 1155	    1420.176 	   35121.7 	 	   35827.1 	 	  2.28 	 	GEO/D	136.86W	 +   4.039E	1968 Sep 26 0737	D	-
S38690	1968-081Q	Transtage 5 debris	1968 Sep 26	1992 Feb 21	2026 Oct  8 1038	    1449.746 	   35004.6 	 	   37102.1 	 	  2.01 	 	GEO/D	150.41W	 +   3.406W	1968 Sep 26 0737	D	-
S38691	1968-081R	Transtage 5 debris	1968 Sep 26	1992 Feb 21	2026 Oct  8 0744	    1429.713 	   34858.6 	 	   36464.5 	 	  2.64 	 	GEO/D	 82.42W	 +   1.605E	1968 Sep 26 0737	D	-
S38692	1968-081S	Transtage 5 debris	1968 Sep 26	1992 Feb 21	2026 Oct  7 1611	    1451.345 	   34809.6 	 	   37359.5 	 	  2.07 	 	GEO/D	126.56E	 +   3.800W	1968 Sep 26 0737	D	-
S38693	1968-081T	Transtage 5 debris	1968 Sep 26	1992 Feb 21	2026 Sep 24 0846	    1400.450 	   34602.8 	 	   35569.0 	 	  3.26 	 	GEO/ID	 70.19W	 +   9.181E	1968 Sep 26 0737	D	-
S38694	1968-081U	Transtage 5 debris	1968 Sep 26	1992 Feb 21	2026 Apr 12 0823	    1391.493 	   34564.6 	 	   35253.3 	 	  1.68 	 	GEO/D	103.08E	 +  11.564E	1968 Sep 26 0737	D	-
S38695	1968-081V	Transtage 5 debris	1968 Sep 26	1992 Feb 21	2026 Jan  9 1739	    1448.815 	   34175.3 	 	   37895.1 	 	  1.93 	 	GEO/D	 83.56E	 +   3.176W	1968 Sep 26 0737	D	-
S38696	1968-081W	Transtage 5 debris	1968 Sep 26	1992 Feb 21	2026 Jan 27 1023	    1447.367 	   35106.2 	 	   36907.6 	 	  1.92 	 	GEO/D	102.45E	 +   2.818W	1968 Sep 26 0737	D	-
S38697	1968-081X	Transtage 5 debris	1968 Sep 26	1992 Feb 21	2026 Oct  7 1337	    1419.002 	   32674.7 	 	   38228.0 	 	  5.70 	 	GEO/NS	176.97W	 +   4.342E	1968 Sep 26 0737	D	-
S38698	1968-081Y	Transtage 5 debris	1968 Sep 26	1992 Feb 21	2026 Oct  8 0628	    1379.266 	   33771.0 	 	   35562.4 	 	  3.80 	 	MEO	 43.95W	 +  14.867E	1968 Sep 26 0737	D	-
S38699	1968-081Z	Transtage 5 debris	1968 Sep 26	1992 Feb 21	2026 Jun 14 2208	    1427.510 	   34848.9 	 	   36387.8 	 	  1.93 	 	GEO/D	100.20E	 +   2.164E	1968 Sep 26 0737	D	-
S38700	1968-081AA	Transtage 5 debris	1968 Sep 26	1992 Feb 21	2026 Oct  7 2028	    1401.708 	   34590.8 	 	   35630.7 	 	  2.52 	 	GEO/D	 99.95E	 +   8.849E	1968 Sep 26 0737	D	-
S38701	1968-081AB	Transtage 5 debris	1968 Sep 26	1992 Feb 21	2026 Sep 19 1249	    1423.508 	   34880.4 	 	   36199.3 	 	  2.58 	 	GEO/D	138.13W	 +   3.185E	1968 Sep 26 0737	D	-
S38702	1968-081AC	Transtage 5 debris	1968 Sep 26	1992 Feb 21	2026 Oct  8 0215	    1408.620 	   34356.9 	 	   36137.2 	 	  1.37 	 	GEO/D	  3.11E	 +   7.034E	1968 Sep 26 0737	D	-
S38703	1968-081AD	Transtage 5 debris	1968 Sep 26	1992 Feb 21	2026 Oct  8 0101	    1365.945 	   33429.3 	 	   35374.7 	 	  3.14 	 	MEO	 45.54E	 +  18.532E	1968 Sep 26 0737	D	-
S38704	1968-081AE	Transtage 5 debris	1968 Sep 26	1992 Feb 21	2026 Oct  7 1521	    1409.111 	   34402.0 	 	   36111.4 	 	  4.39 	 	GEO/ID	176.40E	 +   6.906E	1968 Sep 26 0737	D	-
S38705	1968-081AF	Transtage 5 debris	1968 Sep 26	1992 Feb 21	2026 Oct  7 1817	    1410.521 	   34114.3 	 	   36454.7 	 	  3.45 	 	GEO/ID	130.60E	 +   6.538E	1968 Sep 26 0737	D	-
S39296	1968-081AG	Transtage 5 debris	1968 Sep 26	1992 Feb 21	2026 Oct  8 1001	    1431.842 	   35040.5 	 	   36366.0 	 	  1.78 	 	GEO/D	177.32W	 +   1.065E	1968 Sep 26 0737	D	-
S39297	1968-081AH	Transtage 5 debris	1968 Sep 26	1992 Feb 21	2026 Oct  7 1359	    1434.713 	   34949.9 	 	   36569.1 	 	  1.77 	 	GEO/D	165.70E	 +   0.341E	1968 Sep 26 0737	D	-
S39298	1968-081AJ	Transtage 5 debris	1968 Sep 26	1992 Feb 21	2026 Oct  8 1439	    1437.345 	   35183.3 	 	   36438.8 	 	  1.81 	 	GEO/D	161.06E	 +   0.321W	1968 Sep 26 0737	D	-
S39299	1968-081AK	Transtage 5 debris	1968 Sep 26	1992 Feb 21	2026 Mar 17 2041	    1433.639 	   35046.4 	 	   36430.5 	 	  1.44 	 	GEO/D	 68.83E	 +   0.612E	1968 Sep 26 0737	D	-
S59978	1968-081AL	Transtage 5 debris	1968 Sep 26	1992 Feb 21	2026 Oct  8 0108	    1411.092 	   34949.1 	 	   35642.3 	 	  2.45 	 	GEO/D	 24.87E	 +   6.389E	1968 Sep 26 0737	D	-
S59979	1968-081AM	Transtage 5 debris	1968 Sep 26	1992 Feb 21	2026 Jul  2 2241	    1393.785 	   34764.4 	 	   35144.1 	 	  2.69 	 	GEO/D	165.41E	 +  10.951E	1968 Sep 26 0737	D	-
S59980	1968-081AN	Transtage 5 debris	1968 Sep 26	1992 Feb 21	2026 Sep 21 0932	    1408.246 	   35125.8 	 	   35353.5 	 	  2.04 	 	GEO/D	 84.46W	 +   7.132E	1968 Sep 26 0737	D	-
S59981	1968-081AP	Transtage 5 debris	1968 Sep 26	1992 Feb 21	2026 Aug  6 0641	    1427.230 	   34717.5 	 	   36508.2 	 	  2.48 	 	GEO/D	126.63W	 +   2.235E	1968 Sep 26 0737	D	-
S59982	1968-081AQ	Transtage 5 debris	1968 Sep 26	1992 Feb 21	2026 Jul 18 0117	    1446.274 	   33027.4 	 	   38943.8 	 	  2.13 	 	GEO/NS	 77.19E	 +   2.547W	1968 Sep 26 0737	D	-
S59983	1968-081AR	Transtage 5 debris	1968 Sep 26	1992 Feb 21	2026 Aug 12 1554	    1411.015 	   34437.9 	 	   36150.5 	 	  2.84 	 	GEO/D	139.70W	 +   6.410E	1968 Sep 26 0737	D	-
S21893	1992-010A	Superbird B1	1992 Feb 26	1992 Mar  2	2026 Oct  8 1159	    1453.705 	   36078.7 	 	   36182.4 	 	 14.63 	 	GEO/ID	132.57E	 +   4.380W	2001 Jul 26 2354	P	-
S21894	1992-010B	Insat 2DT	1992 Feb 26	1992 Mar  2	2026 Oct  3 0049	    1459.173 	   36108.8 	 	   36365.4 	 	 14.44 	 	GEO/ID	  6.84W	 +   5.716W	2004 Sep	P	-
S21906	1992-013A	Galaxy 5	1992 Mar 14	1992 Mar 17	2026 Oct  6 0841	    1450.365 	   36013.3 	 	   36117.6 	 	 13.59 	 	GEO/ID	121.54W	 +   3.558W	2005 Jan 19	P	-
S21925	1992-017D	Blok DM-2 No. 57L	1992 Apr  2	1992 Apr  2	2026 Aug 28 0409	    1424.497 	   35473.7 	 	   35644.8 	 	 13.01 	 	GEO/ID	 46.10W	 +   2.932E	1992 Apr  2 0150	R	-
S21922	1992-017A	Gorizont	1992 Apr  2	1992 Apr  2	2026 Oct  8 0514	    1442.253 	   35805.7 	 	   36008.3 	 	 13.45 	 	GEO/ID	105.23W	 +   1.548W	2006 Nov 21	P	-
S21939	1992-021A	Telecom 2B	1992 Apr 15	1992 Apr 19	2026 Oct  7 1743	    1447.172 	   35948.5 	 	   36057.7 	 	 14.59 	 	GEO/ID	 81.29E	 +   2.770W	2004 Jun 23	P	-
S21940	1992-021B	INMARSAT II F-4	1992 Apr 15	1992 Apr 20	2026 Oct  8 1010	    1470.240 	   36414.7 	 	   36489.9 	 	 12.27 	 	GEO/ID	145.08W	 +   8.390W	2012 Apr  5	P	-
S21964	1992-027A	Palapa B4	1992 May 14	1992 May 17	2026 Oct  7 0701	    1440.996 	   35879.2 	 	   35885.7 	 	 13.35 	 	GEO/ID	 99.40W	 +   1.234W	2005 Aug 27	P	-
S20523	1990-021A	INTELSAT 603	1990 Mar 14	1992 May 21	2026 Oct  8 0859	    1447.519 	   35997.0 	 	   36022.7 	 	 14.09 	 	GEO/ID	 57.81W	 +   2.856W	2015 Jan 23	P	-
S21989	1992-032A	NSS K	1992 Jun 10	1992 Jun 24	2026 Oct  8 1208	    1481.747 	   36343.9 	 	   37007.0 	 	 15.06 	 	GEO/ID	150.30E	 +  11.128W	2002 Aug 28	P	-
S22009	1992-037A	DSCS III B-12	1992 Jul  2	1992 Jul  3?	2026 Oct  6 2349	    1457.351 	   36178.7 	 	   36224.5 	 	 14.29 	 	GEO/ID	 90.13E	 +   5.272W	2015 Jan?	P	-
S22011	1992-037C	IABS-2	1992 Jul  2	1992 Jul  3?	2026 Oct  8 0102	    1416.649 	   35356.1 	 	   35454.1 	 	 11.94 	 	GEO/ID	 59.16W	 +   4.948E	1992 Jul  2 2154	C	-
S22027	1992-041A	Insat 2A	1992 Jul  9	1992 Jul 13?	2026 Oct  8 1134	    1436.732 	   35751.3 	 	   35846.8 	 	 14.47 	 	GEO/ID	149.49E	 +   0.167W	2002 Apr 28	P	-
S22028	1992-041B	Eutelsat II F-4	1992 Jul  9	1992 Jul 14	2026 Oct  8 0027	    1453.375 	   36085.4 	 	   36162.8 	 	 14.79 	 	GEO/ID	 29.69W	 +   4.298W	2003 Dec	P	-
S22044	1992-043D	Blok DM-2 No. 60L	1992 Jul 14	1992 Jul 15	2026 Aug 29 1812	    1471.935 	   36379.3 	 	   36591.1 	 	 14.59 	 	GEO/ID	 44.09E	 +   8.796W	1992 Jul 14 2202	R	-
S22041	1992-043A	Gorizont	1992 Jul 14	1992 Jul 15	2026 Oct  7 1805	    1451.025 	   35924.7 	 	   36231.9 	 	 13.77 	 	GEO/ID	 67.02E	 +   3.721W	2007 Feb	P	-
S22087	1992-054A	Optus B1	1992 Aug 13	1992 Aug 20	2026 Oct  2 0548	    1451.554 	   36048.0 	 	   36129.2 	 	 13.08 	 	GEO/ID	 64.65W	 +   3.851W	2008 May 15	P	-
S22096	1992-057A	Satcom C4	1992 Aug 31	1992 Sep  4	2026 Oct  8 0903	    1454.313 	   36125.9 	 	   36158.9 	 	 13.86 	 	GEO/ID	 80.35W	 +   4.529W	2007 Mar  1	P	-
A05216	1992-057	Solar array restraint cable	1992 Aug 31	1992 Sep  5?	1992 Sep  5	    1446.552 	   35815.0 	 	   36167.0 	 	  0.10 	 	GEO/D	-	-	1992 Aug 31 1040	C	-
S22112	1992-059A	Kosmos-2209	1992 Sep 10	1992 Sep 11	2026 Oct  8 0337	    1437.612 	   35767.4 	 	   35865.1 	 	 13.51 	 	GEO/ID	 86.72W	 +   0.388W	1996 Oct	P	-
S22115	1992-059D	Blok DM-2 No. 61L	1992 Sep 10	1992 Sep 11	2026 Aug 28 1610	    1442.987 	   35871.0 	 	   35971.7 	 	 13.78 	 	GEO/ID	 37.05E	 +   1.731W	1992 Sep 10 1801	R	-
S22117	1992-060B	Satcom C3	1992 Sep 10	1992 Sep 13	2026 Oct  7 1949	    1484.373 	   36632.1 	 	   36820.5 	 	 14.11 	 	GEO/ID	 72.92E	 +  11.747W	2010 Oct  8?	P	-
A05227	1992-060	Solar array restraint cable	1992 Sep 10	1992 Sep 14?	1992 Sep 14	    1443.609 	   35735.0 	 	   36132.0 	 	  0.22 	 	GEO/D	-	-	1992 Sep 10 2304	C	-
S22116	1992-060A	Hispasat 1A	1992 Sep 10	1992 Sep 16	2026 Oct  8 0707	    1449.891 	   36034.1 	 	   36078.2 	 	 14.27 	 	GEO/ID	 41.00W	 +   3.442W	2003 Jul 25	P	-
S22175	1992-066A	Hellas Sat 1	1992 Oct 12	1992 Oct 16	2026 Oct  8 1436	    1443.856 	   35927.7 	 	   35949.0 	 	 14.30 	 	GEO/ID	126.87E	 +   1.947W	2003 Feb	P	-
S22213	1992-074D	Blok DM-2 No. 58L	1992 Oct 30	1992 Oct 30	2026 Aug 30 0047	    1423.795 	   35460.5 	 	   35630.4 	 	 13.22 	 	GEO/ID	 15.98W	 +   3.112E	1992 Oct 30 1459	R	-
S22210	1992-074A	Ekran-M	1992 Oct 30	1992 Oct 30	2026 Oct  7 1742	    1435.303 	   35748.4 	 	   35793.7 	 	 13.62 	 	GEO/ID	 78.04E	 +   0.192E	2001 Mar?	P	-
S22205	1992-072A	Galaxy 7	1992 Oct 28	1992 Nov  4	2026 Oct  7 0438	    1444.330 	   35931.2 	 	   35964.0 	 	 14.55 	 	GEO/ID	112.67W	 +   2.065W	2000 Nov 22	P	-
S22248	1992-082D	Blok DM-2 No. 65L	1992 Nov 27	1992 Nov 27	2026 Aug 27 2145	    1469.055 	   36397.4 	 	   36461.1 	 	 14.66 	 	GEO/ID	 46.94E	 +   8.106W	1992 Nov 27 1310	R	-
S22245	1992-082A	Gorizont	1992 Nov 27	1992 Nov 27	2026 Oct  8 0028	    1437.030 	   35757.8 	 	   35851.9 	 	 13.65 	 	GEO/ID	 27.64W	 +   0.241W	2003 Dec	P	-
S22253	1992-084A	Superbird A1	1992 Dec  1	1992 Dec  7	2026 Oct  8 1208	    1452.753 	   36049.7 	 	   36174.3 	 	 12.72 	 	GEO/ID	150.65E	 +   4.146W	2008 Dec 17 0738	P	-
S22272	1992-088D	Blok DM-2 No. 64L	1992 Dec 17	1992 Dec 18	2026 Sep 25 0630	    1438.995 	   35804.9 	 	   35881.7 	 	 13.71 	 	GEO/ID	164.31W	 +   0.734W	1992 Dec 17 1245	R	-
S22269	1992-088A	Kosmos-2224	1992 Dec 17	1992 Dec 18	2026 Oct  8 0204	    1437.146 	   35772.9 	 	   35841.4 	 	 13.59 	 	GEO/ID	 52.53W	 +   0.271W	1999 Jun	P	-
S22316	1993-003D	IUS-13 SRM-2	1993 Jan 13	1993 Jan 14	2026 Aug 28 0542	    1438.522 	   35548.4 	 	   36119.7 	 	 11.82 	 	GEO/ID	 80.49W	 +   0.616W	1993 Jan 13 1359	C	-
S22314	1993-003B	TDRS-6	1993 Jan 13	1993 Jan 14	2026 Oct  4 0118	    1436.151 	   35746.1 	 	   35829.2 	 	 14.19 	 	GEO/I	 45.51W	 +   0.021W	*	P	-
S22624	1993-013D	Blok DM-2 No. 67L	1993 Mar 25	1993 Mar 25	2026 Sep 14 2048	    1469.178 	   36371.5 	 	   36491.8 	 	 14.81 	 	GEO/ID	 33.24E	 +   8.135W	1993 Mar 25 0228	R	-
S22557	1993-013A	Raduga	1993 Mar 25	1993 Mar 25	2026 Oct  8 1144	    1435.853 	   35765.8 	 	   35797.8 	 	 13.78 	 	GEO/I	134.23E	 +   0.054E	2006 Aug?	P	-
S22563	1993-015A	UHF F/O F1	1993 Mar 25	1993 May 14?	2026 Oct  8 1233	    1450.861 	   36063.0 	 	   36087.2 	 	 26.08 	 	GEO/NS	113.17E	 +   3.681W	1993 Jun	P	-
S22653	1993-031A	Astra 1C	1993 May 12	1993 May 18?	2026 Oct  7 2125	    1456.905 	   36190.2 	 	   36195.6 	 	 13.01 	 	GEO/ID	 50.89E	 +   5.163W	2014 Jul 23	P	-
S22694	1993-039A	HGS-4	1993 Jun 25	1993 Jul  3?	2026 Oct  7 1806	    1436.108 	   35741.4 	 	   35832.3 	 	 14.56 	 	GEO/I	 71.51E	 +   0.010W	2000 Nov 22	P	-
S22719	1993-046A	DSCS III B-9	1993 Jul 19	1993 Jul 22	2026 Oct  2 2111	    1453.861 	   36128.5 	 	   36138.7 	 	 14.00 	 	GEO/ID	 63.34E	 +   4.418W	2008?	P	-
S22738	1993-046C	IABS-3?	1993 Jul 19	1993 Jul 22	2026 Aug 28 0328	    1409.866 	   34923.4 	 	   35619.7 	 	 12.40 	 	GEO/ID	 52.08W	 +   6.709E	1993 Jul 19 2204	C	-
S22724	1993-048B	Insat 2B	1993 Jul 22	1993 Jul 29	2026 Oct  8 1207	    1440.139 	   35788.2 	 	   35943.2 	 	 14.49 	 	GEO/ID	160.87E	 +   1.020W	2004 Jan  6	P	-
S22723	1993-048A	Hispasat 1B	1993 Jul 22	1993 Jul 29	2026 Oct  7 1807	    1444.107 	   35924.6 	 	   35961.9 	 	 13.81 	 	GEO/ID	 74.73E	 +   2.009W	2006 Jun?	P	-
S22787	1993-056A	UHF F/O F2	1993 Sep  3	1993 Sep 11	2026 Oct  6 2325	    1436.106 	   35771.8 	 	   35801.8 	 	 11.94 	 	GEO/I	 28.12E	 +   0.010W	*	P	-
S22796	1993-058B	ACTS	1993 Sep 12	1993 Sep 15	2026 Oct  8 0750	    1436.074 	   35568.3 	 	   36004.0 	 	 14.57 	 	GEO/I	107.21W	 +   0.001W	2004 Apr 28	P	-
S22839	1993-062D	Blok DM-2 No. 36L	1993 Sep 30	1993 Sep 30	2026 Sep 15 2221	    1435.451 	   35739.4 	 	   35808.5 	 	 13.91 	 	GEO/ID	 10.81E	 +   0.155E	1993 Sep 30 1705	R	-
S22836	1993-062A	Raduga	1993 Sep 30	1993 Sep 30	2026 Oct  6 2357	    1436.284 	   35767.7 	 	   35812.8 	 	 13.97 	 	GEO/I	 76.28E	 +   0.054W	2006 Sep?	P	-
S22871	1993-066A	INTELSAT 701	1993 Oct 22	1993 Oct 27?	2026 Oct  8 1506	    1449.906 	   36043.9 	 	   36069.1 	 	 11.06 	 	GEO/ID	101.61E	 +   3.445W	2017 May 19	P	-
S22883	1993-069D	Blok DM-2 No. 72L	1993 Oct 28	1993 Oct 28	2026 Aug 29 0408	    1433.154 	   35716.9 	 	   35741.0 	 	 13.83 	 	GEO/ID	 41.72W	 +   0.734E	1993 Oct 28 1517	R	-
S22880	1993-069A	Gorizont	1993 Oct 28	1993 Oct 28	2026 Oct  8 1532	    1445.029 	   35828.9 	 	   36093.6 	 	 14.07 	 	GEO/ID	111.54E	 +   2.239W	2009 Feb 14	P	-
S22910	1993-072D	Blok DM-2 No. 85L	1993 Nov 18	1993 Nov 18	2026 Oct  8 0336	    1395.835 	   34920.7 	 	   35068.9 	 	 12.67 	 	GEO/ID	 88.21W	 +  10.405E	1993 Nov 18 1354	R	-
S22907	1993-072A	AP-1	1993 Nov 18	1993 Nov 18	2026 Oct  2 2134	    1437.763 	   35774.4 	 	   35864.0 	 	 13.94 	 	GEO/ID	  9.77E	 +   0.426W	2001 Dec?	P	-
S22911	1993-073A	Satmex 3	1993 Nov 20	1993 Nov 24	2026 Oct  8 0441	    1436.033 	   35739.7 	 	   35831.0 	 	 14.41 	 	GEO/I	101.21W	 +   0.009E	2000 Aug 27	P	-
S22912	1993-073B	Meteosat 6	1993 Nov 20	1993 Nov 21	2026 Oct  8 1433	    1454.809 	   36111.1 	 	   36193.0 	 	 14.51 	 	GEO/ID	100.05E	 +   4.650W	2011 Apr 15	P	-
S23118	1993-073E	Mage 1	1993 Nov 20	1993 Nov 21	2026 Aug 29 0407	    1440.072 	   35583.0 	 	   36145.7 	 	 14.17 	 	GEO/ID	 43.45W	 +   1.004W	1993 Nov 20 0117	C	-
A05403	1993-073	Meteosat 6 MVIRI cover	1993 Nov 20	1993 Nov 28	1993 Nov 28	    1434.994 	   35760.0 	 	   35770.0 	 	  1.34 	 	GEO/D	-	-	1993 Nov 20 0117	C	-
A05404	1993-073	Meteosat 6 cooler cover	1993 Nov 20	1993 Nov 28	1993 Nov 28	    1434.994 	   35760.0 	 	   35770.0 	 	  1.34 	 	GEO/D	-	-	1993 Nov 20 0117	C	-
S22915	1993-074A	DSCS III B-10	1993 Nov 28	1993 Nov 30?	2026 Oct  7 0526	    1461.435 	   36262.2 	 	   36300.0 	 	 13.90 	 	GEO/ID	 74.32W	 +   6.266W	2015 Dec?	P	-
S22916	1993-074B	IABS-4	1993 Nov 28	1993 Nov 30?	2026 Sep 22 2323	    1439.899 	   35617.6 	 	   36104.4 	 	 13.72 	 	GEO/ID	 11.47W	 +   0.960W	1993 Nov 28 2340	C	-
S22921	1993-076A	NATO 4B	1993 Dec  8	1993 Dec 10	2026 Oct  8 1140	    1461.630 	   36278.8 	 	   36291.0 	 	 12.97 	 	GEO/ID	170.34E	 +   6.313W	2016 Nov 11	P	-
S22927	1993-077A	Telstar 401	1993 Dec 16	1993 Dec 20	2026 Oct  8 0729	    1435.893 	   35749.0 	 	   35816.2 	 	 14.42 	 	GEO/I	102.98W	 +   0.044E	1997 Jan 11	P	-
S22931	1993-078B	Thaicom 1	1993 Dec 18	1993 Dec 21	2026 Oct  3 1605	    1451.833 	   36062.7 	 	   36125.4 	 	 12.10 	 	GEO/ID	 36.59W	 +   3.920W	2010 Jan 30	P	-
S22930	1993-078A	Nimiq 4iR	1993 Dec 18	1993 Dec 21	2026 Oct  2 0229	    1454.728 	   36100.8 	 	   36200.1 	 	 12.30 	 	GEO/ID	 28.43W	 +   4.630W	2009 Feb 10	P	-
S22966	1994-002D	Blok DM-2M No. 3L	1994 Jan 20	1994 Jan 20	2026 Oct  8 1445	    1447.759 	   35842.7 	 	   36186.4 	 	 13.87 	 	GEO/ID	 92.22E	 +   2.915W	1994 Jan 20 0949	R	-
S22963	1994-002A	Gals 1	1994 Jan 20	1994 Jan 20	2026 Oct  7 1645	    1434.936 	   35708.2 	 	   35819.5 	 	 14.52 	 	GEO/ID	 88.73E	 +   0.285E	2001 Aug?	P	-
S22984	1994-008D	Blok DM-2 No. 83L	1994 Feb  5	1994 Feb  5	2026 Aug 30 2312	    1469.895 	   36345.7 	 	   36545.4 	 	 15.09 	 	GEO/ID	 21.40E	 +   8.307W	1994 Feb  5 0846	R	-
S22981	1994-008A	Raduga-1	1994 Feb  5	1994 Feb  5	2026 Oct  7 1813	    1435.821 	   35770.9 	 	   35791.5 	 	 14.12 	 	GEO/I	 98.68E	 +   0.062E	1999 Sep	P	-
S22989	1994-009B	Centaur TC-12	1994 Feb  7	1994 Feb  8	2026 Sep 18 0235	    1431.642 	   35636.9 	 	   35761.8 	 	 16.95 	 	GEO/ID	 14.12W	 +   1.116E	1994 Feb  7 2147	R	-
S22988	1994-009A	Milstar 1	1994 Feb  7	1994 Feb  8	2026 Oct  8 1446	    1458.664 	   36212.1 	 	   36242.3 	 	 17.79 	 	GEO/ID	 93.31E	 +   5.592W	2026 May  1	P	-
S23013	1994-012D	Blok DM-2 No. 73L	1994 Feb 18	1994 Feb 18	2026 Aug 30 2228	    1467.796 	   36266.1 	 	   36543.5 	 	 14.99 	 	GEO/ID	 68.55E	 +   7.803W	1994 Feb 18 0756	R	-
S23010	1994-012A	Raduga	1994 Feb 18	1994 Feb 18	2026 Oct  7 1940	    1436.171 	   35781.9 	 	   35794.2 	 	 14.09 	 	GEO/I	 43.75E	 +   0.026W	1995 May?	P	-
S23016	1994-013A	Galaxy 1R	1994 Feb 19	1994 Feb 23	2026 Oct  8 0457	    1451.324 	   36070.0 	 	   36098.3 	 	 13.06 	 	GEO/ID	125.23W	 +   3.795W	2006 Mar  8	P	-
S23051	1994-022A	GOES 8	1994 Apr 13	1994 Apr 23	2026 Oct  8 1142	    1455.897 	   36161.3 	 	   36185.3 	 	 14.52 	 	GEO/ID	174.72E	 +   4.917W	2004 May  5	P	-
S23111	1994-030D	Blok DM-2 No. 71L	1994 May 20	1994 May 20	2026 Aug 31 2305	    1386.779 	   34629.6 	 	   35001.8 	 	 12.55 	 	GEO/ID	  7.99E	 +  12.830E	1994 May 20 0201	R	-
S23108	1994-030A	AP-2	1994 May 20	1994 May 20	2026 Oct  8 0240	    1437.668 	   35792.6 	 	   35842.1 	 	 14.01 	 	GEO/ID	120.32W	 +   0.402W	2001 Oct	P	-
S23124	1994-034A	INTELSAT 702	1994 Jun 17	1994 Jun 22	2026 Oct  7 2304	    1455.450 	   36127.5 	 	   36201.6 	 	 11.28 	 	GEO/ID	 38.51E	 +   4.807W	2016 Sep 15	P	-
S23132	1994-035A	UHF F/O F3	1994 Jun 24	1994 Jul  2	2026 Oct  3 2300	    1436.103 	   35761.5 	 	   35811.9 	 	 12.42 	 	GEO/I	 10.06W	 +   0.009W	2005 Jun	P	-
S23171	1994-038D	Blok DM-2 No. 68L	1994 Jul  6	1994 Jul  7	2026 Sep 15 0006	    1448.226 	   35924.4 	 	   36123.0 	 	 14.20 	 	GEO/ID	 10.16E	 +   3.030W	1994 Jul  6 2358	R	-
S23168	1994-038A	Kosmos-2282	1994 Jul  6	1994 Jul  7	2026 Oct  8 1005	    1435.407 	   35750.5 	 	   35795.7 	 	 13.85 	 	GEO/ID	164.96W	 +   0.166E	1995 Oct	P	-
S23175	1994-040A	Intelsat IS-2	1994 Jul  8	1994 Jul 12?	2026 Oct  8 1149	    1451.696 	   36080.6 	 	   36102.1 	 	 12.42 	 	GEO/ID	160.92W	 +   3.886W	2011 Jan 16	P	-
S23176	1994-040B	BS-3N	1994 Jul  8	1994 Jul 13	2026 Oct  8 1203	    1452.299 	   36097.2 	 	   36109.0 	 	 13.51 	 	GEO/ID	162.32W	 +   4.034W	2011 Aug 14	P	-
A05510	1994-040	Solar array restraint cable	1994 Jul  8	1994 Jul 14?	1994 Jul 14	    1433.845 	   35639.0 	 	   35846.0 	 	  0.24 	 	GEO/D	-	-	1994 Jul  8 2305	C	-
S23185	1994-043A	Zhongxing 5E	1994 Jul 21	1994 Jul 25?	2026 Oct  8 0343	    1449.034 	   36034.6 	 	   36044.3 	 	 13.44 	 	GEO/ID	 62.90W	 +   3.230W	2014 Jan 21	P	-
S23192	1994-047A	Nimiq 4i	1994 Aug  3	1994 Aug  8	2026 Oct  8 1011	    1459.949 	   36223.4 	 	   36281.0 	 	 13.07 	 	GEO/ID	141.32W	 +   5.905W	2007 May 21	P	-
S23200	1994-049B	Turksat 1B	1994 Aug 10	1994 Aug 15	2026 Oct  3 0211	    1453.865 	   36063.6 	 	   36203.8 	 	 13.81 	 	GEO/ID	 71.54W	 +   4.419W	2005 Dec	P	-
S23199	1994-049A	Star One B1	1994 Aug 10	1994 Aug 15	2026 Oct  8 1149	    1450.882 	   36044.2 	 	   36106.8 	 	 12.86 	 	GEO/ID	159.88W	 +   3.686W	2010 Dec  1	P	-
S23247	1994-054B	Centaur TC-11	1994 Aug 27	1994 Aug 27	2026 Sep 24 1001	    1445.976 	   35495.8 	 	   36463.6 	 	 12.23 	 	GEO/ID	159.71W	 +   2.473W	1994 Aug 27 0858	R	-
S23223	1994-054A	USA 105	1994 Aug 27	1994 Aug 27	2025 Apr  3 0924	    1436.122 	   35665.3 	 	   35908.9 	 	 13.13 	 	GEO/I	 40.44E	 +   0.014W	*	P	-
S23227	1994-055A	Optus B3	1994 Aug 27	1994 Sep  4	2026 Oct  7 2126	    1459.049 	   36225.9 	 	   36243.4 	 	 12.54 	 	GEO/ID	 54.42E	 +   5.686W	2016 Dec 31?	P	-
S23270	1994-060D	Blok DM-2 No. 86L	1994 Sep 21	1994 Sep 22	2026 Sep 18 1710	    1439.228 	   35815.6 	 	   35880.1 	 	 14.23 	 	GEO/ID	 70.16E	 +   0.793W	1994 Sep 21 1753	R	-
S23267	1994-060A	Kosmos-2291	1994 Sep 21	1994 Sep 22	2026 Oct  7 2252	    1435.846 	   35748.4 	 	   35815.0 	 	 14.11 	 	GEO/I	  4.22W	 +   0.056E	2000 Aug?	P	-
S23305	1994-064A	NSS 703	1994 Oct  6	1994 Oct 12	2026 Oct  8 1355	    1450.034 	   36026.4 	 	   36091.5 	 	 11.93 	 	GEO/ID	165.43E	 +   3.477W	2014 Oct 17	P	-
S23314	1994-065B	Thaicom 2	1994 Oct  8	1994 Oct 11	2026 Oct  8 1409	    1445.843 	   35955.2 	 	   35999.1 	 	 11.68 	 	GEO/ID	175.38E	 +   2.440W	2010 Nov  3?	P	-
S23322	1994-067D	Blok DM-2M No. 1L	1994 Oct 13	1994 Oct 13	2026 Oct  8 0337	    1437.637 	   35789.2 	 	   35844.3 	 	 13.80 	 	GEO/ID	 84.84W	 +   0.394W	1994 Oct 13 1619	R	-
S23319	1994-067A	Ekspress-2	1994 Oct 13	1994 Oct 13	2026 Oct  8 1310	    1442.484 	   35881.9 	 	   35941.2 	 	 14.55 	 	GEO/ID	123.53E	 +   1.606W	2001 Jun 11	P	-
S23313	1994-065A	Satmex 4	1994 Oct  8	1994 Oct 14	2026 Oct  6 0532	    1456.559 	   36181.9 	 	   36190.4 	 	 12.52 	 	GEO/ID	 88.26W	 +   5.078W	2013 Dec 17	P	-
S23330	1994-069D	Blok DM-2 No. 56L	1994 Oct 31	1994 Oct 31	2026 Oct  8 1139	    1437.938 	   35733.0 	 	   35912.3 	 	 14.44 	 	GEO/ID	164.07E	 +   0.469W	1994 Oct 31 1430	R	-
S23327	1994-069A	Elektro	1994 Oct 31	1994 Oct 31	2026 Oct  7 1745	    1436.102 	   35745.0 	 	   35828.4 	 	 14.44 	 	GEO/I	 81.84E	 +   0.008W	1998 Sep?	P	-
S23331	1994-070A	Astra 1D	1994 Nov  1	1994 Nov  9	2026 Oct  7 2300	    1455.263 	   36128.3 	 	   36193.5 	 	 12.46 	 	GEO/ID	 24.99E	 +   4.761W	2021 Nov  7?	P	-
S23413	1994-079A	Telstar 11	1994 Nov 29	1994 Dec 10	2026 Oct  6 2128	    1460.756 	   36183.2 	 	   36352.6 	 	 13.94 	 	GEO/ID	 48.39E	 +   6.101W	2008 Mar 20	P	-
S23429	1994-082D	Blok DM-2 No. 75L	1994 Dec 16	1994 Dec 16	2026 Aug 29 1926	    1428.635 	   35525.6 	 	   35755.3 	 	 14.57 	 	GEO/ID	 30.23E	 +   1.878E	1994 Dec 16 1200	R	-
S23426	1994-082A	Luch	1994 Dec 16	1994 Dec 16	2026 Oct  8 0804	    1437.364 	   35780.6 	 	   35842.2 	 	 14.74 	 	GEO/ID	144.31W	 +   0.325W	1998 Aug 13	P	-
S44582	1994-082G	Al'tair 13 part	1994 Dec 16	1994 Dec 16	2026 Oct  7 1941	    1430.036 	   35600.5 	 	   35735.2 	 	 14.58 	 	GEO/ID	 47.31E	 +   1.523E	1994 Dec 16 1200	C	-
S23415	1994-080A	DFH-3	1994 Nov 29	1994 Dec 18	2026 Oct  8 0657	    1426.268 	   35191.5 	 	   35996.5 	 	 13.61 	 	GEO/ID	 50.43W	 +   2.480E	1994 Dec	P	-
S23438	1994-084D	IUS-20 SRM-2	1994 Dec 22	1994 Dec 23	2026 Oct  7 1250	    1423.235 	   35531.3 	 	   35537.6 	 	 14.14 	 	GEO/ID	143.56E	 +   3.255E	1994 Dec 22 2219	R	-
S23435	1994-084A	DSP F17	1994 Dec 22	1994 Dec 23	2026 Oct  2 2132	    1453.322 	   36085.3 	 	   36160.9 	 	 14.49 	 	GEO/ID	 20.70E	 +   4.286W	2023 Mar  1	P	-
A05588	1994-084	DSP 17 Aperture Cover	1994 Dec 22	1994 Dec 24?	2016 Jan  1 0000	    1423.203 	   35260.0 	 	   35807.7 	 	 13.63 	 	GEO/ID	  0.59W	 +   3.263E	1994 Dec 22 2219	C	-
S23451	1994-087D	Blok DM-2 No. 62L	1994 Dec 28	1994 Dec 28	2026 Sep 24 0420	    1439.103 	   35809.3 	 	   35881.5 	 	 14.30 	 	GEO/ID	 85.20W	 +   0.761W	1994 Dec 28 1131	R	-
S23448	1994-087A	Raduga	1994 Dec 28	1994 Dec 28	2026 Oct  7 1807	    1436.250 	   35748.8 	 	   35830.4 	 	 14.28 	 	GEO/I	 75.92E	 +   0.046W	2000 Dec?	P	-
S23461	1995-001A	INTELSAT 704	1995 Jan 10	1995 Jan 15	2026 Sep 29 1307	    1451.874 	   36037.3 	 	   36152.4 	 	 12.04 	 	GEO/ID	 16.68E	 +   3.930W	2009 May 28	P	-
S23467	1995-003A	UHF F/O F4	1995 Jan 29	1995 Feb  4	2026 Oct  8 1447	    1436.075 	   35773.3 	 	   35799.1 	 	  9.72 	 	GEO/I	171.88E	 +   0.002W	*	P	-
S23522	1995-011B	Himawari-5	1995 Mar 18	1995 Mar 19	2026 Oct  7 1941	    1448.646 	   36001.3 	 	   36062.4 	 	 14.34 	 	GEO/ID	 44.83E	 +   3.134W	2005 Jul 12?	P	-
S23524	1995-011D	GMS AKM	1995 Mar 18	1995 Mar 19	2026 Oct  8 0750	    1422.091 	   34605.5 	 	   36418.6 	 	 13.57 	 	GEO/ID	106.58W	 +   3.548E	1995 Mar 18 0801	C	-
S23528	1995-013A	INTELSAT 705	1995 Mar 22	1995 Mar 28	2026 Oct  8 1439	    1454.890 	   36064.9 	 	   36242.5 	 	 11.92 	 	GEO/ID	161.27E	 +   4.670W	2011 Feb  9	P	-
S23536	1995-016A	Star One B2	1995 Mar 28	1995 Apr  1	2026 Oct  8 1147	    1451.025 	   36056.2 	 	   36100.4 	 	 12.30 	 	GEO/ID	164.70W	 +   3.721W	2018 Jul  3	P	-
S23537	1995-016B	Hot Bird 1	1995 Mar 28	1995 Apr  2	2026 Oct  7 2126	    1449.963 	   36049.2 	 	   36065.9 	 	 13.23 	 	GEO/ID	 53.62E	 +   3.459W	2007 Feb 20	P	-
A05641	1995-011	GMS 5 VISSR Cover	1995 Mar 18	1995 Apr  9?	1995 Apr  9	    1436.143 	   35787.0 	 	   35788.0 	 	  1.10 	 	GEO/S	-	-	1995 Mar 18 0801	C	-
S23553	1995-019A	AMSC 1	1995 Apr  7	1995 Apr 17	2026 Oct  8 1520	    1455.894 	   36102.5 	 	   36243.9 	 	 13.44 	 	GEO/ID	107.25E	 +   4.916W	2024 Jul  2	P	-
S23568	1995-022B	Centaur TC-17	1995 May 14	1995 May 14	2026 Oct  6 1832	    1431.927 	   35675.7 	 	   35734.1 	 	 18.35 	 	GEO/ID	 71.41E	 +   1.044E	1995 May 14 1345	R	-
S23567	1995-022A	USA 110	1995 May 14	1995 May 14	2021 Jan 17 0930	    1436.122 	   35652.4 	 	   35921.8 	 	 15.09 	 	GEO/I	126.07E	 +   0.014W	*	P	-
S23571	1995-023A	INTELSAT 706	1995 May 17	1995 May 20	2026 Oct  5 1352	    1453.801 	   36122.3 	 	   36142.6 	 	 11.19 	 	GEO/ID	144.11W	 +   4.403W	2014 Dec  5	P	-
S23581	1995-025A	GOES 9	1995 May 23	1995 May 31	2026 Oct  7 1121	    1457.486 	   36173.3 	 	   36235.2 	 	 14.06 	 	GEO/ID	151.55W	 +   5.305W	2007 Jun 15	P	-
S23589	1995-027A	UHF F/O F5	1995 May 31	1995 Jun  6	2026 Oct  8 1515	    1458.222 	   36209.0 	 	   36228.1 	 	 12.09 	 	GEO/ID	105.14E	 +   5.484W	2012 Dec  1?	P	-
S23598	1995-029A	Nimiq 3	1995 Jun 10	1995 Jun 15	2026 Oct  8 1519	    1454.526 	   36126.3 	 	   36166.8 	 	 12.20 	 	GEO/ID	106.62E	 +   4.581W	2009 Jun  5	P	-
S23613	1995-035B	TDRS 7	1995 Jul 13	1995 Jul 14	2026 Oct  8 1448	    1436.164 	   35746.0 	 	   35829.8 	 	 13.29 	 	GEO/I	 89.43E	 +   0.024W	*	P	-
S23615	1995-035D	IUS-26 SRM-2	1995 Jul 13	1995 Jul 14	2026 Aug 28 0232	    1433.078 	   35687.0 	 	   35768.0 	 	 15.61 	 	GEO/ID	 27.13W	 +   0.753E	1995 Jul 13 1341	C	-
S23648	1995-038C	IABS-5?	1995 Jul 31	1995 Aug  1	2026 Sep 17 2350	    1422.043 	   35420.6 	 	   35601.5 	 	 13.67 	 	GEO/ID	  9.86W	 +   3.560E	1995 Jul 31 2330	C	-
S23628	1995-038A	DSCS III B-7	1995 Jul 31	1995 Aug  1	2026 Oct  5 1244	    1459.464 	   36219.8 	 	   36265.7 	 	 13.52 	 	GEO/ID	178.56E	 +   5.787W	2022 Nov 10	P	-
S23636	1995-040A	Intelsat IS-4	1995 Aug  3	1995 Aug  9?	2026 Oct  8 0753	    1482.600 	   36564.0 	 	   36820.0 	 	 12.19 	 	GEO/ID	 93.83E	 +  11.330W	2010 Feb 26	P	-
S23639	1995-041A	Mugunghwa 1	1995 Aug  5	1995 Aug 25	2026 Oct  7 1742	    1444.887 	   35933.1 	 	   35983.9 	 	 14.73 	 	GEO/ID	 80.34E	 +   2.203W	2006 Jan 31	P	-
S23656	1995-045D	Blok DM-2 No. 78L	1995 Aug 30	1995 Aug 31	2026 Oct  8 1200	    1437.345 	   35739.5 	 	   35882.6 	 	 14.39 	 	GEO/ID	146.98E	 +   0.321W	1995 Aug 30 1933	R	-
S23653	1995-045A	Kosmos-2319	1995 Aug 30	1995 Aug 31	2026 Oct  7 1941	    1437.546 	   35784.3 	 	   35845.6 	 	 14.33 	 	GEO/ID	 44.47E	 +   0.371W	2001 May?	P	-
S23651	1995-044A	N-STAR a	1995 Aug 29	1995 Aug 31	2026 Oct  8 1501	    1452.694 	   36038.7 	 	   36183.0 	 	 13.34 	 	GEO/ID	 96.06E	 +   4.131W	2006 Aug 25 1240	P	-
S23649	1995-043A	JCSAT 3	1995 Aug 29	1995 Sep 12	2026 Oct  7 0435	    1452.403 	   36052.3 	 	   36158.0 	 	 13.05 	 	GEO/ID	 80.22W	 +   4.060W	2007 Feb 22 2213	P	-
S23670	1995-049A	Telstar 4	1995 Sep 24	1995 Sep 27	2026 Oct  8 0518	    1436.300 	   35780.1 	 	   35801.0 	 	 13.67 	 	GEO/I	 90.98W	 +   0.058W	2003 Sep 19	P	-
S23683	1995-054D	Blok DM-2 No.79L	1995 Oct 11	1995 Oct 11	2026 Aug 29 2128	    1437.504 	   35737.0 	 	   35891.3 	 	 15.01 	 	GEO/ID	 51.84E	 +   0.361W	1995 Oct 11 1626	R	-
S23680	1995-054A	Luch-1	1995 Oct 11	1995 Oct 11	2026 Oct  7 1806	    1436.091 	   35759.3 	 	   35813.6 	 	 15.05 	 	GEO/I	 72.50E	 +   0.006W	1999 Jun?	P	-
S23686	1995-055A	Astra 1E	1995 Oct 19	1995 Oct 23	2026 Oct  8 0113	    1457.622 	   36194.4 	 	   36219.4 	 	 11.74 	 	GEO/ID	 77.12W	 +   5.338W	2015 Jun 11	P	-
S23696	1995-057A	UHF F/O F6	1995 Oct 22	1995 Oct 28	2026 Oct  6 2043	    1458.047 	   36183.1 	 	   36247.2 	 	 11.65 	 	GEO/ID	 65.35E	 +   5.442W	2017 Jul?	P	-
S23713	1995-060B	Centaur TC-13	1995 Nov  6	1995 Nov  6	2026 Sep 15 0319	    1431.567 	   35543.2 	 	   35852.5 	 	 14.40 	 	GEO/ID	 45.80W	 +   1.135E	1995 Nov  6 0515	R	-
S23712	1995-060A	Milstar 2	1995 Nov  6	1995 Nov  6	2026 Oct  8 0726	    1436.110 	   35764.0 	 	   35809.8 	 	 14.11 	 	GEO/I	 90.84W	 +   0.011W	*	P	-
S23715	1995-062A	ISO	1995 Nov 17	1995 Nov 12	2026 Oct  8 0730	    1408.987 	     628.3 	 	   69880.2 	 	  0.48 	 	GEO/NS	121.49W	 +   6.938E	1998 May 16	P	-
S23716	1995-062B	Ariane H10-3 V80	1995 Nov 17	1995 Nov 12	2026 Oct  8 0925	    1515.700 	     708.2 	 	   73953.2 	 	  6.75 	 	VHEO	151.71W	 +  18.966W	1995 Nov 17 0120	R	-
S23720	1995-063D	Blok DM-2 No. 94L	1995 Nov 17	1995 Nov 17	2026 Aug 29 1828	    1434.884 	   35584.5 	 	   35941.1 	 	 14.13 	 	GEO/ID	 38.83E	 +   0.298E	1995 Nov 17 1425	R	-
S23717	1995-063A	Gals 2	1995 Nov 17	1995 Nov 17	2026 Oct  8 1204	    1441.631 	   35867.2 	 	   35922.5 	 	 14.52 	 	GEO/ID	154.34W	 +   1.393W	2003 Aug  4	P	-
S24700	1995-062C	ISO Cryo Cover	1995 Nov 17	1995 Nov 27	2026 Oct  8 0357	    1438.155 	     964.8 	 	   70688.9 	 	  5.00 	 	GEO/NS	106.44W	 +   0.524W	1995 Nov 17 0120	C	-
S23723	1995-064A	Amos 5i	1995 Nov 28	1995 Dec  4?	2026 Oct  8 0356	    1450.019 	   36039.9 	 	   36077.4 	 	 11.51 	 	GEO/ID	 20.12W	 +   3.473W	2012 Jul 21	P	-
S23731	1995-067B	Insat 2C	1995 Dec  6	1995 Dec 15?	2026 Oct  8 1003	    1443.052 	   35917.1 	 	   35928.2 	 	 14.37 	 	GEO/ID	170.32W	 +   1.747W	2003 Jul 28	P	-
S23730	1995-067A	Telecom 2C	1995 Dec  6	1995 Dec 20?	2026 Oct  8 1006	    1470.305 	   36390.6 	 	   36516.5 	 	 14.22 	 	GEO/ID	161.29W	 +   8.406W	2009 Oct 20?	P	-
S23741	1995-069A	Anik E2R	1995 Dec 15	1995 Dec 24	2026 Oct  8 0734	    1435.426 	   35758.2 	 	   35788.7 	 	 13.40 	 	GEO/ID	 88.60W	 +   0.162E	2006 Jan 24	P	-
S23754	1995-073A	Echostar I	1995 Dec 28	1996 Jan  6?	2026 Oct  6 0406	    1455.509 	   36154.8 	 	   36176.6 	 	  8.89 	 	GEO/ID	  5.39W	 +   4.821W	2018 Jan  6	P	-
S23765	1996-002B	Africasat 1	1996 Jan 12	1996 Jan 16	2026 Oct  3 0203	    1453.643 	   36115.2 	 	   36143.5 	 	 12.59 	 	GEO/ID	 71.22W	 +   4.364W	2013 May 15	P	-
S23764	1996-002A	Intelsat IS-3R	1996 Jan 12	1996 Jan 19	2026 Oct  1 1611	    1453.220 	   36074.0 	 	   36168.2 	 	 11.94 	 	GEO/ID	 35.74W	 +   4.261W	2011 Jul 17	P	-
S23768	1996-003A	ABS-1A	1996 Jan 14	1996 Jan 16	2026 Oct  8 1211	    1442.859 	   35903.7 	 	   35934.1 	 	 12.76 	 	GEO/ID	146.05E	 +   1.699W	2015 Jun 16	P	-
A05743	1996-003	Solar array restraint cable	1996 Jan 14	1996 Jan 17?	1996 Jan 17	    1439.516 	   35408.0 	 	   36299.0 	 	  0.54 	 	GEO/D	-	-	1996 Jan 14 1110	C	-
S23778	1996-005D	Blok DM-2 No. 81L	1996 Jan 25	1996 Jan 25	2026 Sep 30 2138	    1474.318 	   36471.4 	 	   36591.5 	 	 15.33 	 	GEO/ID	 21.64E	 +   9.365W	1996 Jan 25 0956	R	-
S23775	1996-005A	Gorizont	1996 Jan 25	1996 Jan 25	2026 Oct  7 2249	    1441.436 	   35795.9 	 	   35986.2 	 	 14.40 	 	GEO/ID	 14.52W	 +   1.344W	2006 May  5	P	-
S23781	1996-007A	N-Star b	1996 Feb  5	1996 Feb  9?	2026 Oct  8 0930	    1450.731 	   36033.2 	 	   36112.0 	 	 12.93 	 	GEO/ID	 65.57W	 +   3.649W	2007 May 31 1710	P	-
S23779	1996-006A	HGS-3	1996 Feb  1	1996 Feb 13	2026 Oct  8 1229	    1445.851 	   35937.3 	 	   36017.3 	 	 11.09 	 	GEO/ID	162.36W	 +   2.442W	2012 Jan  7	P	-
S23816	1996-015A	INTELSAT 707	1996 Mar 14	1996 Mar 17?	2026 Sep 30 2329	    1462.227 	   35996.6 	 	   36596.4 	 	 10.81 	 	GEO/ID	 44.09E	 +   6.458W	2013 Jan 14	P	-
S23839	1996-020A	INMARSAT III F-1	1996 Apr  3	1996 Apr  6	2026 Oct  8 1215	    1439.962 	   35829.5 	 	   35894.9 	 	 10.83 	 	GEO/ID	150.69E	 +   0.976W	*	P	R
S23842	1996-021A	Astra 1F	1996 Apr  8	1996 Apr 13	2026 Oct  4 0416	    1452.753 	   36086.0 	 	   36138.1 	 	  5.70 	 	GEO/ID	  7.24E	 +   4.146W	2020 Oct 23	P	-
S25349	1996-026B	Centaur TC-15	1996 Apr 24	1996 Apr 25	2026 Sep 19 1013	    1446.268 	   34098.4 	 	   37872.5 	 	  6.83 	 	GEO/ID	161.02W	 +   2.546W	1996 Apr 24 2337	R	-
S23855	1996-026A	USA 118	1996 Apr 24	1996 Apr 25	2025 Apr  3 0706	    1436.122 	   34376.2 	 	   37198.0 	 	  8.13 	 	GEO/I	 54.53E	 +   0.014W	*	P	-
S23846	1996-022A	M-SAT 1	1996 Apr 20	1996 Apr 26?	2026 Oct  8 1200	    1459.786 	   36141.9 	 	   36356.1 	 	 12.61 	 	GEO/ID	123.81W	 +   5.865W	2020 Nov 19	P	-
S23864	1996-030A	Palapa C2	1996 May 16	1996 May 21?	2026 Oct  8 1541	    1454.515 	   36111.6 	 	   36181.1 	 	 11.88 	 	GEO/ID	116.58E	 +   4.578W	2016 Oct 31	P	-
S23865	1996-030B	Intelsat IS-24	1996 May 16	1996 May 21	2026 Oct  8 1016	    1482.743 	   36642.1 	 	   36747.5 	 	 12.78 	 	GEO/ID	125.72W	 +  11.363W	2012 Sep 21	P	-
S23883	1996-034D	Blok DM-2 No. 100L	1996 May 25	1996 May 25	2026 Aug 28 2008	    1470.232 	   36329.3 	 	   36575.0 	 	 15.30 	 	GEO/ID	 76.55E	 +   8.388W	1996 May 25 0205	R	-
S23880	1996-034A	Gorizont	1996 May 25	1996 May 25	2026 Oct  8 1439	    1437.588 	   35780.0 	 	   35851.5 	 	 14.38 	 	GEO/ID	116.25E	 +   0.382W	2011 Aug 23	P	-
S23877	1996-033A	Galaxy 9	1996 May 24	1996 May 26	2026 Oct  7 2302	    1446.648 	   35947.4 	 	   36038.4 	 	 12.26 	 	GEO/ID	 29.68E	 +   2.640W	2010 Jun  5?	P	-
S23915	1996-035A	INTELSAT 709	1996 Jun 15	1996 Jun 18	2026 Oct  8 1215	    1451.883 	   36010.5 	 	   36179.5 	 	 10.97 	 	GEO/ID	155.81W	 +   3.932W	2013 Feb  2	P	-
S23943	1996-039A	Zhongxing 5D	1996 Jul  3	1996 Jul  7	2026 Oct  6 2126	    1451.760 	   36011.2 	 	   36174.0 	 	 12.79 	 	GEO/ID	 43.99E	 +   3.902W	2014 Aug 11?	P	-
S23949	1996-040B	Turksat 1C	1996 Jul  9	1996 Jul 14	2026 Oct  8 1159	    1435.826 	   35745.6 	 	   35817.0 	 	 12.23 	 	GEO/I	129.49E	 +   0.061E	2010 Sep?	P	-
S23948	1996-040A	Arabsat IIA	1996 Jul  9	1996 Jul 14	2026 Oct  8 0211	    1451.159 	   36057.3 	 	   36104.5 	 	 14.33 	 	GEO/ID	 27.29W	 +   3.754W	2005 Jun 20	P	-
S23967	1996-042A	UHF F/O F7	1996 Jul 25	1996 Jul 31	2026 Oct  8 0627	    1437.529 	   35789.8 	 	   35839.4 	 	 11.23 	 	GEO/ID	 77.65W	 +   0.367W	2017 Oct?	P	-
S24208	1996-044A	Italsat 2	1996 Aug  8	1996 Aug 13	2026 Oct  8 1418	    1428.864 	   35538.3 	 	   35751.5 	 	 13.85 	 	GEO/ID	133.87E	 +   1.820E	2002 Jul 15	P	-
S24209	1996-044B	Telecom 2D	1996 Aug  8	1996 Aug 24?	2026 Oct  8 1510	    1462.718 	   36255.9 	 	   36356.3 	 	 13.22 	 	GEO/ID	104.12E	 +   6.577W	2012 Nov 19	P	-
S25339	1996-053D	Blok DM1 No. 1L	1996 Sep  6	1996 Sep  7	2026 Oct  8 1053	    1467.967 	   36181.6 	 	   36634.6 	 	 15.20 	 	GEO/ID	 70.48W	 +   7.844W	1996 Sep  6 1737	R	-
S24307	1996-053A	INMARSAT III F-2	1996 Sep  6	1996 Sep  7	2026 Oct  8 0045	    1440.173 	   35842.3 	 	   35890.4 	 	 10.11 	 	GEO/ID	 32.54E	 +   1.029W	*	P	R
S24313	1996-055A	Echostar II	1996 Sep 11	1996 Sep 17	2026 Oct  8 0824	    1435.835 	   35737.1 	 	   35825.9 	 	 12.14 	 	GEO/I	 61.72W	 +   0.059E	2008 Jul 14	P	-
S24315	1996-054A	AMC 1	1996 Sep  8	1996 Sep 18	2026 Oct  8 1437	    1447.167 	   35963.4 	 	   36042.6 	 	  9.39 	 	GEO/ID	109.22E	 +   2.768W	2023 Jun 12	P	-
S24438	1996-058D	Blok DM-2M No. 2L	1996 Sep 26	1996 Sep 27	2026 Aug 29 1941	    1435.377 	   35741.0 	 	   35804.0 	 	 14.36 	 	GEO/ID	 43.46E	 +   0.174E	1996 Sep 26 1750	R	-
S24435	1996-058A	Ekspress-6	1996 Sep 26	1996 Sep 27	2026 Oct  8 1514	    1436.286 	   35751.5 	 	   35829.1 	 	 14.56 	 	GEO/I	102.41E	 +   0.055W	2002 Mar	P	-
S24653	1996-063B	Africasat 2	1996 Nov 13	1996 Nov 17	2026 Oct  8 0643	    1444.941 	   35932.1 	 	   35987.0 	 	 12.43 	 	GEO/ID	 44.99W	 +   2.217W	2018 Jul 17	P	-
S24652	1996-063A	Arabsat IIB	1996 Nov 13	1996 Nov 25?	2026 Oct  8 0752	    1448.571 	   36008.8 	 	   36052.1 	 	 10.83 	 	GEO/ID	 88.33E	 +   3.116W	2013 Mar 11	P	-
S24665	1996-067A	EUTELSAT 48A	1996 Nov 21	1996 Nov 30?	2026 Oct  3 1428	    1463.663 	   36285.6 	 	   36363.3 	 	 12.15 	 	GEO/ID	 15.34W	 +   6.806W	2017 May  9	P	-
S24674	1996-070A	INMARSAT III F-3	1996 Dec 18	1996 Dec 20	2026 Oct  8 0959	    1440.234 	   35838.2 	 	   35896.9 	 	 10.56 	 	GEO/ID	 71.53W	 +   1.044W	*	P	R
S24713	1997-002A	AMC 2	1997 Jan 30	1997 Feb  3	2026 Oct  8 1018	    1447.729 	   35982.7 	 	   36045.2 	 	 11.05 	 	GEO/ID	118.61W	 +   2.907W	2020 Dec 15	P	-
S24714	1997-002B	Nahuel 1A	1997 Jan 30	1997 Feb  4	2026 Oct  7 2128	    1448.952 	   36003.1 	 	   36072.6 	 	 12.66 	 	GEO/ID	 60.11E	 +   3.210W	2010 Jul 15	P	-
S24740	1997-008D	IUS-4 SRM-2	1997 Feb 23	1997 Feb 24	2026 Oct  6 1825	    1447.323 	   35900.2 	 	   36111.9 	 	 14.67 	 	GEO/ID	 71.41E	 +   2.807W	1997 Feb 23 2020	R	-
S24737	1997-008A	DSP F18	1997 Feb 23	1997 Feb 24	2026 Oct  1 2053	    1454.111 	   36091.2 	 	   36185.7 	 	 14.48 	 	GEO/ID	 26.27E	 +   4.479W	2021 Apr  2	P	-
S27680	1997-008E	DSP F18 Aperture Cover	1997 Feb 23	1997 Feb 25?	2020 Aug  3 1537	    1440.634 	   35683.4 	 	   36067.4 	 	 13.72 	 	GEO/ID	168.30W	 +   1.144W	1997 Feb 23 2020	C	-
S24732	1997-007A	Intelsat IS-26	1997 Feb 17	1997 Mar  4	2026 Oct  7 0705	    1455.943 	   36127.8 	 	   36220.5 	 	 12.45 	 	GEO/ID	 84.80W	 +   4.928W	2021 Nov  7?	P	-
S24742	1997-009A	INTELSAT 801	1997 Mar  1	1997 Mar  7	2026 Oct  7 1954	    1458.471 	   36194.0 	 	   36252.8 	 	 12.42 	 	GEO/ID	 92.20E	 +   5.545W	2013 Dec 13	P	-
S24748	1997-011A	DirecTV-6	1997 Mar  8	1997 Mar 12	2026 Oct  8 1204	    1454.070 	   36037.5 	 	   36237.8 	 	 13.27 	 	GEO/ID	133.81E	 +   4.469W	2006 Aug 15	P	-
S24769	1997-016B	BSAT 1a	1997 Apr 16	1997 Apr 21	2026 Oct  8 0929	    1452.823 	   36095.8 	 	   36130.9 	 	 11.37 	 	GEO/ID	 70.71E	 +   4.163W	2010 Aug  3	P	-
S24768	1997-016A	Thaicom 3	1997 Apr 16	1997 May  3?	2026 Oct  8 0525	    1458.193 	   35854.0 	 	   36582.0 	 	 13.17 	 	GEO/ID	 66.74W	 +   5.477W	2006 Oct	P	-
S24786	1997-019A	GOES 10	1997 Apr 25	1997 May  3	2026 Oct  6 0528	    1452.744 	   35977.0 	 	   36246.7 	 	 13.26 	 	GEO/ID	 75.53W	 +   4.144W	2009 Dec   2	P	-
S24798	1997-021A	Zhongxing 6	1997 May 11	1997 May 14	2026 Oct  6 2146	    1437.509 	   35784.2 	 	   35844.2 	 	 13.60 	 	GEO/ID	 87.37E	 +   0.362W	2004 May?	P	-
S24808	1997-025A	Thor II	1997 May 20	1997 May 23	2026 Oct  8 0913	    1454.981 	   36141.9 	 	   36168.9 	 	 12.21 	 	GEO/ID	 83.00W	 +   4.692W	2013 Jan  9	P	-
S24812	1997-026A	Galaxy 25	1997 May 24	1997 May 28	2026 Oct  8 1214	    1453.163 	   36097.3 	 	   36142.7 	 	  7.67 	 	GEO/ID	155.19E	 +   4.246W	2022 Dec 19	P	-
S24819	1997-027A	INMARSAT III F-4	1997 Jun  3	1997 Jun  6	2026 Oct  8 1449	    1447.329 	   35974.2 	 	   36038.1 	 	 11.73 	 	GEO/ID	 86.43E	 +   2.809W	2016 May  9	P	-
S24820	1997-027B	Insat 2D	1997 Jun  3	1997 Jun 10?	2026 Sep 24 1227	    1374.165 	   33201.0 	 	   35930.0 	 	 12.65 	 	MEO	172.29W	 +  16.262E	1997 Oct  5	P	-
S24834	1997-029A	Feng Yun 2A	1997 Jun 10	1997 Jun 11	2026 Oct  8 1206	    1499.190 	   36555.2 	 	   37470.2 	 	 15.71 	 	GEO/ID	148.35E	 +  15.199W	2007 Nov 15	P	-
S25611	1997-029C	FG-36 AKM	1997 Jun 10	1997 Jun 11	2026 Oct  8 1207	    1399.739 	   34147.1 	 	   35996.7 	 	 13.83 	 	GEO/ID	159.00E	 +   9.369E	1997 Jun 10 1201	C	-
S43355	1997-029D	FY-2A imager cover?	1997 Jun 10	1997 Jun 11	2026 Oct  7 1544	    1436.409 	   35608.3 	 	   35977.1 	 	 14.85 	 	GEO/I	103.63E	 +   0.086W	1997 Jun 10 1201	C	-
S24846	1997-031A	INTELSAT 802	1997 Jun 25	1997 Jun 30	2026 Oct  8 1205	    1467.742 	   36304.0 	 	   36503.5 	 	 11.62 	 	GEO/ID	134.42E	 +   7.790W	2010 Sep 29	P	-
S24891	1997-040A	PAS 6	1997 Aug  8	1997 Aug 11?	2026 Oct  8 1428	    1536.860 	   34688.4 	 	   40784.7 	 	  8.74 	 	VHEO	 88.38E	 +  23.674W	2004 Mar 26	P	-
S24880	1997-036A	Superbird C	1997 Jul 28	1997 Aug 13	2026 Oct  7 0706	    1453.522 	   36105.7 	 	   36148.2 	 	 12.26 	 	GEO/ID	 89.73W	 +   4.335W	2015 Dec  3 0936	P	-
S24897	1997-041D	Blok DM-2 No. 88L	1997 Aug 14	1997 Aug 15	2026 Sep 17 1240	    1439.847 	   34349.0 	 	   37370.9 	 	 14.52 	 	GEO/ID	163.60W	 +   0.947W	1997 Aug 14 2049	R	-
S24894	1997-041A	Kosmos-2345	1997 Aug 14	1997 Aug 15	2026 Oct  8 0252	    1434.396 	   35055.8 	 	   36450.8 	 	 14.41 	 	GEO/ID	117.38W	 +   0.421E	1998?	P	-
S24901	1997-042A	ABS-3	1997 Aug 19	1997 Aug 26?	2026 Oct  8 1507	    1450.750 	   36048.5 	 	   36097.3 	 	 11.42 	 	GEO/ID	104.87E	 +   3.653W	2017 Sep 28	P	-
S24932	1997-049B	Meteosat 7	1997 Sep  2	1997 Sep  4	2026 Sep 30 2150	    1464.778 	   36319.0 	 	   36373.3 	 	 13.80 	 	GEO/ID	 46.39E	 +   7.075W	2017 Apr  9	P	-
S25353	1997-049E	Mage 1	1997 Sep  2	1997 Sep  4	2026 Oct  7 0607	    1430.633 	   35369.8 	 	   35989.3 	 	 14.19 	 	GEO/ID	109.35W	 +   1.371E	1997 Sep  2 2221	C	-
S24916	1997-046A	Intelsat IS-5	1997 Aug 28	1997 Sep  8	2026 Oct  8 1145	    1453.997 	   36107.6 	 	   36164.9 	 	 10.64 	 	GEO/ID	126.84E	 +   4.451W	2024 Jul 16	P	-
S24931	1997-049A	Eutelsat W75	1997 Sep  2	1997 Sep  9?	2026 Oct  8 1153	    1405.161 	   35092.8 	 	   35264.9 	 	 11.54 	 	GEO/ID	129.32E	 +   7.940E	2011 Jun 30?	P	-
A05977	1997-049	Meteosat 7 MVIRI cover	1997 Sep  2	1997 Sep 18	1997 Sep 18	    1436.092 	   35778.0 	 	   35795.0 	 	  1.79 	 	GEO/S	-	-	1997 Sep  2 2221	C	-
A05978	1997-049	Meteosat 7 cooler cover	1997 Sep  2	1997 Sep 18	1997 Sep 18	    1436.092 	   35778.0 	 	   35795.0 	 	  1.79 	 	GEO/S	-	-	1997 Sep  2 2221	C	-
S24936	1997-050A	AMC 3	1997 Sep  4	1997 Sep 12	2026 Oct  8 1501	    1453.644 	   36112.8 	 	   36145.9 	 	  8.44 	 	GEO/ID	 96.53E	 +   4.365W	2026 Jun 12	P	-
S24957	1997-053A	NSS 5	1997 Sep 23	1997 Sep 29	2026 Oct  8 1211	    1452.982 	   36086.7 	 	   36146.2 	 	 10.77 	 	GEO/ID	142.74E	 +   4.202W	2021 Nov 27	P	-
S25004	1997-059A	Echostar III	1997 Oct  5	1997 Oct 16	2026 Oct  8 0047	    1456.421 	   36147.3 	 	   36219.6 	 	  9.78 	 	GEO/ID	 38.43E	 +   5.045W	2017 Aug 21	P	-
S59989	1978-113E	DSCS II F-12 debris	1978 Dec 14	1997 Oct 18	2026 Sep 15 2224	    1462.556 	   35583.2 	 	   37022.7 	 	  7.98 	 	GEO/ID	 29.29W	 +   6.538W	1978 Dec 14 0040	D	-
S59990	1978-113F	DSCS II F-12 debris	1978 Dec 14	1997 Oct 18	2026 Oct  5 1623	    1466.148 	   35737.9 	 	   37007.6 	 	  8.16 	 	GEO/ID	 48.67E	 +   7.406W	1978 Dec 14 0040	D	-
S59991	1978-113G	DSCS II F-12 debris	1978 Dec 14	1997 Oct 18	2026 Oct  6 2112	    1462.613 	   35649.4 	 	   36958.7 	 	  7.88 	 	GEO/ID	  5.48W	 +   6.552W	1978 Dec 14 0040	D	-
S59992	1978-113H	DSCS II F-12 debris	1978 Dec 14	1997 Oct 18	2026 Oct  6 0755	    1464.417 	   35442.5 	 	   37235.7 	 	  8.11 	 	GEO/ID	152.46W	 +   6.988W	1978 Dec 14 0040	D	-
S25010	1997-062A	Apstar 2R	1997 Oct 16	1997 Oct 21?	2026 Oct  8 1109	    1451.503 	   36053.8 	 	   36121.5 	 	 10.96 	 	GEO/ID	 60.40E	 +   3.839W	2012 Nov  7	P	-
S25019	1997-065A	DSCS III B-13	1997 Oct 25	1997 Oct 30	2026 Oct  8 0944	    1436.104 	   35770.3 	 	   35803.2 	 	 12.92 	 	GEO/I	113.02W	 +   0.009W	*	P	-
S25021	1997-065C	IABS-6	1997 Oct 25	1997 Oct 30	2026 Sep 16 1012	    1424.963 	   35355.6 	 	   35781.2 	 	 14.16 	 	GEO/ID	127.27W	 +   2.813E	1997 Oct 25 0046	C	-
S25048	1997-070D	Blok DM-2M No. 8L	1997 Nov 12	1997 Nov 12	2026 Sep 12 2119	    1445.304 	   35904.1 	 	   36029.1 	 	 14.73 	 	GEO/ID	 51.64E	 +   2.307W	1997 Nov 12 1700	R	-
S25045	1997-070A	Kupon	1997 Nov 12	1997 Nov 12	2026 Oct  7 1715	    1436.647 	   35775.6 	 	   35819.1 	 	 14.54 	 	GEO/ID	 78.43E	 +   0.145W	1998 Mar	P	-
S25050	1997-071B	Cakrawarta 1	1997 Nov 12	1997 Nov 17	2026 Oct  7 1956	    1434.826 	   35748.2 	 	   35775.2 	 	 13.08 	 	GEO/ID	 66.76E	 +   0.313E	2012 Aug 17	P	-
S25049	1997-071A	Astra 5A	1997 Nov 12	1997 Nov 18	2026 Oct  8 1012	    1448.646 	   36015.3 	 	   36048.4 	 	 12.20 	 	GEO/ID	138.43W	 +   3.134W	2009 Apr 12	P	-
S25067	1997-075A	JCSAT 1B	1997 Dec  2	1997 Dec  7	2026 Oct  8 0432	    1459.669 	   36151.0 	 	   36342.5 	 	 11.75 	 	GEO/ID	 88.86W	 +   5.837W	2017 Jul 19 0409	P	-
S25071	1997-076A	Astra 1G	1997 Dec  2	1997 Dec 11	2026 Oct  2 2331	    1454.034 	   36086.8 	 	   36187.1 	 	  9.75 	 	GEO/ID	 55.26E	 +   4.460W	2023 Jun 29	P	-
S25086	1997-078A	Galaxy 8i	1997 Dec  8	1997 Dec 22	2026 Oct  7 2254	    1444.241 	   35931.7 	 	   35960.0 	 	 14.12 	 	GEO/ID	  1.41E	 +   2.043W	2004 Jul	P	-
S25110	1997-083A	INTELSAT 804	1997 Dec 22	1997 Dec 27?	2026 Oct  6 1327	    1436.093 	   35761.7 	 	   35811.3 	 	 13.26 	 	GEO/I	163.65E	 +   0.006W	2005 Jan 14	P	-
S25134	1998-002A	Skynet 4D	1998 Jan 10	1998 Jan 12	2026 Oct  8 1139	    1452.247 	   36076.8 	 	   36127.4 	 	 12.89 	 	GEO/ID	167.06E	 +   4.021W	2008 Jan 24?	P	-
S25153	1998-006B	INMARSAT III F-5	1998 Feb  4	1998 Feb  7	2026 Oct  8 0434	    1436.075 	   35766.6 	 	   35805.7 	 	  9.94 	 	GEO/I	 53.68W	 +   0.002W	*	P	-
S25152	1998-006A	Star One B3	1998 Feb  4	1998 Feb 12?	2026 Oct  8 1159	    1451.327 	   36070.0 	 	   36098.4 	 	 11.04 	 	GEO/ID	133.20E	 +   3.795W	2018 Aug 15	P	-
S25237	1998-013A	EUTELSAT 16B	1998 Feb 27	1998 Mar	2026 Oct  8 0756	    1465.276 	   36342.7 	 	   36368.9 	 	 11.30 	 	GEO/ID	105.90W	 +   7.196W	2015 Mar 27	P	-
S25239	1998-014A	NSS 806	1998 Feb 28	1998 Mar  8	2026 Oct  8 0536	    1453.362 	   36086.7 	 	   36161.0 	 	  7.41 	 	GEO/ID	 26.38W	 +   4.296W	2018 Oct  8	P	-
S25258	1998-016A	UHF F/O F8	1998 Mar 16	1998 Mar 23	2026 Oct  8 1208	    1436.421 	   35768.3 	 	   35817.6 	 	 11.27 	 	GEO/I	149.12E	 +   0.089W	2022 May?	P	-
S25318	1998-025D	Blok DM-2 No. 96L	1998 Apr 29	1998 Apr 29	2026 Sep 15 2054	    1439.529 	   35727.6 	 	   35979.9 	 	 14.02 	 	GEO/ID	 66.96E	 +   0.868W	1998 Apr 29 0436	R	-
S25315	1998-025A	Kosmos-2350	1998 Apr 29	1998 Apr 29	2026 Oct  7 1743	    1436.028 	   35755.9 	 	   35814.6 	 	 14.00 	 	GEO/I	 80.98E	 +   0.010E	1998 Jul  6	P	-
S25312	1998-024B	BSAT 1b	1998 Apr 28	1998 May  3	2026 Oct  8 1016	    1452.817 	   36091.3 	 	   36135.2 	 	 11.72 	 	GEO/ID	125.86W	 +   4.162W	2007 Jul 15	P	-
S25311	1998-024A	Nilesat 101	1998 Apr 28	1998 May	2026 Oct  8 1205	    1478.519 	   36517.4 	 	   36708.5 	 	 10.95 	 	GEO/ID	133.53E	 +  10.364W	2013 Feb 11	P	-
S25337	1998-029B	Centaur TC-18	1998 May  9	1998 May  9	2026 Oct  8 1226	    1436.219 	   35592.0 	 	   35986.0 	 	  7.55 	 	GEO/I	138.56E	 +   0.038W	1998 May  9 0138	R	-
S25336	1998-029A	USA 139	1998 May  9	1998 May  9	2026 Sep 15 0238	    1436.122 	   35640.5 	 	   35933.7 	 	  7.42 	 	GEO/I	 38.86W	 +   0.014W	*	P	-
S25331	1998-028A	Echostar IV	1998 May  7	1998 May 18?	2026 Oct  8 1501	    1455.315 	   36111.6 	 	   36212.3 	 	 11.91 	 	GEO/ID	 96.87E	 +   4.774W	2011 Jul 16	P	-
S25354	1998-033A	Zhongxing 5A	1998 May 30	1998 Jun 11	2026 Oct  8 0311	    1454.614 	   36109.5 	 	   36187.0 	 	  9.23 	 	GEO/ID	176.39W	 +   4.602W	2018 Jun 22	P	-
S25358	1998-035A	Thor III	1998 Jun 10	1998 Jun 12	2026 Oct  8 1355	    1457.019 	   36169.6 	 	   36220.7 	 	 12.01 	 	GEO/ID	164.62E	 +   5.191W	2019 Jul  9?	P	-
S25126	1997-086A	HGS-1	1997 Dec 24	1998 Jun 17	2026 Oct  1 0412	    1436.462 	   35591.2 	 	   35996.3 	 	 13.33 	 	GEO/I	 38.58W	 +   0.099W	2002 Jul  1	P	-
S25371	1998-037A	INTELSAT 805	1998 Jun 18	1998 Jun 23	2026 Oct  6 0925	    1447.643 	   35845.6 	 	   36179.0 	 	  8.10 	 	GEO/ID	 50.09W	 +   2.886W	2020 Jan 16	P	-
S25404	1998-044A	PSN V	1998 Jul 18	1998 Jul 23?	2026 Oct  8 0355	    1451.603 	   36055.4 	 	   36123.8 	 	 11.19 	 	GEO/ID	 22.94W	 +   3.863W	2013 Jul  7	P	-
S25460	1998-049A	ST-1	1998 Aug 25	1998 Aug 30	2026 Oct  8 0943	    1458.286 	   36180.2 	 	   36259.4 	 	 11.30 	 	GEO/ID	 80.76W	 +   5.500W	2013 Dec 18	P	-
S25462	1998-050A	Astra 2A	1998 Aug 30	1998 Sep  5?	2026 Oct  8 1153	    1459.553 	   36144.4 	 	   36344.6 	 	  7.39 	 	GEO/ID	144.00W	 +   5.808W	2025 May 14	P	-
S25473	1998-052A	Intelsat IS-7	1998 Sep 16	1998 Sep 24?	2026 Oct  4 1255	    1466.241 	   36334.4 	 	   36414.8 	 	 10.69 	 	GEO/ID	 29.14E	 +   7.428W	2016 Feb 25	P	-
S25492	1998-056B	Sirius 3	1998 Oct  5	1998 Oct  8	2026 Sep 30 1615	    1454.002 	   36129.2 	 	   36143.5 	 	 11.96 	 	GEO/ID	 32.42W	 +   4.452W	2015 Nov 12	P	-
S25491	1998-056A	Eutelsat W2	1998 Oct  5	1998 Oct 10	2026 Oct  8 0810	    1450.689 	   36051.9 	 	   36091.5 	 	 11.86 	 	GEO/ID	 44.39W	 +   3.638W	2010 Mar 30	P	-
S25495	1998-057A	EUTELSAT 4B	1998 Oct  9	1998 Oct 14	2026 Oct  8 1215	    1462.558 	   36254.4 	 	   36351.5 	 	 10.77 	 	GEO/ID	154.29E	 +   6.538W	2013 Sep 25	P	-
S25501	1998-058A	UHF F/O F9	1998 Oct 20	1998 Oct 27	2026 Oct  7 1504	    1466.714 	   36344.2 	 	   36423.3 	 	 11.44 	 	GEO/ID	153.01E	 +   7.542W	2006 Sep?	P	-
S25515	1998-063A	Spectrum 2	1998 Oct 28	1998 Oct 31	2026 Oct  8 1248	    1454.402 	   36120.7 	 	   36167.6 	 	 10.47 	 	GEO/ID	168.94W	 +   4.551W	2017 Dec 26?	P	-
S25516	1998-063B	AMC 5	1998 Oct 28	1998 Nov  4	2026 Oct  8 0929	    1449.733 	   36043.8 	 	   36062.3 	 	 11.65 	 	GEO/ID	 69.76E	 +   3.403W	2014 May 17	P	-
S25522	1998-065A	Intelsat IS-8	1998 Nov  4	1998 Nov 10?	2026 Oct  4 0549	    1512.833 	   36041.2 	 	   38509.9 	 	  9.42 	 	VHEO	 23.92W	 +  18.317W	2016 Dec 31?	P	-
S25546	1998-068A	BONUM-1	1998 Nov 22	1998 Nov 28	2026 Oct  8 1015	    1454.011 	   36132.9 	 	   36140.1 	 	 11.12 	 	GEO/ID	 81.97W	 +   4.455W	2014 Dec  9	P	-
S25558	1998-070A	EUTELSAT 115 WEST A	1998 Dec  6	1998 Dec 22?	2026 Oct  8 0529	    1458.626 	   36207.6 	 	   36245.2 	 	 10.59 	 	GEO/ID	141.56E	 +   5.583W	2016 Apr 26	P	-
S25585	1998-075A	Intelsat IS-6B	1998 Dec 22	1999 Jan  1?	2026 Oct  8 0035	    1452.249 	   36016.9 	 	   36187.5 	 	 12.51 	 	GEO/ID	  2.21W	 +   4.022W	2008 Mar 24	P	-
S25626	1999-005A	Galaxy 26	1999 Feb 15	1999 Feb 19	2026 Oct  8 1205	    1454.552 	   36122.6 	 	   36171.5 	 	 11.88 	 	GEO/ID	133.26E	 +   4.587W	2014 Jun  5	P	-
S25645	1999-010D	Blok DM-2 No. 84L	1999 Feb 28	1999 Feb 28	2026 Sep 15 2052	    1468.740 	   36335.5 	 	   36510.8 	 	 16.47 	 	GEO/ID	 60.06E	 +   8.030W	1999 Feb 28 0400	R	-
S25642	1999-010A	Raduga-1	1999 Feb 28	1999 Feb 28	2026 Oct  7 1805	    1437.250 	   35780.9 	 	   35837.5 	 	 15.67 	 	GEO/ID	 68.40E	 +   0.297W	2005 Sep?	P	-
S25630	1999-006A	JCSAT 4A	1999 Feb 16	1999 Mar  1?	2026 Oct  8 0310	    1457.302 	   36114.5 	 	   36286.7 	 	  9.94 	 	GEO/ID	177.91W	 +   5.260W	2021 Dec 10 0147	P	-
S25638	1999-009A	Arabsat 3A	1999 Feb 26	1999 Mar  1	2026 Oct  8 1454	    1437.460 	   35806.4 	 	   35820.1 	 	 12.12 	 	GEO/ID	148.98E	 +   0.350W	2009 Aug 27	P	-
S25639	1999-009B	Skynet 4E	1999 Feb 26	1999 Mar  1	2026 Oct  6 1951	    1454.180 	   36122.9 	 	   36156.7 	 	 12.14 	 	GEO/ID	 68.49E	 +   4.496W	2025 Dec  4	P	-
S25657	1999-013A	Asiasat 3S	1999 Mar 21	1999 Mar 27?	2026 Oct  8 1409	    1456.368 	   36172.6 	 	   36192.3 	 	 10.07 	 	GEO/ID	168.60E	 +   5.032W	2021 Nov 22?	P	-
S25666	1999-016A	Insat 2E	1999 Apr  2	1999 Apr  8	2026 Oct  8 1148	    1444.948 	   35921.7 	 	   35997.6 	 	 11.56 	 	GEO/ID	124.45E	 +   2.218W	2012 Apr 20	P	-
S25673	1999-018A	EUTELSAT 48C	1999 Apr 12	1999 Apr	2026 Oct  3 0322	    1462.942 	   36273.1 	 	   36347.8 	 	 10.79 	 	GEO/ID	  3.10W	 +   6.631W	2014 Nov  9	P	-
S25740	1999-027A	Nimiq 1	1999 May 20	1999 May 26	2026 Oct  8 0534	    1460.731 	   36244.2 	 	   36290.6 	 	  6.91 	 	GEO/ID	 34.21W	 +   6.095W	2021 Dec 18	P	-
S25785	1999-033A	Astra 1H	1999 Jun 18	1999 Jun 24	2026 Oct  2 0238	    1455.351 	   36110.4 	 	   36214.9 	 	 10.86 	 	GEO/ID	  4.94E	 +   4.783W	2019 Oct 17	P	-
S25869	1999-040D	IUS-27 SRM-2	1999 Jul 23	1999 Jul 23	2026 Oct  7 1618	    1480.859 	     728.8 	 	   72587.8 	 	 27.18 	 	GEO/NS	109.64W	 +  10.919W	1999 Jul 23 0431	C	-
S25867	1999-040B	Chandra X-ray Observatory	1999 Jul 23	1999 Jul 23	2026 Oct 10 0209	    3808.490 	   12550.1 	 	  136262.9 	 	 57.77 	 	VHEO	 32.05E	-	*	P	D
S25880	1999-042A	Telkom 1	1999 Aug 12	1999 Aug 21	2026 Oct  8 1110	    1436.302 	   35727.7 	 	   35853.6 	 	  7.95 	 	GEO/I	 63.20E	 +   0.059W	2017 Dec  1?	P	-
S25900	1999-047E	Blok DM-2M No. 4L	1999 Sep  6	1999 Sep  6	2026 Aug 29 0543	    1438.233 	   35400.6 	 	   36256.2 	 	 14.53 	 	GEO/ID	 68.66W	 +   0.543W	1999 Sep  6 1636	R	-
S25896	1999-047A	Yamal-101	1999 Sep  6	1999 Sep  6	2026 Oct  5 2044	    1441.860 	   35533.0 	 	   36265.6 	 	 14.63 	 	GEO/ID	 12.18E	 +   1.450W	1999 Oct?	P	-
S25897	1999-047B	Yamal-102	1999 Sep  6	1999 Sep  6	2026 Oct  8 1208	    1439.996 	   35857.0 	 	   35868.7 	 	 13.78 	 	GEO/ID	149.23E	 +   0.985W	2010 Aug  6	P	-
S25894	1999-046A	ABS-7	1999 Sep  4	1999 Sep 13?	2026 Oct  8 0535	    1440.366 	   35851.5 	 	   35888.7 	 	  6.76 	 	GEO/ID	 32.17W	 +   1.077W	2022 Feb 16	P	-
S25922	1999-052A	Galaxy 27	1999 Sep 25	1999 Sep 30	2026 Oct  8 1409	    1454.220 	   36083.4 	 	   36197.8 	 	 10.50 	 	GEO/ID	169.84E	 +   4.506W	2016 May 10	P	-
S25913	1999-050A	Echostar V	1999 Sep 23	1999 Oct  3?	2026 Sep 29 0206	    1458.247 	   36209.6 	 	   36228.4 	 	 12.15 	 	GEO/ID	  0.73E	 +   5.490W	2009 Aug 10	P	-
S25924	1999-053A	ABS 6	1999 Sep 26	1999 Oct  4?	2026 Oct  8 1355	    1436.103 	   35779.7 	 	   35793.7 	 	  0.05 	 	GEO/S	159.04E	 +   0.009W	*	P	-
S25937	1999-056A	DirecTV 1R	1999 Oct 10	1999 Oct 15	2026 Oct  8 1155	    1455.125 	   36135.7 	 	   36180.7 	 	 10.90 	 	GEO/ID	149.26W	 +   4.727W	2014 May  5	P	-
S25949	1999-059A	Telstar 12	1999 Oct 19	1999 Oct 27	2026 Oct  6 2231	    1461.951 	   36239.9 	 	   36342.4 	 	  8.95 	 	GEO/ID	 34.50E	 +   6.391W	2020 Dec 26	P	-
S25954	1999-060A	AMC 4	1999 Nov 13	1999 Nov 21	2026 Oct  8 1210	    1452.531 	   36079.9 	 	   36135.4 	 	  5.54 	 	GEO/ID	158.02E	 +   4.091W	2023 Feb 15	P	-
S25967	1999-063A	UHF F/O F10	1999 Nov 23	1999 Nov 29	2026 Oct  8 0212	    1436.087 	   35765.4 	 	   35807.5 	 	  9.95 	 	GEO/I	 22.78W	 +   0.005W	*	P	-
S26038	1999-071A	Galaxy 11	1999 Dec 22	2000 Jan  2	2026 Oct  8 0533	    1454.185 	   36114.6 	 	   36165.2 	 	  7.03 	 	GEO/ID	 37.68W	 +   4.497W	2025 Feb 28	P	-
S26054	2000-001C	IABS-9	2000 Jan 21	2000 Jan 22	2026 Sep 12 2149	    1423.185 	   35416.7 	 	   35650.3 	 	 14.13 	 	GEO/ID	 39.67E	 +   3.268E	2000 Jan 21 0103	C	-
S26052	2000-001A	DSCS III B-8	2000 Jan 21	2000 Jan 22	2026 Oct  8 1011	    1452.925 	   36101.6 	 	   36129.1 	 	 12.09 	 	GEO/ID	141.35W	 +   4.188W	2025 Jun  9	P	-
S26056	2000-002A	Galaxy 10R	2000 Jan 25	2000 Jan 31	2026 Oct  8 1214	    1445.107 	   35930.5 	 	   35995.1 	 	 12.35 	 	GEO/ID	159.77E	 +   2.258W	2008 Jun 23	P	-
S26058	2000-003A	Zhongxing 22	2000 Jan 25	2000 Feb  1?	2026 Oct  1 2151	    1479.640 	   36614.6 	 	   36654.7 	 	 12.64 	 	GEO/ID	 43.50E	 +  10.630W	2012 Nov 28	P	-
S26071	2000-007A	Hispasat 84W-1	2000 Feb  3	2000 Feb 10?	2026 Oct  8 0934	    1451.618 	   36053.9 	 	   36125.9 	 	  8.66 	 	GEO/ID	 87.22E	 +   3.867W	2017 Jun  5	P	-
S26089	2000-011A	Garuda 1	2000 Feb 12	2000 Feb 19	2026 Oct  6 0403	    1441.122 	   35864.3 	 	   35905.5 	 	  9.92 	 	GEO/ID	 15.09W	 +   1.266W	2015 Jan 20	P	-
S26095	2000-012A	Superbird B2	2000 Feb 18	2000 Feb 26?	2026 Oct  8 0050	    1456.759 	   36109.4 	 	   36270.7 	 	  8.56 	 	GEO/ID	 49.59E	 +   5.127W	2018 Jun 14 1154	P	-
S26098	2000-013A	Ekspress 6A	2000 Mar 12	2000 Mar 12	2026 Oct  5 2154	    1465.557 	   36340.9 	 	   36381.7 	 	 13.26 	 	GEO/ID	 41.57E	 +   7.263W	2015 Dec  6	P	-
S26101	2000-013D	Blok DM-2M No. 10L	2000 Mar 12	2000 Mar 12	2026 Sep 17 1240	    1429.196 	   35627.0 	 	   35675.9 	 	 14.35 	 	GEO/ID	162.48W	 +   1.736E	2000 Mar 12 0407	R	-
S26108	2000-016B	Insat 3B	2000 Mar 21	2000 Mar 24	2026 Oct  2 0410	    1444.862 	   35922.3 	 	   35993.7 	 	 11.07 	 	GEO/ID	 32.41W	 +   2.197W	2011 Feb	P	-
S26107	2000-016A	Spectrum 1	2000 Mar 21	2000 Mar 30?	2026 Oct  8 1507	    1436.125 	   35769.7 	 	   35804.6 	 	  9.39 	 	GEO/I	105.31E	 +   0.014W	*	P	-
S26246	2000-019D	Blok DM-2M No. 9L	2000 Apr 17	2000 Apr 18	2026 Oct  7 1807	    1446.442 	   35928.0 	 	   36049.7 	 	 14.76 	 	GEO/ID	 76.94E	 +   2.589W	2000 Apr 17 2106	R	-
S26243	2000-019A	EUTELSAT 16C	2000 Apr 17	2000 Apr 18	2026 Oct  8 1504	    1455.234 	   36135.6 	 	   36185.1 	 	 11.12 	 	GEO/ID	100.28E	 +   4.754W	2018 Feb  8	P	-
S26298	2000-020A	Galaxy 4R	2000 Apr 19	2000 Apr 25	2026 Oct  4 1602	    1442.294 	   35873.6 	 	   35942.0 	 	 12.89 	 	GEO/ID	 36.33W	 +   1.558W	2009 Apr 20	P	-
S26359	2000-024D	IUS-22 SRM-2	2000 May  8	2000 May  8	2026 Oct  7 1646	    1444.278 	   35922.8 	 	   35970.4 	 	 13.41 	 	GEO/ID	103.75E	 +   2.052W	2000 May  8 1601	R	-
S26356	2000-024A	DSP F20	2000 May  8	2000 May  8	2026 Oct  7 2120	    1454.428 	   36133.2 	 	   36156.1 	 	 13.28 	 	GEO/ID	 31.29E	 +   4.557W	2026 Sep  3	P	-
S28156	2000-024E	DSP F20 Aperture Cover	2000 May  8	2000 May  9?	2026 Apr  7 1020	    1443.541 	   35228.8 	 	   36635.6 	 	 13.67 	 	GEO/ID	 21.10E	 +   1.869W	2000 May  8 1601	C	-
S26352	2000-022A	GOES 11	2000 May  3	2000 May 11	2026 Oct  7 2305	    1453.938 	   36114.3 	 	   36156.0 	 	 12.03 	 	GEO/ID	 40.73E	 +   4.437W	2011 Dec 16	P	-
S26369	2000-028A	EUTELSAT 12 WEST F	2000 May 24	2000 Jun  1	2026 Oct  3 1936	    1462.398 	   36260.5 	 	   36339.2 	 	  8.85 	 	GEO/ID	 39.64E	 +   6.499W	2021 Nov  3	P	-
S26373	2000-029B	Briz-M No. 88502L	2000 Jun  6	2000 Jun  6	2026 Oct  7 0517	    1434.607 	   34670.8 	 	   36844.0 	 	 13.61 	 	GEO/ID	 60.88W	 +   0.368E	2000 Jun  6 0259	R	-
S26372	2000-029A	Gorizont	2000 Jun  6	2000 Jun  6	2026 Oct  6 2158	    1436.909 	   35786.6 	 	   35818.4 	 	 13.93 	 	GEO/ID	 16.01E	 +   0.211W	2008 Apr	P	-
S26381	2000-031D	Blok DM-2 No. 89L	2000 Jun 24	2000 Jun 24	2026 Oct  8 1433	    1448.174 	   35981.4 	 	   36063.9 	 	 14.65 	 	GEO/ID	100.10E	 +   3.018W	2000 Jun 24 0028	R	-
S26378	2000-031A	Ekspress 3A	2000 Jun 24	2000 Jun 24	2026 Oct  8 0217	    1457.929 	   36167.1 	 	   36258.6 	 	 12.48 	 	GEO/ID	  6.00W	 +   5.413W	2009 Aug 24	P	-
S26382	2000-032A	Feng Yun 2B	2000 Jun 25	2000 Jun 26	2026 Oct  8 0436	    1439.000 	   35828.7 	 	   35858.1 	 	 13.38 	 	GEO/ID	103.90W	 +   0.735W	2006 Mar?	P	-
S26460	2000-032C	FG-36 AKM	2000 Jun 25	2000 Jun 26	2026 Oct  7 1510	    1437.619 	   35725.5 	 	   35907.2 	 	 14.48 	 	GEO/ID	121.51E	 +   0.389W	2000 Jun 25 1150	C	-
S26397	2000-036D	Blok DM-2 No. 90L	2000 Jul  4	2000 Jul  5	2026 Sep 16 0316	    1437.175 	   35740.9 	 	   35874.5 	 	 14.01 	 	GEO/ID	 33.91W	 +   0.278W	2000 Jul  4 2344	R	-
S26394	2000-036A	Kosmos-2371	2000 Jul  4	2000 Jul  5	2026 Oct  7 1806	    1435.955 	   35769.3 	 	   35798.3 	 	 14.05 	 	GEO/I	 72.33E	 +   0.028E	2009 Mar 11?	P	-
S26390	2000-035A	Sirius FM-1	2000 Jun 30	2000 Jul  6	2026 Oct  8 1221	     912.101 	   24768.6 	 	   24784.3 	 	 59.38 	 	MEO	145.15E	-	2016 Nov 21	P	-
S26388	2000-034A	TDRS 8	2000 Jun 30	2000 Jul  8	2026 Oct  8 1449	    1436.035 	   35779.0 	 	   35791.8 	 	 12.86 	 	GEO/I	 85.34E	 +   0.008E	*	P	-
S26402	2000-038A	Echostar VI	2000 Jul 14	2000 Jul 17?	2026 Oct  8 1507	    1457.654 	   36197.7 	 	   36217.3 	 	 11.09 	 	GEO/ID	105.40E	 +   5.346W	2018 May 25	P	-
S26451	2000-043A	Intelsat IS-9	2000 Jul 28	2000 Aug  3	2026 Oct  8 0357	    1448.592 	   36008.5 	 	   36053.2 	 	 10.62 	 	GEO/ID	 14.65W	 +   3.121W	2025 Jul  1	P	-
S26470	2000-046B	Nilesat 102	2000 Aug 17	2000 Aug 22	2026 Oct  8 1208	    1468.725 	   36397.4 	 	   36448.3 	 	  9.64 	 	GEO/ID	144.31E	 +   8.026W	2018 Jun 24	P	-
S26469	2000-046A	Star One B4	2000 Aug 17	2000 Aug 23	2026 Oct  8 0937	    1452.155 	   36070.4 	 	   36130.3 	 	  9.53 	 	GEO/ID	 97.56E	 +   3.999W	2021 Jun 15	P	-
S26480	2000-049D	Blok DM-2 No. 87L	2000 Aug 28	2000 Aug 29	2026 Sep 22 2207	    1466.496 	   36320.9 	 	   36438.2 	 	 14.68 	 	GEO/ID	 35.08E	 +   7.490W	2000 Aug 28 2008	R	-
S26477	2000-049A	Raduga-1	2000 Aug 28	2000 Aug 29	2026 Oct  6 1632	    1436.889 	   35799.2 	 	   35805.0 	 	 14.03 	 	GEO/ID	 58.94E	 +   0.206W	2009 Apr	P	-
S26483	2000-051A	Sirius FM-2	2000 Sep  5	2000 Sep 11	2026 Oct  4 2022	     872.825 	   23231.9 	 	   24519.2 	 	 67.20 	 	MEO	 81.34E	-	2016 Aug  1	P	-
S26487	2000-052A	EUTELSAT 4A	2000 Sep  6	2000 Sep 11?	2026 Oct  8 1104	    1466.700 	   36346.0 	 	   36421.1 	 	 11.57 	 	GEO/ID	 44.26E	 +   7.539W	2012 Feb 16	P	-
S26495	2000-054B	AMC 7	2000 Sep 14	2000 Sep 18?	2026 Oct  8 1028	    1452.615 	   36076.9 	 	   36141.7 	 	  7.20 	 	GEO/ID	 82.99W	 +   4.112W	2020 Jan 25	P	-
S26494	2000-054A	Astra 2B	2000 Sep 14	2000 Oct  2?	2026 Oct  8 1153	    1455.783 	   36094.9 	 	   36247.2 	 	  9.85 	 	GEO/ID	145.00W	 +   4.889W	2021 Jun 12	P	-
S26554	2000-059A	NSS 11	2000 Oct  1	2000 Oct 11	2026 Oct  8 1409	    1436.082 	   35773.9 	 	   35798.7 	 	  2.41 	 	GEO/S	176.03E	 +   0.003W	*	P	-
S26559	2000-060A	N-SAT-110	2000 Oct  6	2000 Oct 14	2026 Oct  8 0447	    1451.844 	   36079.6 	 	   36108.9 	 	  7.08 	 	GEO/ID	162.55E	 +   3.922W	2019 Jan 17 0137	P	-
S26575	2000-065A	DSCS III B-11	2000 Oct 20	2000 Oct 21?	2026 Oct  8 1449	    1436.029 	   35780.6 	 	   35789.9 	 	 11.82 	 	GEO/I	134.79E	 +   0.010E	*	P	-
S26577	2000-065C	IABS-8	2000 Oct 20	2000 Oct 21?	2026 Oct  3 0224	    1423.194 	   35290.3 	 	   35777.0 	 	 13.99 	 	GEO/ID	 47.18W	 +   3.266E	2000 Oct 20 0040	R	-
S26578	2000-066A	Thuraya 1	2000 Oct 21	2000 Oct 30	2026 Oct  6 2237	    1454.774 	   36137.2 	 	   36165.6 	 	  9.98 	 	GEO/ID	 43.50E	 +   4.642W	2007 May 10	P	-
S26580	2000-067A	AMC 6	2000 Oct 21	2000 Oct 30	2026 Oct  8 1156	    1436.087 	   35765.9 	 	   35806.9 	 	  0.44 	 	GEO/S	135.06W	 +   0.005W	*	P	-
S26590	2000-068A	Intelsat IS-12	2000 Oct 29	2000 Nov  3?	2026 Oct  8 1155	    1454.144 	   36086.3 	 	   36191.9 	 	  8.61 	 	GEO/ID	137.57W	 +   4.487W	2021 Oct 19	P	-
S26599	2000-069A	Beidou DJW	2000 Oct 30	2000 Nov  6	2026 Oct  1 2114	    1455.944 	   36154.8 	 	   36193.6 	 	 12.52 	 	GEO/ID	 52.76E	 +   4.928W	2011 Nov 21	P	-
S26608	2000-072A	Intelsat IS-1R	2000 Nov 16	2000 Nov 25	2026 Oct  8 0359	    1454.969 	   36134.9 	 	   36175.5 	 	  8.35 	 	GEO/ID	  6.27W	 +   4.689W	2024 Aug  2	P	-
S26624	2000-076A	Anik F1	2000 Nov 21	2000 Dec  3	2026 Oct  8 1156	    1455.195 	   36108.3 	 	   36210.9 	 	  5.48 	 	GEO/ID	133.33W	 +   4.745W	2024 Nov 25	P	-
S26626	2000-077A	Sirius FM-3	2000 Nov 30	2000 Dec  6	2026 Oct  8 0634	     906.668 	   24608.8 	 	   24696.5 	 	 59.60 	 	MEO	158.80E	-	2016 Aug 11?	P	-
S26635	2000-080A	USA 155	2000 Dec  6	2000 Dec  8?	2021 Jan 13 1106	    1436.078 	   35725.6 	 	   35846.9 	 	  9.29 	 	GEO/I	110.09E	 +   0.002W	*	P	-
S26638	2000-081A	Astra 2D	2000 Dec 20	2000 Dec 23?	2026 Oct  8 0843	    1454.554 	   36129.0 	 	   36165.2 	 	 10.71 	 	GEO/ID	 92.08W	 +   4.588W	2023 Jan 19	P	-
S26639	2000-081B	AMC 8	2000 Dec 20	2000 Dec 26	2026 Oct  8 1031	    1452.359 	   36081.5 	 	   36127.1 	 	  6.41 	 	GEO/ID	 72.93W	 +   4.049W	2022 Dec  2	P	-
S26643	2000-082A	Beidou DSW 2	2000 Dec 20	2000 Dec 30?	2026 Oct  8 0525	    1450.856 	   35741.2 	 	   36408.8 	 	 12.75 	 	GEO/ID	 67.43W	 +   3.679W	2011 Nov 23	P	-
S26666	2001-002A	Turksat 2A	2001 Jan 10	2001 Jan 15	2026 Oct  8 1154	    1466.288 	   36351.7 	 	   36399.3 	 	  9.23 	 	GEO/ID	141.96W	 +   7.440W	2016 Oct  2	P	-
S26695	2001-005B	Skynet 4F	2001 Feb  7	2001 Feb 10	2026 Oct  7 2300	    1452.361 	   36072.4 	 	   36136.2 	 	 12.24 	 	GEO/ID	 22.85E	 +   4.049W	2019 Oct?	P	-
S26694	2001-005A	SICRAL 1	2001 Feb  7	2001 Feb 20	2025 Apr  3 1353	    1458.379 	   36185.4 	 	   36257.8 	 	 11.53 	 	GEO/ID	  6.97W	 +   5.522W	2021 May 12	P	-
S26715	2001-009A	Milstar 4	2001 Feb 27	2001 Feb 28	2026 Oct  8 1009	    1436.041 	   35604.9 	 	   35966.1 	 	 11.67 	 	GEO/I	150.01W	 +   0.007E	*	P	-
S26716	2001-009B	Centaur TC-22	2001 Feb 27	2001 Feb 28	2026 Oct  7 1641	    1433.039 	   35665.0 	 	   35788.5 	 	 12.71 	 	GEO/ID	104.94E	 +   0.763E	2001 Feb 27 2120	R	-
S26720	2001-011B	BSAT-2a	2001 Mar  8	2001 Mar 10	2026 Oct  8 0130	    1451.900 	   36064.4 	 	   36126.3 	 	 10.97 	 	GEO/ID	169.52W	 +   3.936W	2013 Jan 29	P	-
S26719	2001-011A	EUTELSAT 133 WEST A	2001 Mar  8	2001 Mar 14	2026 Oct  8 0229	    1457.624 	   36194.0 	 	   36219.8 	 	  7.66 	 	GEO/ID	 38.69E	 +   5.338W	2023 Jun 15	P	-
S26724	2001-012A	XM-2	2001 Mar 18	2001 Mar 25?	2026 Oct  8 0536	    1453.301 	   36082.5 	 	   36162.8 	 	  9.85 	 	GEO/ID	 27.17W	 +   4.280W	2014 Nov  1	P	-
S26738	2001-014C	Briz-M No. 88503L	2001 Apr  7	2001 Apr  7	2026 Sep 25 0245	    1469.937 	   35675.4 	 	   37217.5 	 	 15.34 	 	GEO/ID	109.76W	 +   8.318W	2001 Apr  7 0347	R	-
S26736	2001-014A	Ekran-M	2001 Apr  7	2001 Apr  7	2026 Oct  5 1033	    1445.903 	   35861.7 	 	   36094.9 	 	 14.73 	 	GEO/ID	170.15W	 +   2.455W	2009 Apr  9	P	-
S26745	2001-015A	GSAT-1	2001 Apr 18	2001 Apr 23	2026 Sep 16 0142	    1387.010 	   33855.1 	 	   35785.4 	 	 12.83 	 	GEO/ID	  2.45W	 +  12.768E	2002 May?	P	-
S26761	2001-018A	XM-1	2001 May  8	2001 May 18	2026 Oct  8 0530	    1454.467 	   36140.3 	 	   36150.5 	 	  9.11 	 	GEO/ID	 48.67W	 +   4.566W	2016 Mar  9	P	-
S26766	2001-019A	Intelsat IS-10	2001 May 15	2001 May 20	2026 Oct  8 1022	    1453.997 	   36122.8 	 	   36149.7 	 	  9.34 	 	GEO/ID	103.93W	 +   4.451W	2025 Jul 27	P	-
S26770	2001-020A	GeoLITE	2001 May 18	2001 May 20?	2020 Aug  4 1046	    1456.887 	   36102.8 	 	   36282.3 	 	  8.02 	 	GEO/ID	 72.33W	 +   5.158W	2011 Sep?	P	-
S26824	2001-024A	INTELSAT 901	2001 Jun  9	2001 Jun 15	2026 Oct  8 1219	    1457.202 	   36190.2 	 	   36207.2 	 	  1.55 	 	GEO/D	 52.50W	 +   5.235W	2025 Apr  3	P	-
S26853	2001-025A	Astra 2C	2001 Jun 16	2001 Jun 24	2026 Oct  8 1113	    1454.040 	   36130.5 	 	   36143.7 	 	  8.47 	 	GEO/ID	 73.86E	 +   4.462W	2024 Jun  3	P	-
S26883	2001-033D	IUS-16 SRM-2	2001 Aug  6	2001 Aug  6	2026 Oct  6 2018	    1441.627 	   35868.2 	 	   35921.3 	 	 13.03 	 	GEO/ID	 55.88E	 +   1.392W	2001 Aug  6 0728	R	-
S26880	2001-033A	DSP F21	2001 Aug  6	2001 Aug  6	2026 Oct  8 1146	    1451.590 	   36079.5 	 	   36099.1 	 	 12.89 	 	GEO/ID	169.00W	 +   3.860W	2026 Mar  8	P	-
S26887	2001-033E	DSP F21 Aperture Cover	2001 Aug  6	2001 Aug  7?	2001 Aug  6	    1435.504 	   35750.0 	?	   35800.0 	?	  3.00 	?	GEO/S	-	-	2001 Aug  6 0728	C	-
S26871	2001-031A	GOES 12	2001 Jul 23	2001 Aug  7	2026 Oct  8 1159	    1452.508 	   36081.7 	 	   36132.7 	 	 12.39 	 	GEO/ID	129.68E	 +   4.086W	2013 Aug 16	P	-
S26895	2001-037D	Blok DM-2 No. 99L	2001 Aug 24	2001 Aug 24	2026 Sep 15 2233	    1436.841 	   35719.9 	 	   35882.4 	 	 13.34 	 	GEO/ID	 40.49E	 +   0.194W	2001 Aug 24 2034	R	-
S26892	2001-037A	Kosmos-2379	2001 Aug 24	2001 Aug 24	2026 Oct  8 1309	    1436.870 	   35772.1 	 	   35831.4 	 	 13.36 	 	GEO/ID	123.39E	 +   0.201W	2009 Dec?	P	-
S26900	2001-039A	INTELSAT 902	2001 Aug 30	2001 Sep  4	2026 Oct  7 1914	    1436.091 	   35769.5 	 	   35803.5 	 	  6.40 	 	GEO/I	 50.05W	 +   0.006W	*	P	-
S26927	2001-042A	EUTELSAT 12 WEST B	2001 Sep 25	2001 Oct  2	2026 Oct  8 1024	    1461.542 	   36254.2 	 	   36312.2 	 	  6.91 	 	GEO/ID	 96.45W	 +   6.292W	2020 Oct 13	P	-
S26939	2001-045D	Blok DM-2 No. 93L	2001 Oct  6	2001 Oct  6	2026 Aug 29 2158	    1436.410 	   35686.0 	 	   35899.4 	 	 13.94 	 	GEO/I	 48.05E	 +   0.086W	2001 Oct  6 1645	R	-
S26936	2001-045A	Raduga-1	2001 Oct  6	2001 Oct  6	2026 Oct  7 1150	    1473.210 	   36427.3 	 	   36592.6 	 	 14.69 	 	GEO/ID	167.93W	 +   9.101W	2006 Mar  2	P	-
S26948	2001-046A	USA 162	2001 Oct 11	2001 Oct 11?	2024 Apr 30 2004	    1436.122 	   35771.8 	 	   35802.4 	 	 12.92 	 	GEO/I	127.05W	 +   0.014W	*	P	-
S26985	2001-052A	T4S	2001 Nov 27	2001 Nov 29	2026 Oct  8 1504	    1450.726 	   36050.4 	 	   36094.5 	 	  6.55 	 	GEO/ID	 98.02E	 +   3.647W	2019 Oct 30	P	-
S27169	2002-001B	Centaur TC-19	2002 Jan 16	2002 Jan 16	2026 Oct  8 1350	    1436.671 	   35582.4 	 	   36013.3 	 	 10.34 	 	GEO/ID	164.42E	 +   0.152W	2002 Jan 16 0030	R	-
S27168	2002-001A	Milstar 5	2002 Jan 16	2002 Jan 16	2026 Oct  7 2259	    1436.006 	   35371.4 	 	   36198.2 	 	 11.32 	 	GEO/I	 18.88E	 +   0.016E	*	P	-
S27298	2002-002A	Insat 3C	2002 Jan 23	2002 Jan 30?	2026 Oct  8 1153	    1450.150 	   35998.1 	 	   36124.3 	 	  8.72 	 	GEO/ID	147.08W	 +   3.505W	2017 Jul 28	P	-
S27380	2002-007A	INTELSAT 904	2002 Feb 23	2002 Mar  1	2026 Oct  8 0535	    1436.113 	   35772.3 	 	   35801.5 	 	  7.20 	 	GEO/I	 31.52W	 +   0.011W	*	P	-
S27378	2002-006A	Echostar VII	2002 Feb 21	2002 Mar  6	2026 Oct  8 1409	    1442.155 	   35895.1 	 	   35915.1 	 	  4.30 	 	GEO/ID	168.06E	 +   1.524W	2022 Mar 17	P	-
S27400	2002-015B	Astra 3A	2002 Mar 29	2002 Apr  1	2026 Oct  8 0353	    1453.242 	   36109.7 	 	   36133.3 	 	 10.78 	 	GEO/ID	 29.12W	 +   4.266W	2023 Jan 21	P	-
S27403	2002-016A	INTELSAT 903	2002 Mar 30	2002 Apr  6	2026 Oct  8 1205	    1454.210 	   36105.6 	 	   36175.2 	 	  7.99 	 	GEO/ID	142.20E	 +   4.503W	2020 Apr 29	P	-
S27399	2002-015A	JCSAT 2A	2002 Mar 29	2002 Apr  7?	2026 Oct  8 1215	    1454.095 	   36107.0 	 	   36169.3 	 	  8.58 	 	GEO/ID	153.93E	 +   4.475W	2021 Jan 29 0653	P	-
S27414	2002-019A	NSS 7	2002 Apr 16	2002 Apr 29	2026 Oct  8 1107	    1453.375 	   36105.0 	 	   36143.2 	 	  9.58 	 	GEO/ID	 52.35E	 +   4.299W	2024 Jan 31?	P	-
S27426	2002-023A	T5	2002 May  7	2002 May 11	2026 Oct  8 1203	    1436.095 	   35772.8 	 	   35800.3 	 	  5.16 	 	GEO/I	110.17W	 +   0.007W	*	P	-
S27444	2002-029D	Blok DM-2M No. 11L	2002 Jun 10	2002 Jun 10	2026 Oct  5 2101	    1450.619 	   36027.6 	 	   36113.1 	 	 14.26 	 	GEO/ID	 58.02E	 +   3.621W	2002 Jun 10 0114	R	-
S27441	2002-029A	Ekspress A1R	2002 Jun 10	2002 Jun 10	2026 Oct  8 1355	    1451.491 	   36075.2 	 	   36099.5 	 	 11.87 	 	GEO/ID	157.12E	 +   3.836W	2020 Mar 30	P	-
S27438	2002-027A	INTELSAT 905	2002 Jun  5	2002 Jun 13	2026 Oct  8 0237	    1436.075 	   35770.0 	 	   35802.3 	 	  7.03 	 	GEO/I	137.33W	 +   0.002W	*	P	-
S27445	2002-030A	Galaxy 3C	2002 Jun 15	2002 Jun 24	2026 Oct  8 1207	    1436.100 	   35781.4 	 	   35791.9 	 	  4.03 	 	GEO/I	 94.89W	 +   0.008W	*	P	-
S27460	2002-035A	EUTELSAT 5 WEST A	2002 Jul  5	2002 Jul 11?	2026 Oct  8 1030	    1464.114 	   36293.8 	 	   36372.7 	 	  6.37 	 	GEO/ID	 92.71W	 +   6.915W	2023 Jan 13 0957	P	-
S27461	2002-035B	N-Star c	2002 Jul  5	2002 Jul 11	2026 Oct  8 0128	    1455.208 	   36112.4 	 	   36207.3 	 	 11.28 	 	GEO/ID	176.89W	 +   4.748W	2020 May 16 0153	P	-
S27501	2002-039A	Echostar VIII	2002 Aug 22	2002 Aug 27	2026 Oct  8 0221	    1461.772 	   36249.0 	 	   36326.3 	 	  9.09 	 	GEO/ID	  9.44E	 +   6.347W	2017 May  4	P	-
S27499	2002-038A	EUTELSAT 70D	2002 Aug 21	2002 Aug 28	2026 Oct  8 0402	    1449.775 	   36039.4 	 	   36068.4 	 	  8.84 	 	GEO/ID	  3.08E	 +   3.413W	2016 Aug  7	P	-
S27508	2002-040A	EUTELSAT 59A	2002 Aug 28	2002 Sep  3?	2026 Oct  8 0528	    1464.999 	   36331.7 	 	   36369.1 	 	  7.56 	 	GEO/ID	 54.65W	 +   7.129W	2018 Nov 12	P	-
S27509	2002-040B	Meteosat 8	2002 Aug 28	2002 Sep  5	2026 Oct  7 1150	    1470.822 	   36407.5 	 	   36519.7 	 	 11.47 	 	GEO/ID	165.56W	 +   8.530W	2022 Oct 18	P	-
S39998	2002-040E	SEVIRI Cooler Cover	2002 Aug 28	2002 Sep  9	2026 Oct  8 0231	    1423.008 	   35473.6 	 	   35586.4 	 	 12.53 	 	GEO/ID	 65.45W	 +   3.313E	2002 Aug 28 2245	C	-
S39999	2002-040F	SEVIRI Entry Baffle Cover	2002 Aug 28	2002 Sep 11	2026 May 18 0603	    1412.256 	   34884.4 	 	   35752.8 	 	 12.16 	 	GEO/ID	 93.00W	 +   6.087E	2002 Aug 28 2245	C	-
S27513	2002-041A	INTELSAT 906	2002 Sep  6	2002 Sep 13?	2026 Oct  8 1110	    1436.096 	   35770.4 	 	   35802.8 	 	  6.08 	 	GEO/I	 64.21E	 +   0.007W	*	P	-
S27516	2002-042B	Kodama	2002 Sep 10	2002 Sep 14	2026 Oct  8 0432	    1450.597 	   35983.4 	 	   36156.5 	 	 11.47 	 	GEO/ID	 87.57W	 +   3.616W	2017 Aug  5	P	-
S27525	2002-043A	KALPANA-1	2002 Sep 12	2002 Sep 14	2026 Sep 27 0114	    1464.325 	   36306.6 	 	   36368.1 	 	 13.23 	 	GEO/ID	 15.52E	 +   6.966W	2018 Jul 25?	P	-
S27528	2002-044A	Hispasat 143W-1	2002 Sep 18	2002 Sep 27	2026 Oct  8 1533	    1455.594 	   35946.9 	 	   36387.8 	 	  6.84 	 	GEO/ID	115.35E	 +   4.842W	2022 Jun  8	P	-
S27389	2002-011A	TDRS 9	2002 Mar  8	2002 Oct  6	2026 Oct  8 0753	    1454.843 	   36125.3 	 	   36180.1 	 	 12.41 	 	GEO/ID	 94.73E	 +   4.659W	2023 Jan 29	P	-
S26863	2001-029A	Artemis	2001 Jul 12	2002 Dec  1	2026 Oct  8 1204	    1450.239 	   36002.1 	 	   36123.8 	 	 14.82 	 	GEO/ID	139.70E	 +   3.527W	2017 Nov 15	P	-
S27554	2002-051A	EUTELSAT 33B	2002 Nov 20	2002 Dec  1	2026 Oct  6 1429	    1435.787 	   35743.9 	 	   35817.1 	 	  9.24 	 	GEO/I	 19.27E	 +   0.071E	2015 Oct 15	P	-
S27566	2002-055A	TDRS 10	2002 Dec  5	2002 Dec 14	2026 Oct  8 1200	    1456.563 	   36126.2 	 	   36246.3 	 	 10.31 	 	GEO/ID	154.21W	 +   5.079W	2025 Aug 15	P	-
S27603	2002-057A	NSS 6	2002 Dec 17	2002 Dec 25?	2026 Oct  8 1553	    1452.709 	   36072.2 	 	   36150.0 	 	  5.67 	 	GEO/ID	121.60E	 +   4.135W	2023 Aug 15	P	-
S27632	2002-062A	Nimiq 2	2002 Dec 29	2003 Jan  5?	2026 Oct  8 1126	    1436.094 	   35763.2 	 	   35809.9 	 	  9.70 	 	GEO/I	109.53W	 +   0.006W	*	P	-
S27683	2003-007A	INTELSAT 907	2003 Feb 15	2003 Feb 21	2026 Oct  8 0401	    1452.170 	   36057.6 	 	   36143.7 	 	  6.02 	 	GEO/ID	  1.65W	 +   4.003W	2020 May 29	P	-
S27691	2003-008A	DSCS III A-3	2003 Mar 11	2003 Mar 13	2026 Oct  8 0920	    1436.089 	   35771.3 	 	   35801.6 	 	 11.18 	 	GEO/I	121.87W	 +   0.005W	*	P	-
S27693	2003-008C	IABS-10	2003 Mar 11	2003 Mar 15	2026 Sep 18 1151	    1424.062 	   35431.9 	 	   35669.5 	 	 13.54 	 	GEO/ID	165.74W	 +   3.043E	2003 Mar 11 0059	R	-
S27712	2003-012B	Centaur TC-23	2003 Apr  8	2003 Apr  8	2026 Sep 25 2125	    1431.468 	   35597.4 	 	   35794.5 	 	 11.29 	 	GEO/ID	 56.48E	 +   1.160E	2003 Apr  8 1343	R	-
S27711	2003-012A	Milstar 6	2003 Apr  8	2003 Apr  8	2026 Oct  8 1450	    1436.071 	   35382.0 	 	   36190.2 	 	 12.51 	 	GEO/I	151.92E	 +   0.001W	*	P	-
S27714	2003-013A	Insat 3A	2003 Apr  9	2003 Apr 14	2026 Oct  8 1153	    1442.760 	   35900.4 	 	   35933.5 	 	  9.10 	 	GEO/ID	132.51E	 +   1.674W	2016 Nov 14	P	-
S27715	2003-013B	Galaxy 12	2003 Apr  9	2003 Apr 16?	2026 Oct  8 1114	    1454.816 	   36138.7 	 	   36165.7 	 	  7.27 	 	GEO/ID	 79.37E	 +   4.652W	2023 Sep 14	P	-
S27718	2003-014A	Asiasat 4	2003 Apr 12	2003 Apr 22	2026 Oct  8 0809	    1436.106 	   35774.8 	 	   35798.7 	 	  4.99 	 	GEO/I	147.50E	 +   0.009W	*	P	-
S27780	2003-015F	Blok DM-2 No. 98L	2003 Apr 24	2003 Apr 24	2026 Oct  8 1504	    1437.430 	   35774.8 	 	   35850.6 	 	 12.88 	 	GEO/ID	101.32E	 +   0.342W	2003 Apr 24 0423	R	-
S27775	2003-015A	Kosmos-2397	2003 Apr 24	2003 Apr 24	2026 Oct  6 2025	    1433.183 	   35555.3 	 	   35903.8 	 	 12.83 	 	GEO/ID	 33.80E	 +   0.727E	2003 Sep?	P	-
S27807	2003-018A	GSAT-2	2003 May  8	2003 May 10	2026 Oct  8 1559	    1442.144 	   35863.5 	 	   35946.3 	 	 11.39 	 	GEO/ID	123.94E	 +   1.521W	2011 May  8	P	-
S27811	2003-020A	Hellas Sat 2	2003 May 13	2003 May 19?	2026 Oct  8 0541	    1436.097 	   35748.6 	 	   35824.6 	 	  7.63 	 	GEO/I	 10.23W	 +   0.007W	*	P	-
S27813	2003-021A	Beidou DSW 3	2003 May 24	2003 May 26	2026 Oct  8 1107	    1443.350 	   35854.2 	 	   36002.7 	 	 11.59 	 	GEO/ID	 53.55E	 +   1.821W	2013 Jan  9	P	-
S27820	2003-024A	AMC 9	2003 Jun  6	2003 Jun 11	2026 Oct  8 0051	    1454.114 	   36085.1 	 	   36192.0 	 	  8.20 	 	GEO/ID	 53.74E	 +   4.480W	2017 Nov 20	P	-
S27831	2003-028B	Optus and Defense C1	2003 Jun 11	2003 Jun 16	2026 Oct  8 1214	    1436.124 	   35764.1 	 	   35810.1 	 	  7.17 	 	GEO/I	155.88E	 +   0.014W	*	P	-
S27830	2003-028A	BSAT-2c	2003 Jun 11	2003 Jun 16	2026 Oct  8 1158	    1451.627 	   36062.5 	 	   36117.5 	 	 10.43 	 	GEO/ID	126.87W	 +   3.869W	2013 Aug  1	P	-
S27825	2003-026A	Thuraya 2	2003 Jun 10	2003 Jun 17	2026 Oct  6 2238	    1436.063 	   35784.5 	 	   35787.3 	 	  9.01 	 	GEO/I	 43.94E	 +   0.001E	*	P	-
S27852	2003-033A	Echostar XII	2003 Jul 17	2003 Jul 28	2026 Oct  8 0452	    1456.234 	   36117.7 	 	   36242.0 	 	  6.56 	 	GEO/ID	177.66E	 +   4.999W	2019 Nov  5	P	-
S27854	2003-034A	Echostar IX	2003 Aug  8	2003 Aug 13	2026 Oct  8 1142	    1455.172 	   36142.9 	 	   36175.4 	 	  3.49 	 	GEO/ID	177.58E	 +   4.739W	2025 Jul 21	P	-
S27875	2003-040A	DSCS III B-6	2003 Aug 29	2003 Aug  2	2026 Oct  8 0043	    1436.012 	   35776.2 	 	   35793.7 	 	 10.74 	 	GEO/I	 24.18E	 +   0.014E	*	P	-
S27877	2003-040C	IABS-7	2003 Aug 29	2003 Sep  3?	2026 Jul 21 0537	    1429.507 	   35624.1 	 	   35691.0 	 	 13.41 	 	GEO/ID	 11.13W	 +   1.657E	2003 Aug 29 2313	R	-
S27938	2003-041B	Centaur TC-20	2003 Sep  9	2003 Sep  9	2026 Sep 17 2248	    1427.704 	   35480.9 	 	   35763.4 	 	 15.80 	 	GEO/ID	 57.22E	 +   2.115E	2003 Sep  9 0429	R	-
S27937	2003-041A	USA 171	2003 Sep  9	2003 Sep  9	2022 Sep 19 2237	    1436.122 	   35616.5 	 	   35957.6 	 	 12.75 	 	GEO/I	 67.97E	 +   0.014W	*	P	-
S27948	2003-043A	EUTELSAT 31A	2003 Sep 27	2003 Sep 30	2026 Oct  2 0409	    1456.224 	   36152.9 	 	   36206.4 	 	  9.99 	 	GEO/ID	 36.77W	 +   4.997W	2018 Jan 16	P	-
S27951	2003-043E	Insat 3E	2003 Sep 27	2003 Oct  1	2026 Oct  8 1159	    1428.592 	   35584.6 	 	   35694.5 	 	  9.95 	 	GEO/ID	133.12E	 +   1.889E	2014 Apr  3	P	-
S27954	2003-044A	Galaxy 13	2003 Oct  1	2003 Oct 10?	2026 Oct  8 1155	    1436.072 	   35775.8 	 	   35796.5 	 	  1.71 	 	GEO/S	149.97W	 +   0.001W	*	P	-
S28082	2003-052A	Zhongxing 20	2003 Nov 14	2003 Nov 15?	2026 Oct  8 0910	    1452.945 	   36092.7 	 	   36138.8 	 	 10.71 	 	GEO/ID	 72.17W	 +   4.193W	2017 Dec 27?	P	-
S28119	2003-053E	Blok DM-2M No. 12L	2003 Nov 24	2003 Nov 24	2026 Oct  6 1909	    1439.541 	   34930.2 	 	   36777.7 	 	 13.77 	 	GEO/ID	 58.09E	 +   0.871W	2003 Nov 24 0622	R	-
S28089	2003-053A	Yamal-202	2003 Nov 24	2003 Nov 24	2026 Oct  8 0448	    1436.091 	   35764.9 	 	   35808.1 	 	  6.62 	 	GEO/I	163.61E	 +   0.006W	*	P	-
S28094	2003-053B	Yamal-201	2003 Nov 24	2003 Nov 24	2026 Oct  7 2137	    1435.878 	   35752.9 	 	   35811.8 	 	  9.87 	 	GEO/I	 90.70E	 +   0.048E	2014 Jun  5	P	-
S28117	2003-057A	UHF F/O F11	2003 Dec 18	2003 Dec 20?	2026 Oct  8 1451	    1436.103 	   35769.4 	 	   35804.0 	 	  9.07 	 	GEO/I	 75.57E	 +   0.009W	*	P	-
S28139	2003-060D	Blok DM-2M No. 13L	2003 Dec 28	2003 Dec 29	2026 Sep 15 2054	    1435.378 	   35691.4 	 	   35853.7 	 	 13.64 	 	GEO/ID	 65.50E	 +   0.174E	2003 Dec 28 2300	R	-
S28134	2003-060A	Ekspress AM-22	2003 Dec 28	2003 Dec 29	2026 Oct  8 1003	    1449.315 	   35986.6 	 	   36103.3 	 	  8.55 	 	GEO/ID	101.16W	 +   3.299W	2019 Mar 17	P	-
S28132	2003-059A	Amos 2	2003 Dec 27	2003 Dec 31	2026 Oct  8 1152	    1448.738 	   36014.9 	 	   36052.4 	 	  8.79 	 	GEO/ID	152.75W	 +   3.157W	2017 Apr  7	P	-
S27949	2003-043C	SMART-1	2003 Sep 27	2004 Jan 21?	2004 Jul  9	    4682.623 	   21223.0 	 	  151452.0 	 	  6.85 	 	DSO	-	-	2006 Sep  3	P	D
S28137	2004-001A	Estrela do Sul 1	2004 Jan 11	2004 Feb  4	2026 Oct  8 1556	    1457.014 	   36185.2 	 	   36204.9 	 	 11.31 	 	GEO/ID	122.08E	 +   5.189W	2011 Nov 18	P	-
S28154	2004-003A	AMC 10	2004 Feb  5	2004 Feb 11?	2026 Oct  8 0453	    1452.731 	   36089.8 	 	   36133.3 	 	  6.97 	 	GEO/ID	179.85W	 +   4.140W	2019 Feb 21	P	-
S28161	2004-004D	IUS-10 SRM-2	2004 Feb 14	2004 Feb 15	2026 Oct  6 1250	    1442.464 	   35893.4 	 	   35928.9 	 	 12.33 	 	GEO/ID	177.73E	 +   1.601W	2004 Feb 14 1850	R	-
S28158	2004-004A	DSP F22	2004 Feb 14	2004 Feb 15	2026 Oct  8 1147	    1454.511 	   36127.9 	 	   36164.6 	 	 12.21 	 	GEO/ID	167.44W	 +   4.577W	2026 Sep 18	P	-
A06859	2004-004E	DSP F22 Aperture Cover	2004 Feb 14	2004 Feb 16?	2004 Feb 16	    1437.293 	   35770.0 	?	   35850.0 	?	  2.00 	?	GEO/D	-	-	2004 Feb 14 1850	C	-
S28184	2004-007A	ABS-4	2004 Mar 13	2004 Mar 20?	2026 Oct  8 1109	    1436.076 	   35763.7 	 	   35808.7 	 	  6.32 	 	GEO/I	 61.10E	 +   0.002W	*	P	-
S28187	2004-008A	EUTELSAT 139 WEST A	2004 Mar 15	2004 Mar 22?	2026 Oct  8 1145	    1457.358 	   36173.5 	 	   36230.0 	 	  6.12 	 	GEO/ID	131.45E	 +   5.273W	2026 Apr  5?	P	-
S28256	2004-010F	Blok DM-2 No. 105L	2004 Mar 27	2004 Mar 27?	2026 Aug  5 1457	    1438.260 	   35719.1 	 	   35938.8 	 	 13.78 	 	GEO/ID	159.89W	 +   0.550W	2004 Mar 27 0330	R	-
S28194	2004-010A	Raduga-1	2004 Mar 27	2004 Mar 27?	2026 Sep 30 2332	    1436.227 	   35765.2 	 	   35813.1 	 	 13.80 	 	GEO/I	 16.86E	 +   0.040W	2010 Dec?	P	-
S28240	2004-015D	Blok DM-2M No. 14L	2004 Apr 26	2004 Apr 26	2026 Oct  5 1522	    1429.900 	   35595.7 	 	   35734.7 	 	 13.42 	 	GEO/ID	157.96E	 +   1.557E	2004 Apr 26 2037	R	-
S28234	2004-015A	Ekspress AM-11	2004 Apr 26	2004 Apr 26	2026 Oct  8 0302	    1451.131 	   36052.1 	 	   36108.6 	 	 13.13 	 	GEO/ID	104.05W	 +   3.747W	2006 Apr  5	P	-
S28238	2004-016A	T7S	2004 May  4	2004 May  9?	2026 Oct  8 1204	    1455.795 	   36143.7 	 	   36198.9 	 	  5.42 	 	GEO/ID	107.74W	 +   4.892W	2021 Feb  9	P	-
S28218	2004-011A	Superbird A2	2004 Apr 16	2004 May 10?	2026 Oct  7 0217	    1447.835 	   35908.3 	 	   36123.7 	 	 13.57 	 	GEO/ID	 80.97W	 +   2.934W	2005 Apr 12 0816	P	-
S28252	2004-017A	AMC 11	2004 May 19	2004 May 24	2026 Oct  8 1311	    1453.232 	   36097.5 	 	   36145.2 	 	  0.58 	 	GEO/D	125.64W	 +   4.263W	2026 Apr 23	P	-
S28358	2004-022A	INTELSAT 10-02	2004 Jun 16	2004 Jun 23	2026 Oct  8 0909	    1436.102 	   35785.4 	 	   35788.0 	 	  0.02 	 	GEO/S	  0.98W	 +   0.009W	*	P	-
S28364	2004-024A	Telstar 18	2004 Jun 29	2004 Jul  7	2026 Oct  8 0534	    1454.320 	   36141.1 	 	   36144.0 	 	  7.25 	 	GEO/ID	 32.88W	 +   4.530W	2019 Jul 19	P	-
S28378	2004-027A	Anik F2	2004 Jul 18	2004 Jul 30	2026 Oct  8 1110	    1436.093 	   35774.1 	 	   35798.9 	 	  3.57 	 	GEO/I	111.10W	 +   0.006W	*	P	-
S28393	2004-031A	Amazonas-1	2004 Aug  4	2004 Aug 15?	2026 Oct  8 0933	    1462.588 	   36249.9 	 	   36357.3 	 	  9.68 	 	GEO/ID	 84.73E	 +   6.546W	2017 Jun 25	P	-
S28417	2004-036A	EDUSAT	2004 Sep 20	2004 Sep 24	2026 Oct  8 1449	    1450.600 	   36051.1 	 	   36088.9 	 	 11.58 	 	GEO/ID	135.02E	 +   3.616W	2011 Mar 12	P	-
S28451	2004-042A	Feng Yun 2C	2004 Oct 19	2004 Oct 19	2026 Oct  8 0523	    1468.151 	   36400.0 	 	   36423.5 	 	 12.62 	 	GEO/ID	 73.19W	 +   7.888W	2014 Dec 13	P	-
S40000	2004-042D	FY-2C imager cover?	2004 Oct 19	2004 Oct 20?	2026 Mar 21 1029	    1435.730 	   34941.5 	 	   36617.3 	 	 12.64 	 	GEO/I	 44.08E	 +   0.085E	2004 Oct 19 0120	C	-
S28446	2004-041A	AMC 15	2004 Oct 14	2004 Oct 22	2026 Oct  8 0839	    1436.105 	   35778.0 	 	   35795.5 	 	  0.05 	 	GEO/S	105.05W	 +   0.009W	*	P	-
S28466	2004-043D	Blok DM-2M No. 15L	2004 Oct 29	2004 Oct 30	2026 Sep 15 2054	    1438.477 	   35799.5 	 	   35866.9 	 	 13.30 	 	GEO/ID	 65.81E	 +   0.604W	2004 Oct 29 2211	R	-
S28463	2004-043A	Ekspress AM-1	2004 Oct 29	2004 Oct 30	2026 Oct  8 1209	    1451.658 	   36041.2 	 	   36140.1 	 	 11.67 	 	GEO/ID	141.45E	 +   3.877W	2013 Aug 20	P	-
S28472	2004-048A	AMC 16	2004 Dec 17	2005 Jan  3	2026 Oct  8 1158	    1453.029 	   36092.7 	 	   36142.0 	 	  4.89 	 	GEO/ID	127.67W	 +   4.214W	2021 Aug  6	P	-
S28526	2005-003A	NSS 10	2005 Feb  3	2005 Feb 11	2026 Oct  8 0533	    1436.122 	   35772.9 	 	   35801.2 	 	  6.73 	 	GEO/I	 37.42W	 +   0.013W	*	P	-
S28542	2005-005A	XTAR-EUR	2005 Feb 12	2005 Feb 18?	2026 Oct  8 0916	    1454.599 	   36132.8 	 	   36163.2 	 	  4.63 	 	GEO/ID	 80.59W	 +   4.599W	2025 Aug 19	P	-
S28622	2005-006A	Himawari-6	2005 Feb 26	2005 Mar  3	2026 Oct  8 1158	    1455.847 	   36124.6 	 	   36220.0 	 	  9.65 	 	GEO/ID	127.89W	 +   4.904W	2015 Dec 13	P	-
S28626	2005-008A	XM-3	2005 Mar  1	2005 Mar  9	2026 Oct  8 1144	    1455.159 	   36144.3 	 	   36173.5 	 	  0.95 	 	GEO/D	133.78E	 +   4.736W	2025 Nov 12	P	-
S28628	2005-009A	INMARSAT 4 F1	2005 Mar 11	2005 Mar 22	2026 Oct  8 1143	    1436.098 	   35773.9 	 	   35799.3 	 	  5.33 	 	GEO/I	178.25E	 +   0.008W	*	P	-
S28634	2005-010F	Blok DM-2M No. 16L	2005 Mar 29	2005 Mar 30	2026 Sep 17 2354	    1435.822 	   35687.0 	 	   35875.5 	 	 13.22 	 	GEO/I	 46.26E	 +   0.062E	2005 Mar 29 2131	R	-
S28629	2005-010A	Ekspress AM-2	2005 Mar 29	2005 Mar 30	2026 Oct  4 0137	    1453.929 	   36040.4 	 	   36229.4 	 	  9.96 	 	GEO/ID	 13.45E	 +   4.435W	2016 Dec 15	P	-
S28638	2005-012A	Apstar 6	2005 Apr 12	2005 Apr 20?	2026 Oct  8 0051	    1460.900 	   36246.2 	 	   36295.2 	 	  7.65 	 	GEO/ID	 51.27E	 +   6.136W	2020 Dec  5?	P	-
S28644	2005-015A	Spaceway 1	2005 Apr 26	2005 May  9	2026 Oct  8 1110	    1462.103 	   36266.6 	 	   36321.7 	 	  6.99 	 	GEO/ID	 65.02E	 +   6.428W	2020 Feb 10	P	-
S28659	2005-019A	T8	2005 May 22	2005 May 26?	2026 Oct  8 1200	    1436.110 	   35774.9 	 	   35798.8 	 	  0.02 	 	GEO/S	119.06W	 +   0.011W	*	P	-
S28702	2005-022A	Galaxy 28	2005 Jun 23	2005 Jun 28	2026 Oct  8 0901	    1436.097 	   35779.3 	 	   35793.8 	 	  3.58 	 	GEO/I	 27.14W	 +   0.007W	*	P	-
S28704	2005-023H	Blok DM-2 No. 103L	2005 Jun 24	2005 Jun 25	2026 Oct  6 1914	    1428.336 	   35587.6 	 	   35681.5 	 	 13.02 	 	GEO/ID	 58.31E	 +   1.954E	2005 Jun 24 1941	R	-
S28707	2005-023A	Ekspress AM-3	2005 Jun 24	2005 Jun 25	2026 Oct  8 0400	    1454.517 	   36120.6 	 	   36172.1 	 	  7.59 	 	GEO/ID	  4.75W	 +   4.579W	2022 Mar 17	P	-
S28786	2005-028A	Thaicom 4	2005 Aug 11	2005 Aug 16	2026 Oct  8 1256	    1436.097 	   35784.8 	 	   35788.4 	 	  0.53 	 	GEO/S	119.52E	 +   0.007W	*	P	-
S28790	2005-030A	Galaxy 14	2005 Aug 13	2005 Aug 25	2026 Oct  8 1112	    1455.848 	   36167.6 	 	   36177.0 	 	  5.32 	 	GEO/ID	 69.46E	 +   4.905W	2024 Oct 28	P	-
S28868	2005-036A	Anik F1R	2005 Sep  8	2005 Sep 14	2026 Oct  8 1204	    1436.097 	   35777.5 	 	   35795.7 	 	  4.60 	 	GEO/I	107.36W	 +   0.007W	*	P	-
S28885	2005-041B	Syracuse 3A	2005 Oct 13	2005 Oct 17?	2026 Sep 11 1227	    1436.037 	   35775.1 	 	   35795.8 	 	  4.85 	 	GEO/I	 46.82E	 +   0.008E	*	P	-
S28884	2005-041A	Galaxy 15	2005 Oct 13	2005 Oct 19	2026 Oct  8 0901	    1455.391 	   36086.3 	 	   36240.5 	 	  3.82 	 	GEO/ID	 27.32W	 +   4.793W	2023 Jun  1	P	-
S28899	2005-044A	INMARSAT 4 F2	2005 Nov  8	2005 Nov 13?	2026 Oct  7 1826	    1436.101 	   35775.2 	 	   35798.1 	 	  5.24 	 	GEO/I	143.39E	 +   0.008W	*	P	-
S28903	2005-046B	Spaceway 2	2005 Nov 16	2005 Nov 20?	2026 Oct  8 1444	    1453.600 	   36111.8 	 	   36145.3 	 	  5.76 	 	GEO/ID	125.82E	 +   4.354W	2024 Nov 24	P	-
S28902	2005-046A	Telkom 2	2005 Nov 16	2005 Dec  2?	2026 Oct  8 0450	    1452.333 	   36070.3 	 	   36137.3 	 	  5.06 	 	GEO/ID	170.44E	 +   4.043W	2021 Jun  2	P	-
S28911	2005-049A	Insat 4A	2005 Dec 21	2005 Dec 26	2026 Oct  8 0537	    1451.583 	   36056.9 	 	   36121.4 	 	  6.72 	 	GEO/ID	 23.21W	 +   3.858W	2019 Oct 24	P	-
S28912	2005-049B	Meteosat 9	2005 Dec 21	2005 Dec 28	2026 Oct  7 2306	    1436.082 	   35779.7 	 	   35792.9 	 	  9.61 	 	GEO/I	 45.75E	 +   0.003W	*	P	-
S29676	2005-049F	SEVIRI Entry Baffle Cover	2005 Dec 21	2005 Dec 29	2026 Oct  4 1059	    1408.169 	   35187.7 	 	   35288.7 	 	 12.79 	 	GEO/ID	151.89W	 +   7.152E	2005 Dec 21 2233	C	-
S29106	2005-049E	SEVIRI Cooler Cover	2005 Dec 21	2005 Dec 29	2026 Jul  3 1625	    1423.320 	   35506.7 	 	   35565.6 	 	 12.87 	 	GEO/ID	 85.66E	 +   3.233E	2005 Dec 21 2233	C	-
S28924	2005-052A	EUTELSAT 174A	2005 Dec 29	2006 Jan  1?	2026 Oct  8 1409	    1436.086 	   35760.9 	 	   35811.9 	 	  4.50 	 	GEO/I	174.05E	 +   0.004W	*	P	-
S28935	2006-003A	Echostar X	2006 Feb 15	2006 Feb 22	2026 Oct  8 1203	    1436.094 	   35780.6 	 	   35792.4 	 	  0.06 	 	GEO/S	110.21W	 +   0.006W	*	P	-
S28937	2006-004A	Himawari-7	2006 Feb 18	2006 Feb 23	2026 Oct  8 0452	    1453.378 	   36077.5 	 	   36170.9 	 	  6.07 	 	GEO/ID	178.44E	 +   4.299W	2020 May 21 0130	P	-
S28945	2006-007A	Spainsat	2006 Mar 11	2006 Mar 17	2026 Oct  8 0053	    1436.115 	   35765.4 	 	   35808.5 	 	  0.85 	 	GEO/S	 30.15W	 +   0.012W	*	P	-
S28946	2006-007B	EUTELSAT HOT BIRD 13E	2006 Mar 11	2006 Mar 17?	2026 Oct  8 1144	    1467.620 	   36354.9 	 	   36447.9 	 	  2.39 	 	GEO/D	134.66E	 +   7.761W	2025 Jun  9	P	-
S29045	2006-010A	JCSAT 5A	2006 Apr 12	2006 Apr 20	2026 Oct  8 1141	    1436.075 	   35780.8 	 	   35791.6 	 	  1.39 	 	GEO/S	132.08E	 +   0.002W	*	P	-
S29055	2006-012A	Astra 1KR	2006 Apr 20	2006 Apr 29	2026 Oct  8 1240	    1436.090 	   35771.4 	 	   35801.5 	 	  0.76 	 	GEO/S	 19.02E	 +   0.005W	*	P	-
S29162	2006-020A	EUTELSAT 113 WEST A	2006 May 27	2006 May 31	2026 Oct  8 1544	    1455.486 	   36160.1 	 	   36170.5 	 	  2.68 	 	GEO/D	117.85E	 +   4.816W	2024 Mar 31	P	-
S29155	2006-018A	EWS-G1	2006 May 24	2006 Jun  2	2026 Oct  8 1347	    1457.644 	   35953.8 	 	   36460.8 	 	  4.82 	 	GEO/ID	163.11E	 +   5.343W	2025 Jul  4?	P	-
S29163	2006-020B	Thaicom 5	2006 May 27	2006 Jun  3	2026 Oct  8 1214	    1451.486 	   36057.8 	 	   36116.7 	 	  6.30 	 	GEO/ID	156.74E	 +   3.834W	2020 Feb 27	P	-
S29233	2006-022D	Blok DM3 No. 23L	2006 Jun 17	2006 Jun 18	2026 Sep 25 0228	    1425.556 	   35367.8 	 	   35792.2 	 	 12.63 	 	GEO/ID	114.26W	 +   2.662E	2006 Jun 17 2244	R	-
S29230	2006-022A	Kazsat	2006 Jun 17	2006 Jun 18	2026 Oct  8 0927	    1451.172 	   36053.3 	 	   36109.0 	 	 12.06 	 	GEO/ID	 64.21E	 +   3.757W	2009 Aug 14	P	-
S29236	2006-023A	Galaxy 16	2006 Jun 18	2006 Jun 23	2026 Oct  8 1206	    1436.091 	   35775.1 	 	   35797.8 	 	  0.01 	 	GEO/S	 99.01W	 +   0.006W	*	P	-
S29240	2006-024A	USA 187	2006 Jun 21	2006 Jun 24?	2020 Nov 20 2307	    1460.321 	   36211.7 	 	   36307.1 	 	  3.40 	 	GEO/ID	 31.60E	 +   5.995W	2007 Jun 22	P	-
S29241	2006-024B	USA 188	2006 Jun 21	2006 Jun 24?	2024 May 16 0425	    1455.871 	   35806.7 	 	   36538.8 	 	 10.29 	 	GEO/ID	104.53E	 +   4.910W	2007 Jun?	P	-
S29242	2006-024C	USA 189	2006 Jun 21	2006 Jun 24?	2021 May 31 0856	    1384.216 	   34746.8 	 	   34782.9 	 	  9.68 	 	GEO/ID	 10.50E	 +  13.522E	2007 Jun?	P	-
S29270	2006-032A	EUTELSAT 33F	2006 Aug  4	2006 Aug 10?	2026 Oct  8 1405	    1436.077 	   35772.2 	 	   35800.2 	 	  1.95 	 	GEO/S	 33.14E	 +   0.002W	*	P	-
S29272	2006-033A	JCSAT 3A	2006 Aug 11	2006 Aug 19	2026 Oct  8 1308	    1436.148 	   35777.9 	 	   35797.3 	 	  0.02 	 	GEO/S	128.02E	 +   0.020W	*	P	-
S29273	2006-033B	Syracuse 3B	2006 Aug 11	2006 Aug 20?	2026 Oct  8 1144	    1460.020 	   36250.9 	 	   36256.2 	 	  3.20 	 	GEO/ID	177.29W	 +   5.922W	2026 Mar 18	P	-
S29349	2006-034A	Mugunghwa 5	2006 Aug 22	2006 Aug 26?	2026 Oct  8 1532	    1436.128 	   35777.6 	 	   35796.8 	 	  2.07 	 	GEO/S	113.10E	 +   0.015W	*	P	-
S29398	2006-038A	Zhongxing 22A	2006 Sep 12	2006 Sep 18?	2026 Oct  8 1506	    1438.954 	   35825.0 	 	   35860.0 	 	 11.69 	 	GEO/ID	102.34E	 +   0.724W	2017 Dec 12	P	-
S29494	2006-043A	T9S	2006 Oct 13	2006 Oct 18?	2026 Oct  8 1528	    1453.166 	   36084.9 	 	   36155.2 	 	  2.71 	 	GEO/D	111.74E	 +   4.247W	2026 Sep 11	P	-
S29495	2006-043B	Optus D1	2006 Oct 13	2006 Oct 21	2026 Oct  8 1208	    1436.089 	   35771.2 	 	   35801.7 	 	  3.32 	 	GEO/I	152.04E	 +   0.005W	*	P	-
S29516	2006-048A	Xinnuo 2	2006 Oct 28	2006 Nov  1	2026 Oct  8 1122	    1550.361 	   37836.6 	 	   38152.5 	 	 14.70 	 	VHEO	 72.56W	 +  26.612W	2009 Nov 29	P	-
S29520	2006-049A	XM-4	2006 Oct 30	2006 Nov 10?	2026 Oct  8 0554	    1457.291 	   36185.2 	 	   36215.6 	 	  3.14 	 	GEO/ID	 35.31E	 +   5.257W	2023 Oct 26	P	-
S29526	2006-051A	Badr 4	2006 Nov  8	2006 Nov 15?	2026 Oct  8 1405	    1436.038 	   35764.8 	 	   35806.1 	 	  2.29 	 	GEO/S	 34.61E	 +   0.007E	*	P	-
S29640	2006-053A	Feng Yun 2D	2006 Dec  8	2006 Dec  8	2026 Oct  8 0529	    1466.496 	   36344.1 	 	   36415.0 	 	 11.21 	 	GEO/ID	 50.56W	 +   7.490W	2019 Jan 25	P	-
S29642	2006-053C	FG-36 AKM	2006 Dec  8	2006 Dec  8	2026 Oct  8 0352	    1449.296 	   35595.6 	 	   36493.5 	 	 12.01 	 	GEO/ID	 31.23W	 +   3.295W	2006 Dec  8 0053	C	-
S33458	2006-053D	FY-2D imager cover?	2006 Dec  8	2006 Dec  8?	2026 Oct  7 1948	    1435.766 	   35683.1 	 	   35877.1 	 	 11.86 	 	GEO/I	 68.72E	 +   0.076E	2006 Dec  8 0053	C	-
S29643	2006-054A	WildBlue 1	2006 Dec  8	2006 Dec 11?	2026 Oct  8 1037	    1451.957 	   36076.2 	 	   36116.7 	 	  3.09 	 	GEO/ID	 53.51W	 +   3.950W	2026 Jul 28	P	-
S29644	2006-054B	AMC 18	2006 Dec  8	2006 Dec 14	2026 Oct  8 1201	    1456.655 	   36146.5 	 	   36229.6 	 	  2.90 	 	GEO/D	116.93W	 +   5.102W	2023 Nov  9	P	-
S29648	2006-056A	Measat 3	2006 Dec 11	2006 Dec 22	2026 Oct  8 1411	    1443.612 	   35912.8 	 	   35954.4 	 	  5.01 	 	GEO/ID	129.73E	 +   1.886W	2021 Sep 10	P	-
S29656	2006-059A	Kiku-8	2006 Dec 18	2006 Dec 24	2026 Oct  7 2127	    1454.482 	   36117.4 	 	   36174.0 	 	 11.77 	 	GEO/ID	 55.71E	 +   4.570W	2017 Jan 10	P	-
S30793	2007-007A	Insat 4B	2007 Mar 11	2007 Mar 16	2026 Oct  8 1207	    1453.449 	   36044.5 	 	   36206.6 	 	  6.38 	 	GEO/ID	116.95W	 +   4.317W	2022 Jan 28	P	-
S30794	2007-007B	Skynet 5A	2007 Mar 11	2007 Mar 27	2026 Oct  8 1119	    1436.134 	   35771.8 	 	   35802.8 	 	  5.58 	 	GEO/I	 95.13E	 +   0.016W	*	P	-
S30323	2007-003A	Beidou DSW 4	2007 Feb  2	2007 Apr 18?	2026 Oct  8 1155	    1452.252 	   35873.4 	 	   36331.1 	 	 10.15 	 	GEO/ID	148.41W	 +   4.023W	2009 Feb 18	P	-
S31102	2007-009A	Anik F3	2007 Apr  9	2007 Apr 23	2026 Oct  8 1201	    1436.099 	   35775.7 	 	   35797.6 	 	  1.48 	 	GEO/S	118.71W	 +   0.008W	*	P	-
S31307	2007-016B	Galaxy 17	2007 May  4	2007 May 10	2026 Oct  8 1210	    1436.100 	   35767.7 	 	   35805.7 	 	  3.25 	 	GEO/I	 85.06W	 +   0.008W	*	P	-
S31306	2007-016A	Astra 1L	2007 May  4	2007 May 12	2026 Oct  8 0902	    1436.102 	   35766.7 	 	   35806.7 	 	  1.61 	 	GEO/S	 24.55W	 +   0.008W	*	P	-
S31395	2007-018A	Nigcomsat 1	2007 May 13	2007 May 22?	2026 Oct  7 2126	    1436.907 	   35777.3 	 	   35827.6 	 	 12.05 	 	GEO/ID	 54.43E	 +   0.211W	2008 Nov 12?	P	-
S31577	2007-021A	EUTELSAT 8 WEST D	2007 May 31	2007 Jun	2026 Oct  8 1152	    1464.376 	   36268.2 	 	   36408.5 	 	  9.80 	 	GEO/ID	147.32W	 +   6.978W	2014 Nov	P	-
S31800	2007-031A	Zhongxing 6B	2007 Jul  5	2007 Jul 10?	2026 Oct  8 1409	    1453.612 	   36098.6 	 	   36158.9 	 	  2.73 	 	GEO/D	170.94E	 +   4.357W	2025 Dec  2	P	-
S31862	2007-032A	T10	2007 Jul  7	2007 Jul 18	2026 Oct  8 0901	    1464.319 	   36324.8 	 	   36349.6 	 	  0.70 	 	GEO/D	 27.77W	 +   6.964W	2026 Feb 11	P	-
S32019	2007-036B	BSAT-3A	2007 Aug 14	2007 Aug 19?	2026 Oct  8 1436	    1452.464 	   36081.1 	 	   36131.7 	 	  1.95 	 	GEO/D	126.99E	 +   4.075W	2025 Feb 13	P	-
S32018	2007-036A	Spaceway 3	2007 Aug 14	2007 Aug 29?	2026 Oct  8 1155	    1452.511 	   36099.2 	 	   36115.3 	 	  4.29 	 	GEO/ID	137.80W	 +   4.087W	2024 Jan 25	P	-
S32050	2007-037A	Insat 4CR	2007 Sep  2	2007 Sep  7	2026 Oct  8 0722	    1451.315 	   36072.0 	 	   36095.9 	 	  7.15 	 	GEO/ID	161.25W	 +   3.792W	2020 Nov 27	P	-
S32252	2007-044A	Optus D2	2007 Oct  5	2007 Oct 11	2026 Oct  8 1142	    1449.462 	   36035.8 	 	   36059.8 	 	  2.37 	 	GEO/D	175.70E	 +   3.336W	2025 Aug 27	P	-
S32253	2007-044B	Intelsat IS-11	2007 Oct  5	2007 Oct 12	2026 Oct  8 0540	    1453.785 	   36096.6 	 	   36167.6 	 	  3.85 	 	GEO/ID	 11.72W	 +   4.399W	2025 Mar 31	P	-
S32258	2007-046A	WGS SV-1	2007 Oct 11	2007 Oct 15?	2026 Oct  8 0206	    1436.094 	   35784.2 	 	   35788.8 	 	  0.05 	 	GEO/S	 42.50W	 +   0.006W	*	P	-
S32273	2007-051A	Chang'e-1	2007 Oct 24	2007 Oct 26	2007 Oct 25	     947.437 	     584.0 	 	   50568.0 	 	 31.11 	 	HEO	-	-	2009 Mar  1	P	D
S30798	2007-004E	THEMIS E	2007 Feb 17	2007 Nov  3	2026 Oct  7 1523	    1639.351 	     936.6 	 	   78416.7 	 	  7.22 	 	VHEO	141.35W	 +  44.763W	*	P	D
S30797	2007-004D	THEMIS D	2007 Feb 17	2007 Nov  8	2026 Oct  8 0852	    1639.261 	    1453.4 	 	   77896.5 	 	  8.31 	 	VHEO	 77.83W	 +  44.746W	*	P	D
S32288	2007-054B	Delta 329	2007 Nov 11	2007 Nov 11	2026 Sep 17 1143	    1502.028 	   36001.5 	 	   38133.4 	 	 11.72 	 	VHEO	121.62W	 +  15.852W	2007 Nov 11 0150	R	-
S32287	2007-054A	DSP F23	2007 Nov 11	2007 Nov 11	2025 Apr  3 1233	    1435.107 	   35741.8 	 	   35792.6 	 	  9.91 	 	GEO/ID	 31.53E	 +   0.242E	2008 Dec?	P	-
A07317	2007-054	DSP F23 Aperture Cover	2007 Nov 11	2007 Nov 15?	2016 Jan  1 0000	    1443.152 	   35878.5 	 	   35970.7 	 	  8.38 	 	GEO/ID	154.82E	 +   1.772W	2007 Nov 11 0150	C	-
S32293	2007-056A	Star One C1	2007 Nov 14	2007 Nov	2026 Oct  8 1154	    1453.597 	   36075.4 	 	   36181.5 	 	  5.05 	 	GEO/ID	141.41W	 +   4.353W	2022 Mar 14	P	-
S32294	2007-056B	Skynet 5B	2007 Nov 14	2007 Nov	2026 Oct  8 0408	    1436.055 	   35769.7 	 	   35801.9 	 	  5.53 	 	GEO/I	 24.96E	 +   0.003E	*	P	-
S32299	2007-057A	Sirius 4	2007 Nov 17	2007 Nov 25	2026 Oct  8 0545	    1436.094 	   35775.3 	 	   35797.8 	 	  0.05 	 	GEO/S	  4.79E	 +   0.007W	*	P	-
S32373	2007-058A	Raduga-1M	2007 Dec  9	2007 Dec	2026 Oct  8 1115	    1448.780 	   36025.9 	 	   36043.1 	 	 10.42 	 	GEO/ID	 87.58W	 +   3.167W	2013 Jul  1	P	-
S32375	2007-058C	Briz-M No. 88526	2007 Dec  9	2007 Dec  9	2026 Oct  6 2302	    1378.921 	   33628.2 	 	   35691.6 	 	 11.45 	 	MEO	 21.33E	 +  14.961E	2007 Dec  9 0016	R	-
S32388	2007-063B	Horizons 2	2007 Dec 21	2007 Dec 27	2026 Oct  8 1213	    1436.077 	   35777.8 	 	   35794.6 	 	  2.89 	 	GEO/S	 73.82W	 +   0.002W	*	P	-
S32404	2008-001A	Thuraya 3	2008 Jan 15	2008 Jan 24?	2026 Oct  8 1110	    1436.099 	   35774.2 	 	   35799.1 	 	  6.18 	 	GEO/I	 63.56E	 +   0.008W	*	P	-
S32387	2007-063A	RASCOM-QAF 1	2007 Dec 21	2008 Jan 27?	2026 Oct  8 1449	    1453.588 	   36084.6 	 	   36171.9 	 	 11.62 	 	GEO/ID	134.57E	 +   4.351W	2010 Oct  8	P	-
S32479	2008-003B	Briz-M No. 88530	2008 Jan 28	2008 Jan 28	2026 Oct  8 0214	    1384.581 	   33958.0 	 	   35586.3 	 	 11.47 	 	GEO/ID	 16.73W	 +  13.424E	2008 Jan 28 0018	R	-
S32478	2008-003A	Ekspress AM-33	2008 Jan 28	2008 Jan 28	2026 Oct  8 1415	    1436.431 	   35729.7 	 	   35856.5 	 	  5.09 	 	GEO/I	  0.76W	 +   0.091W	2022 Aug 14	P	-
S37381	2008-006C	Briz-M No. 88524	2008 Feb 11	2008 Feb 11	2026 Sep 19 1025	    1513.828 	   36221.6 	 	   38367.7 	 	 12.20 	 	VHEO	 64.53E	 +  18.543W	2008 Feb 11 1134	R	-
S32487	2008-006A	Thor 2R	2008 Feb 11	2008 Feb 11	2026 Oct  8 0909	    1436.091 	   35776.1 	 	   35796.8 	 	  0.01 	 	GEO/S	  0.76W	 +   0.006W	*	P	-
S32500	2008-007A	Kizuna	2008 Feb 23	2008 Feb 27	2026 Oct  6 2352	    1435.115 	   35753.7 	 	   35781.1 	 	  8.80 	 	GEO/ID	 23.11E	 +   0.240E	2019 Feb 27	P	-
S32729	2008-013A	T11	2008 Mar 19	2008 Apr  4	2026 Oct  8 1206	    1436.130 	   35786.8 	 	   35787.8 	 	  0.01 	 	GEO/S	 99.18W	 +   0.016W	*	P	-
S32763	2008-016A	D1	2008 Apr 14	2008 Apr 21	2026 Oct  8 0843	    1436.080 	   35775.0 	 	   35797.6 	 	  5.54 	 	GEO/I	 92.94W	 +   0.003W	*	P	-
S32767	2008-018A	Vinasat	2008 Apr 18	2008 Apr 24	2026 Oct  8 1336	    1436.127 	   35778.6 	 	   35795.7 	 	  0.04 	 	GEO/S	131.97E	 +   0.015W	*	P	-
S32768	2008-018B	Star One C2	2008 Apr 18	2008 Apr 27?	2026 Oct  8 1216	    1436.079 	   35775.6 	 	   35796.9 	 	  1.52 	 	GEO/S	 65.00W	 +   0.003W	*	P	-
S32779	2008-019A	Tian Lian 1-01	2008 Apr 25	2008 May  1?	2026 Oct  6 0405	    1478.217 	   36568.7 	 	   36645.4 	 	 10.42 	 	GEO/ID	  8.64W	 +  10.293W	2022 Feb 22	P	-
S33059	2008-022B	Blok DM-SLB No. 1TL	2008 Apr 28	2008 Apr 28	2026 Sep 24 1203	    1507.322 	   34808.4 	 	   39530.6 	 	 13.88 	 	VHEO	132.20W	 +  17.064W	2008 Apr 28 0500	R	-
S32794	2008-022A	Amos 3	2008 Apr 28	2008 Apr 28	2026 Oct  8 1114	    1436.107 	   35780.9 	 	   35792.7 	 	  0.74 	 	GEO/S	 78.04E	 +   0.010W	*	P	-
S32951	2008-024A	Galaxy 18	2008 May 21	2008 May 26?	2026 Oct  8 1159	    1436.115 	   35774.8 	 	   35799.2 	 	  0.02 	 	GEO/S	123.03W	 +   0.012W	*	P	-
S33051	2008-028A	Zhongxing 9	2008 Jun  9	2008 Jun 12?	2026 Oct  8 1456	    1436.137 	   35751.5 	 	   35823.2 	 	  1.05 	 	GEO/S	 92.48E	 +   0.017W	*	P	-
S33055	2008-030A	Skynet 5C	2008 Jun 12	2008 Jun 18?	2026 Oct  8 0539	    1436.114 	   35772.4 	 	   35801.5 	 	  4.07 	 	GEO/I	 17.82W	 +   0.011W	*	P	-
S33056	2008-030B	Turksat 3A	2008 Jun 12	2008 Jun 20	2026 Oct  8 1104	    1436.098 	   35770.7 	 	   35802.6 	 	  0.07 	 	GEO/S	 42.02E	 +   0.007W	*	P	-
S33108	2008-033A	Kosmos-2440	2008 Jun 26	2008 Jun 26	2026 Oct  8 0931	    1436.260 	   35764.6 	 	   35815.0 	 	 10.80 	 	GEO/I	 75.70E	 +   0.048W	2010 Feb?	P	-
S33111	2008-033D	Blok DM-2 No. 111L	2008 Jun 26	2008 Jun 26	2026 Oct  8 0931	    1435.585 	   35649.1 	 	   35904.0 	 	 10.78 	 	GEO/I	 78.08E	 +   0.122E	2008 Jun 26 2359	R	-
S33154	2008-034B	Badr 6	2008 Jul  7	2008 Jul 12	2026 Oct  8 1146	    1458.279 	   36198.9 	 	   36240.4 	 	  3.16 	 	GEO/ID	168.89W	 +   5.498W	2024 Nov 22	P	-
S33153	2008-034A	Intelsat IS-25	2008 Jul  7	2008 Jul 14	2026 Oct  8 0903	    1454.002 	   36104.4 	 	   36168.3 	 	  3.00 	 	GEO/D	 22.59W	 +   4.452W	2026 May 22	P	-
S33207	2008-035A	Echostar XI	2008 Jul 16	2008 Jul 20	2026 Oct  8 1203	    1436.094 	   35776.6 	 	   35796.5 	 	  1.29 	 	GEO/S	109.81W	 +   0.006W	*	P	-
S33274	2008-038A	Superbird C2	2008 Aug 14	2008 Aug 20?	2026 Oct  8 1258	    1436.115 	   35765.7 	 	   35808.2 	 	  2.65 	 	GEO/S	136.03E	 +   0.012W	*	P	-
S33275	2008-038B	AMC 21	2008 Aug 14	2008 Aug 21?	2026 Oct  8 0543	    1454.322 	   36107.2 	 	   36178.0 	 	  3.24 	 	GEO/ID	  1.48W	 +   4.531W	2025 Dec 20	P	-
S33278	2008-039A	Inmarsat 4 F3	2008 Aug 18	2008 Aug 25	2026 Oct  8 1024	    1436.108 	   35773.6 	 	   35800.0 	 	  4.40 	 	GEO/I	 98.08W	 +   0.010W	*	P	-
S33373	2008-044A	Nimiq 4	2008 Sep 19	2008 Sep 24	2026 Oct  8 1211	    1436.098 	   35777.5 	 	   35795.7 	 	  0.08 	 	GEO/S	 81.99W	 +   0.007W	*	P	-
S33376	2008-045A	Galaxy 19	2008 Sep 24	2008 Sep 30	2026 Oct  8 1207	    1436.076 	   35775.7 	 	   35796.7 	 	  0.02 	 	GEO/S	 97.02W	 +   0.002W	*	P	-
S30580	2007-004A	THEMIS A	2007 Feb 17	2008 Oct 22	2026 Oct  8 0102	    1639.268 	    1327.0 	 	   78023.2 	 	  9.48 	 	VHEO	 68.28E	 +  44.747W	*	P	D
S33414	2008-055A	Simon Bolivar	2008 Oct 29	2008 Nov?	2026 Oct  8 1028	    1450.609 	   35790.4 	 	   36350.0 	 	  6.04 	 	GEO/ID	 84.96W	 +   3.619W	2020 Mar 20	P	-
S33436	2008-057A	Astra 1M	2008 Nov  5	2008 Nov 13	2026 Oct  8 1240	    1436.127 	   35772.3 	 	   35802.0 	 	  0.58 	 	GEO/S	 19.45E	 +   0.015W	*	P	-
S32708	2008-011A	AMC 14	2008 Mar 14	2008 Nov 20	2026 Oct  8 1556	    1433.864 	   35596.4 	 	   35889.4 	 	 24.14 	 	GEO/ID	126.04E	 +   0.555E	2026?	P	-
S33453	2008-063A	Ciel 2	2008 Dec 10	2008 Dec 12?	2026 Oct  8 1310	    1454.189 	   36112.9 	 	   36167.0 	 	  3.08 	 	GEO/ID	127.43E	 +   4.498W	2024 Feb  1	P	-
S33463	2008-066A	Feng Yun 2E	2008 Dec 23	2008 Dec 23	2026 Oct  8 1214	    1452.731 	   36107.1 	 	   36116.0 	 	  9.52 	 	GEO/ID	158.64E	 +   4.140W	2024 Mar 14	P	-
S33465	2008-066C	FG-36 AKM	2008 Dec 23	2008 Dec 23	2026 Oct  8 0731	    1410.412 	   35145.9 	 	   35418.8 	 	 10.06 	 	GEO/ID	 86.75W	 +   6.566E	2008 Dec 23 0054	C	-
S40987	2008-066D	FY-2E imager cover?	2008 Dec 23	2008 Dec 23	2026 Feb 27 1501	    1435.967 	   35032.9 	 	   36535.2 	 	  9.95 	 	GEO/I	 22.91E	 +   0.025E	2008 Dec 23 0054	C	-
S33459	2008-065A	EUTELSAT 50 WEST??	2008 Dec 20	2008 Dec 28?	2026 Oct  8 1220	    1436.084 	   35770.4 	 	   35802.3 	 	  3.24 	 	GEO/I	 50.33W	 +   0.004W	*	P	-
S33460	2008-065B	EUTELSAT 12 WEST E	2008 Dec 20	2009 Jan  4?	2026 Oct  3 0239	    1458.042 	   36208.6 	 	   36221.5 	 	  5.60 	 	GEO/ID	 18.70E	 +   5.440W	2023 Sep  9	P	-
S33491	2009-001B	Delta 337	2009 Jan 18	2009 Jan 18	2026 Oct  8 1101	    1499.079 	   35875.8 	 	   38145.3 	 	  9.87 	 	GEO/ID	147.81W	 +  15.173W	2009 Jan 18 0247	R	-
S33490	2009-001A	USA 202	2009 Jan 18	2009 Jan 18	2025 Dec 24 1704	    1436.122 	   35765.3 	 	   35808.9 	 	  8.58 	 	GEO/I	 44.01E	 +   0.014W	*	P	-
S33598	2009-007D	Briz-M No. 99501	2009 Feb 11	2009 Feb 11	2026 Sep 24 2208	    1474.951 	   35679.9 	 	   37407.6 	 	 12.62 	 	GEO/ID	 63.32E	 +   9.516W	2009 Feb 11 0003	R	-
S33596	2009-007B	Ekspress MD-1	2009 Feb 11	2009 Feb 11	2026 Oct  8 1152	    1452.908 	   36080.4 	 	   36149.6 	 	 10.43 	 	GEO/ID	143.68W	 +   4.184W	2013 Aug 26	P	-
S33595	2009-007A	Ekspress AM-44	2009 Feb 11	2009 Feb 11	2026 Oct  8 0541	    1436.100 	   35771.7 	 	   35801.6 	 	  3.75 	 	GEO/I	 11.04W	 +   0.008W	*	P	-
S33749	2009-008A	NSS 9	2009 Feb 12	2009 Feb 19	2026 Oct  8 1001	    1436.101 	   35777.9 	 	   35795.5 	 	  1.55 	 	GEO/S	176.91W	 +   0.008W	*	P	-
S33750	2009-008B	EUTELSAT 33E	2009 Feb 12	2009 Feb 20?	2026 Oct  8 0928	    1455.428 	   36158.6 	 	   36169.7 	 	  2.99 	 	GEO/D	 65.87E	 +   4.802W	2024 Oct 29	P	-
S34265	2009-010B	Blok DM-2 No 107L	2009 Feb 28	2009 Feb 28	2026 Oct  8 0752	    1440.096 	   35854.6 	 	   35875.0 	 	 12.32 	 	GEO/ID	 90.44E	 +   1.010W	2009 Feb 28 0410	R	-
S34264	2009-010A	Raduga-1	2009 Feb 28	2009 Feb 28	2026 Oct  7 2012	    1442.663 	   35872.5 	 	   35957.5 	 	 12.33 	 	GEO/ID	 85.13E	 +   1.650W	2015 Apr 25	P	-
S34111	2009-009A	Telstar 11N	2009 Feb 26	2009 Mar	2026 Oct  8 0858	    1436.112 	   35775.9 	 	   35797.9 	 	  0.05 	 	GEO/S	 37.57W	 +   0.011W	*	P	-
S34710	2009-016A	EUTELSAT 10A	2009 Apr  3	2009 Apr 10?	2026 Oct  8 1152	    1467.654 	   36326.6 	 	   36477.5 	 	  3.33 	 	GEO/ID	136.97E	 +   7.769W	2023 Nov 29	P	-
S34713	2009-017A	WGS SV-2	2009 Apr  4	2009 Apr	2026 Oct  8 1451	    1436.115 	   35786.2 	 	   35787.7 	 	  0.02 	 	GEO/S	 57.51E	 +   0.012W	*	P	-
S34779	2009-018A	Beidou DW 2	2009 Apr 14	2009 Apr 20?	2026 Oct  7 1818	    1523.538 	   36142.3 	 	   38820.2 	 	 11.67 	 	VHEO	114.96E	 +  20.725W	2010 Sep  8	P	-
S34810	2009-020A	SICRAL 1B	2009 Apr 20	2009 Apr 23?	2026 Apr 28 1406	    1436.122 	   35773.5 	 	   35800.7 	 	  3.08 	 	GEO/I	 11.76E	 +   0.014W	*	P	-
S34941	2009-027A	SES-7	2009 May 16	2009 May 21	2026 Oct  8 1525	    1436.128 	   35777.5 	 	   35796.9 	 	  0.05 	 	GEO/S	108.28E	 +   0.015W	*	P	-
S35362	2009-032A	Measat 3A	2009 Jun 21	2009 Jun 27	2026 Oct  8 1428	    1436.097 	   35774.5 	 	   35798.7 	 	  0.04 	 	GEO/S	160.04E	 +   0.007W	*	P	-
S35493	2009-034A	Sirius FM-5	2009 Jun 30	2009 Jul  6	2026 Oct  8 1210	    1436.117 	   35785.8 	 	   35788.2 	 	  0.02 	 	GEO/S	 86.13W	 +   0.012W	*	P	-
S35496	2009-035A	T1	2009 Jul  1	2009 Jul  6	2026 Oct  7 0806	    1436.103 	   35779.6 	 	   35793.8 	 	  5.25 	 	GEO/I	110.92W	 +   0.009W	*	P	-
S35491	2009-033A	GOES 14	2009 Jun 27	2009 Jul  6	2026 Oct  8 1111	    1438.976 	   35833.8 	 	   35852.1 	 	  1.98 	 	GEO/D	 66.05E	 +   0.729W	*	P	-
S35696	2009-042A	Asiasat 5	2009 Aug 11	2009 Aug 16	2026 Oct  8 1508	    1436.134 	   35780.2 	 	   35794.5 	 	  0.03 	 	GEO/S	100.52E	 +   0.017W	*	P	-
S35756	2009-044B	Optus D3	2009 Aug 21	2009 Aug 27	2026 Oct  8 1136	    1436.103 	   35768.8 	 	   35804.6 	 	  0.76 	 	GEO/S	156.19E	 +   0.009W	*	P	-
S35755	2009-044A	JCSAT RA	2009 Aug 21	2009 Aug 30	2026 Oct  8 1336	    1436.118 	   35779.1 	 	   35794.9 	 	  0.02 	 	GEO/S	132.08E	 +   0.012W	*	P	-
S35812	2009-046A	Palapa D	2009 Aug 31	2009 Sep 12?	2026 Oct  8 0951	    1458.298 	   36149.7 	 	   36290.3 	 	  6.00 	 	GEO/ID	 90.77W	 +   5.503W	2021 Apr 20	P	-
S35815	2009-047A	NEMESIS 1	2009 Sep  8	2009 Sep 15?	2025 Apr  3 2006	    1436.214 	   35733.5 	 	   35844.3 	 	  0.13 	 	GEO/S	 21.22E	 +   0.037W	*	P	-
S35873	2009-050A	Nimiq 5	2009 Sep 17	2009 Sep 24	2026 Oct  8 1458	    1436.115 	   35775.3 	 	   35798.6 	 	  0.05 	 	GEO/S	 72.70W	 +   0.012W	*	P	-
S35942	2009-054A	Amazonas-2	2009 Oct  1	2009 Oct  5	2026 Oct  8 1214	    1436.124 	   35773.4 	 	   35800.8 	 	  2.10 	 	GEO/S	 72.04W	 +   0.014W	*	P	-
S35943	2009-054B	COMSATBw-1	2009 Oct  1	2009 Oct 11?	2026 Oct  8 1425	    1436.111 	   35773.1 	 	   35800.6 	 	  0.02 	 	GEO/S	 63.05E	 +   0.011W	*	P	-
S36032	2009-058A	NSS 12	2009 Oct 29	2009 Nov  3	2026 Oct  8 1451	    1436.086 	   35776.4 	 	   35796.4 	 	  0.08 	 	GEO/S	 57.03E	 +   0.004W	*	P	-
S36033	2009-058B	Thor 6	2009 Oct 29	2009 Nov  4?	2026 Oct  8 0544	    1436.102 	   35779.4 	 	   35794.0 	 	  0.02 	 	GEO/S	  0.85W	 +   0.008W	*	P	-
S36097	2009-064A	Intelsat IS-14	2009 Nov 23	2009 Nov 29?	2026 Oct  8 0856	    1436.075 	   35775.6 	 	   35796.7 	 	  0.20 	 	GEO/S	 45.02W	 +   0.002W	*	P	-
S36101	2009-065A	EUTELSAT 50A	2009 Nov 24	2009 Nov 30?	2026 Oct  8 1106	    1436.053 	   35761.4 	 	   35810.1 	 	  0.77 	 	GEO/S	 50.58E	 +   0.004E	*	P	-
S36106	2009-067A	Intelsat IS-15	2009 Nov 30	2009 Dec  6?	2026 Oct  8 1116	    1436.095 	   35774.9 	 	   35798.3 	 	  0.04 	 	GEO/S	 85.19E	 +   0.007W	*	P	-
S36108	2009-068A	WGS SV-3	2009 Dec  6	2009 Dec	2026 Oct  8 0303	    1436.107 	   35786.0 	 	   35787.6 	 	  0.30 	 	GEO/S	122.27W	 +   0.010W	*	P	-
S36131	2009-075A	T12	2009 Dec 29	2010 Jan 10	2026 Oct  8 0116	    1436.087 	   35785.4 	 	   35787.5 	 	  0.04 	 	GEO/S	102.71W	 +   0.005W	*	P	-
S36287	2010-001A	Beidou DW 3	2010 Jan 16	2010 Jan 22?	2026 Oct  8 1158	    1436.110 	   35774.9 	 	   35798.8 	 	  4.56 	 	GEO/I	140.54E	 +   0.010W	*	P	-
S36358	2010-002A	Raduga-1M	2010 Jan 28	2010 Jan 28	2026 Oct  8 1153	    1455.003 	   36132.9 	 	   36178.8 	 	  3.91 	 	GEO/ID	136.57E	 +   4.698W	2025 Feb 21	P	-
S36397	2010-006A	Intelsat IS-16	2010 Feb 12	2010 Feb 13	2026 Oct  8 0554	    1419.887 	   35458.7 	 	   35478.7 	 	  0.02 	 	GEO/D	 35.42E	 +   4.114E	*	P	-
S36395	2010-005A	Solar Dynamics Observatory	2010 Feb 11	2010 Mar  9	2026 Oct  4 0251	    1436.076 	   35778.6 	 	   35793.8 	 	 34.88 	 	GEO/T	107.19W	 +   0.002W	*	P	-
S36411	2010-008A	EWS-G2	2010 Mar  4	2010 Mar 13	2026 Oct  8 1436	    1436.077 	   35766.4 	 	   35806.0 	 	  1.58 	 	GEO/S	 63.38E	 +   0.002W	*	P	-
S36499	2010-010A	Echostar XIV	2010 Mar 20	2010 Mar 26	2026 Oct  8 1200	    1436.110 	   35777.3 	 	   35796.3 	 	  0.05 	 	GEO/S	118.91W	 +   0.010W	*	P	-
S36516	2010-016A	SES-1	2010 Apr 24	2010 May  1?	2026 Oct  8 1206	    1436.085 	   35775.7 	 	   35797.1 	 	  0.04 	 	GEO/S	101.02W	 +   0.004W	*	P	-
S36581	2010-021A	Astra 3B	2010 May 21	2010 May 31?	2026 Oct  8 0551	    1436.128 	   35774.8 	 	   35799.6 	 	  1.75 	 	GEO/S	 23.47E	 +   0.015W	*	P	-
S36582	2010-021B	COMSATBw-2	2010 May 21	2010 May 31?	2026 Oct  8 1238	    1436.018 	   35771.6 	 	   35798.5 	 	  0.01 	 	GEO/S	 13.29E	 +   0.013E	*	P	-
S36590	2010-024A	Beidou DW 4	2010 Jun  2	2010 Jun  8	2026 Oct  8 1114	    1436.113 	   35771.1 	 	   35802.8 	 	  4.78 	 	GEO/I	 79.55E	 +   0.011W	*	P	-
S36592	2010-025A	Badr 5	2010 Jun  3	2010 Jun 15?	2026 Oct  8 0553	    1436.099 	   35751.2 	 	   35822.1 	 	  0.06 	 	GEO/S	 30.41E	 +   0.008W	*	P	-
S36744	2010-032A	Cheollian	2010 Jun 26	2010 Jul  7?	2026 Oct  8 0539	    1452.062 	   36057.4 	 	   36139.7 	 	  5.09 	 	GEO/ID	 16.42W	 +   3.976W	2026 Jun  4	P	-
S36745	2010-032B	Arabsat 5A	2010 Jun 26	2010 Jul 10?	2026 Oct  8 1405	    1436.063 	   35770.5 	 	   35801.4 	 	  0.32 	 	GEO/S	 30.57E	 +   0.001E	*	P	-
S36792	2010-034A	Echostar XV	2010 Jul 10	2010 Jul 15	2026 Oct  8 1200	    1436.078 	   35776.8 	 	   35795.7 	 	  0.05 	 	GEO/S	118.80W	 +   0.003W	*	P	-
S36828	2010-036A	Beidou DW 5	2010 Jul 31	2010 Aug  2	2026 Sep 13 1604	    1435.844 	   35534.8 	 	   36028.4 	 	 54.30 	 	GEO/T	107.14E	 +   0.056E	*	P	-
S36830	2010-037A	Nilesat 201	2010 Aug  4	2010 Aug 18?	2026 Oct  8 0907	    1436.086 	   35763.2 	 	   35809.5 	 	  0.02 	 	GEO/S	  7.02W	 +   0.005W	*	P	-
S36831	2010-037B	RASCOM-QAF 1R	2010 Aug  4	2010 Aug 18?	2026 Oct  6 1749	    1436.077 	   35763.8 	 	   35808.7 	 	  0.03 	 	GEO/S	  2.98E	 +   0.002W	*	P	-
S37150	2010-042A	Zhongxing 6A	2010 Sep  4	2010 Sep 13?	2026 Oct  8 0451	    1444.245 	   35933.7 	 	   35958.2 	 	  4.51 	 	GEO/ID	175.04E	 +   2.044W	2022 Jan 25	P	-
S37158	2010-045A	Michibiki	2010 Sep 11	2010 Sep 14	2026 Oct  2 0606	    1641.679 	   39684.2 	 	   39756.3 	 	 44.37 	 	VHEO	176.62E	 +  45.211W	2023 Sep 15 0338	P	-
S37185	2010-053A	Sirius XM-5	2010 Oct 14	2010 Oct 20?	2026 Oct  7 0903	    1436.127 	   35785.2 	 	   35789.2 	 	  0.07 	 	GEO/S	115.19W	 +   0.015W	*	P	-
S37207	2010-056B	BSAT-3B	2010 Oct 28	2010 Nov  3	2026 Oct  8 1528	    1436.124 	   35768.0 	 	   35806.3 	 	  0.02 	 	GEO/S	109.88E	 +   0.014W	*	P	-
S37210	2010-057A	Beidou DW 6	2010 Oct 31	2010 Nov  3?	2026 Oct  8 1603	    1436.086 	   35747.8 	 	   35825.0 	 	  3.92 	 	GEO/I	160.08E	 +   0.004W	*	P	-
S37232	2010-063A	USA 223	2010 Nov 21	2010 Nov 22	2026 Sep 10 2240	    1436.122 	   35669.4 	 	   35904.8 	 	  9.65 	 	GEO/I	110.72E	 +   0.014W	*	P	-
S37234	2010-064A	Zhongxing 20A	2010 Nov 24	2010 Nov 27?	2026 Oct  8 1156	    1463.174 	   36222.3 	 	   36407.6 	 	  7.57 	 	GEO/ID	133.97W	 +   6.687W	2023 Apr 18	P	-
S37218	2010-061A	SkyTerra 1	2010 Nov 14	2011 Nov 29	2026 Oct  8 1003	    1436.104 	   35775.7 	 	   35797.8 	 	  5.37 	 	GEO/I	101.40W	 +   0.009W	*	P	-
S37237	2010-065A	Hylas	2010 Nov 26	2010 Nov 30	2026 Oct  8 1158	    1436.082 	   35781.1 	 	   35791.5 	 	  5.92 	 	GEO/I	135.73E	 +   0.003W	2024 Nov  4	P	-
S37238	2010-065B	Intelsat IS-17	2010 Nov 26	2010 Dec  3?	2026 Oct  8 1111	    1436.095 	   35776.7 	 	   35796.4 	 	  0.01 	 	GEO/S	 66.06E	 +   0.007W	*	P	-
S37256	2010-068A	Beidou DW 7	2010 Dec 17	2010 Dec 20?	2026 Oct  8 0939	    1436.476 	   35554.8 	 	   36033.2 	 	 47.35 	 	GEO/T	105.52E	 +   0.103W	*	P	-
S37258	2010-069A	KA-SAT	2010 Dec 26	2010 Dec 30?	2026 Oct  7 1605	    1436.094 	   35764.8 	 	   35808.3 	 	  0.08 	 	GEO/S	  9.10E	 +   0.006W	*	P	-
S37264	2010-070A	Hispasat 30W-5	2010 Dec 29	2011 Jan  3	2026 Oct  8 0901	    1436.100 	   35764.4 	 	   35808.9 	 	  0.05 	 	GEO/S	 30.03W	 +   0.008W	*	P	-
S37265	2010-070B	Olleh 1	2010 Dec 29	2011 Jan  6	2026 Oct  8 1428	    1436.095 	   35775.4 	 	   35797.7 	 	  0.03 	 	GEO/S	159.90E	 +   0.007W	*	P	-
S37345	2011-001B	Fregat-SB No. 2001	2011 Jan 20	2011 Jan 20	2026 Oct  7 2133	    1400.760 	   34466.6 	 	   35717.5 	 	 10.45 	 	GEO/ID	 77.91E	 +   9.099E	2011 Jan 20 1229	R	-
S37344	2011-001A	Elektro-L No. 1	2011 Jan 20	2011 Jan 20	2026 Oct  8 1152	    1437.234 	   35796.0 	 	   35821.7 	 	  9.94 	 	GEO/ID	152.60W	 +   0.293W	2016 Oct?	P	-
S43395	2011-001J	deb Fregat-SB No. 2001	2011 Jan 20	2011 Jan ?	2026 Feb 15 0448	    1400.091 	   34659.2 	 	   35498.5 	 	 10.06 	 	GEO/ID	112.58W	 +   9.276E	2011 Jan 20 1229	D	-
S37377	2011-011A	USA 227	2011 Mar 11	2011 Mar?	2024 Jan  7 1527	    1452.807 	   35951.7 	 	   36274.3 	 	  5.16 	 	GEO/ID	 48.91E	 +   4.159W	2021?	P	-
S36868	2010-039A	AEHF SV-1	2010 Aug 14	2011 Mar 23?	2026 Oct  8 0227	    1436.046 	   35769.2 	 	   35802.0 	 	  8.50 	 	GEO/I	 29.77E	 +   0.006E	*	P	-
S37384	2011-013A	Beidou DW 8	2011 Apr  9	2011 Apr 13	2026 Oct  8 0615	    1435.892 	   35634.8 	 	   35930.3 	 	 62.57 	 	GEO/T	107.80E	 +   0.044E	*	P	-
S37392	2011-016A	Intelsat IS-28	2011 Apr 22	2011 Apr 30	2026 Oct  8 0900	    1436.080 	   35771.7 	 	   35800.8 	 	  2.09 	 	GEO/S	 31.75W	 +   0.003W	*	P	-
S37393	2011-016B	Al Yah 1	2011 Apr 22	2011 May  1?	2026 Oct  8 1107	    1436.086 	   35778.2 	 	   35794.5 	 	  0.00 	 	GEO/S	 52.53E	 +   0.004W	*	P	-
S37481	2011-019A	SBIRS GEO-1	2011 May  7	2011 May	2026 Oct  8 1107	    1436.089 	   35778.8 	 	   35794.1 	 	  4.78 	 	GEO/I	 51.83E	 +   0.005W	*	P	-
S37602	2011-021A	Estrela do Sul 2	2011 May 20	2011 May	2026 Oct  8 1206	    1454.819 	   36125.7 	 	   36178.8 	 	  0.30 	 	GEO/D	 98.92W	 +   4.653W	2026 Jul 16	P	-
S37605	2011-022A	GSAT-8	2011 May 20	2011 May	2026 Oct  8 1434	    1436.086 	   35755.8 	 	   35816.9 	 	  2.42 	 	GEO/S	 55.14E	 +   0.004W	*	P	-
S37606	2011-022B	ST-2	2011 May 20	2011 May	2026 Oct  8 1452	    1436.086 	   35777.7 	 	   35795.1 	 	  0.01 	 	GEO/S	 88.06E	 +   0.004W	*	P	-
S37677	2011-026A	Zhongxing 10	2011 Jun 20	2011 Jun	2026 Oct  8 0907	    1454.161 	   36114.7 	 	   36164.2 	 	  1.26 	 	GEO/D	  9.26W	 +   4.491W	*	P	-
S37737	2011-032A	Tian Lian 1-02	2011 Jul 11	2011 Jul	2026 Oct  8 0851	    1454.605 	   36122.6 	 	   36173.6 	 	  5.83 	 	GEO/ID	 64.74W	 +   4.600W	2023 Nov  5	P	-
S37746	2011-034A	GSAT-12	2011 Jul 15	2011 Jul	2026 Oct  8 1029	    1456.626 	   36156.8 	 	   36218.2 	 	  5.59 	 	GEO/ID	 79.09W	 +   5.095W	2023 Mar 16	P	-
S37748	2011-035A	SES-3	2011 Jul 15	2011 Jul	2026 Oct  8 1205	    1436.097 	   35775.3 	 	   35797.9 	 	  1.61 	 	GEO/S	103.01W	 +   0.007W	*	P	-
S37749	2011-035B	Kazsat-2	2011 Jul 15	2011 Jul	2026 Oct  6 1210	    1436.093 	   35780.8 	 	   35792.2 	 	  0.04 	 	GEO/S	 86.55E	 +   0.006W	*	P	-
S37763	2011-038A	Beidou DW 9	2011 Jul 26	2011 Aug  4?	2026 Oct  7 1724	    1436.220 	   35111.2 	 	   36466.8 	 	 54.60 	 	GEO/T	 82.71E	 +   0.038W	*	P	-
S37775	2011-041A	Astra 1N	2011 Aug  6	2011 Aug 12	2026 Oct  8 1240	    1436.093 	   35770.9 	 	   35802.2 	 	  0.11 	 	GEO/S	 19.25E	 +   0.006W	*	P	-
S37776	2011-041B	BSAT 3c	2011 Aug  6	2011 Aug 16	2026 Oct  8 1528	    1436.116 	   35785.7 	 	   35788.2 	 	  0.06 	 	GEO/S	109.97E	 +   0.012W	*	P	-
S37779	2011-042A	Paksat 1R	2011 Aug 11	2011 Aug 21?	2026 Oct  8 1159	    1449.137 	   36034.0 	 	   36048.9 	 	  0.98 	 	GEO/D	124.89W	 +   3.256W	2026 Aug 24	P	-
S37804	2011-047A	Zhongxing 1A	2011 Sep 18	2011 Sep 20?	2026 Oct  8 1405	    1439.567 	   35845.8 	 	   35863.2 	 	  4.00 	 	GEO/ID	 38.30E	 +   0.877W	2022 Nov 16	P	-
S37807	2011-048B	Briz-M No. 88529	2011 Sep 20	2011 Sep 21	2026 Oct  8 1216	    1381.111 	   33768.0 	 	   35638.7 	 	 10.27 	 	GEO/ID	155.48W	 +  14.364E	2011 Sep 20 2247	R	-
S37806	2011-048A	Kosmos-2473	2011 Sep 20	2011 Sep 21	2026 Oct  8 0457	    1435.671 	   35749.1 	 	   35807.4 	 	  5.86 	 	GEO/I	164.14W	 +   0.100E	2020 Jun 20?	P	-
S37810	2011-049B	Arabsat 5C	2011 Sep 21	2011 Sep 28	2026 Oct  8 1240	    1436.081 	   35769.5 	 	   35803.0 	 	  0.06 	 	GEO/S	 20.04E	 +   0.003W	*	P	-
S37809	2011-049A	SES-2	2011 Sep 21	2011 Sep 28	2026 Oct  8 0844	    1436.112 	   35774.7 	 	   35799.1 	 	  0.34 	 	GEO/S	 87.01W	 +   0.011W	*	P	-
S37816	2011-051A	EUTELSAT 7 WEST A	2011 Sep 24	2011 Sep 29	2026 Oct  8 0907	    1436.100 	   35759.6 	 	   35813.7 	 	  0.07 	 	GEO/S	  7.35W	 +   0.008W	*	P	-
S37826	2011-054A	QuetzSat-1	2011 Sep 29	2011 Oct  4	2026 Oct  8 1212	    1436.086 	   35774.6 	 	   35798.2 	 	  0.05 	 	GEO/S	 77.01W	 +   0.005W	*	P	-
S37836	2011-057A	EUTELSAT 16A	2011 Oct  7	2011 Oct 12	2026 Oct  8 0545	    1439.656 	   35832.4 	 	   35880.0 	 	  0.15 	 	GEO/D	  2.71E	 +   0.899W	*	P	-
S37834	2011-056A	Intelsat IS-18	2011 Oct  5	2011 Oct 13	2026 Oct  8 1000	    1436.078 	   35776.6 	 	   35795.8 	 	  0.02 	 	GEO/S	179.98W	 +   0.003W	*	P	-
S37843	2011-059A	ViaSat-1	2011 Oct 19	2011 Oct 28	2026 Oct  8 1202	    1436.068 	   35776.2 	 	   35795.8 	 	  0.00 	 	GEO/S	115.12W	 +   0.000E	*	P	-
S37933	2011-069A	Asiasat 7	2011 Nov 25	2011 Dec  6?	2026 Oct  8 1518	    1436.105 	   35780.7 	 	   35792.8 	 	  0.07 	 	GEO/S	105.53E	 +   0.009W	*	P	-
S37948	2011-073A	Beidou DW 10	2011 Dec  1	2011 Dec 10?	2026 Oct  7 1601	    1436.086 	   35296.9 	 	   36275.9 	 	 47.48 	 	GEO/T	 91.20E	 +   0.005W	*	P	-
S37952	2011-074C	Briz-M No. 99525	2011 Dec 11	2011 Dec 11	2026 Oct  3 2026	    1606.688 	   35424.9 	 	   42700.8 	 	 11.66 	 	VHEO	 67.59E	 +  38.334W	2011 Dec 11 1117	R	-
S37951	2011-074B	Luch-5A	2011 Dec 11	2011 Dec 11	2026 Oct  8 0449	    1436.051 	   35766.9 	 	   35804.5 	 	  9.04 	 	GEO/I	167.12E	 +   0.004E	*	P	-
S37950	2011-074A	Amos 5	2011 Dec 11	2011 Dec 11	2026 Oct  8 0047	    1437.163 	   35799.5 	 	   35815.5 	 	  9.09 	 	GEO/ID	 38.21E	 +   0.275W	2015 Nov 21	P	-
S38014	2011-077A	Nigcomsat 1R	2011 Dec 19	2011 Dec 29	2026 Oct  8 1104	    1436.078 	   35772.7 	 	   35799.7 	 	  0.02 	 	GEO/S	 42.47E	 +   0.003W	*	P	-
S38049	2012-002A	Feng Yun 2F	2012 Jan 13	2012 Jan 17	2026 Oct  8 0434	    1452.513 	   36094.9 	 	   36119.7 	 	  7.85 	 	GEO/ID	158.33W	 +   4.087W	2024 Aug 28	P	-
S38072	2012-002C	FG-36 AKM	2012 Jan 13	2012 Jan 17	2026 Oct  8 0225	    1448.744 	   35766.3 	 	   36301.3 	 	  9.43 	 	GEO/ID	 23.68E	 +   3.158W	2012 Jan 13 0056	C	-
S43396	2012-002D	FY-2F imager cover?	2012 Jan 13	2012 Jan 17?	2026 Oct  7 1921	    1436.752 	   34741.2 	 	   36857.7 	 	  9.37 	 	GEO/ID	109.45E	 +   0.172W	2012 Jan 13 0056	C	-
S38070	2012-003A	WGS SV-4	2012 Jan 20	2012 Feb  1	2026 Oct  8 1452	    1436.127 	   35783.4 	 	   35790.9 	 	  0.02 	 	GEO/S	 88.40E	 +   0.015W	*	P	-
S38087	2012-007A	SES-4	2012 Feb 14	2012 Feb 23	2026 Oct  8 0903	    1436.084 	   35775.6 	 	   35797.1 	 	  0.02 	 	GEO/S	 22.01W	 +   0.004W	*	P	-
S38091	2012-008A	Beidou DW 11	2012 Feb 24	2012 Mar  1	2026 Oct  8 1108	    1436.046 	   35752.0 	 	   35819.2 	 	  3.85 	 	GEO/I	 58.69E	 +   0.006E	*	P	-
S38093	2012-009A	MUOS 1	2012 Feb 24	2012 Mar	2026 Oct  8 1003	    1436.075 	   35569.6 	 	   36002.7 	 	  5.71 	 	GEO/I	 99.87W	 +   0.002W	*	P	-
S38098	2012-011A	Intelsat IS-22	2012 Mar 25	2012 Mar 29	2026 Oct  8 1112	    1436.103 	   35779.7 	 	   35793.7 	 	  0.01 	 	GEO/S	 72.13E	 +   0.009W	*	P	-
S38104	2012-012D	Blok DM-2 No. 117L	2012 Mar 30	2012 Mar 30	2026 Oct  8 0827	    1434.475 	   35707.3 	 	   35802.4 	 	  9.10 	 	GEO/ID	 93.26W	 +   0.401E	2012 Mar 30 0549	R	-
S38101	2012-012A	Kosmos-2479	2012 Mar 30	2012 Mar 30	2026 Oct  8 1504	    1434.421 	   35729.9 	 	   35777.7 	 	  9.11 	 	GEO/ID	 99.84E	 +   0.415E	2014 Apr	P	-
S38107	2012-013A	Apstar 7	2012 Mar 31	2012 Apr	2026 Oct  8 1114	    1436.096 	   35774.7 	 	   35798.4 	 	  0.02 	 	GEO/S	 76.53E	 +   0.007W	*	P	-
S38245	2012-016A	Al Yah 2	2012 Apr 23	2012 Apr 29	2026 Oct  8 0232	    1436.131 	   35782.1 	 	   35792.4 	 	  0.11 	 	GEO/S	 47.61E	 +   0.016W	*	P	-
S38254	2012-019A	AEHF SV-2	2012 May  4	2012 May	2026 Oct  7 1558	    1436.122 	   35774.9 	 	   35799.3 	 	  6.91 	 	GEO/I	 16.53W	 +   0.014W	*	P	-
S38332	2012-023B	Vinasat-2	2012 May 15	2012 May 21	2026 Oct  8 1336	    1436.121 	   35778.6 	 	   35795.5 	 	  0.02 	 	GEO/S	131.87E	 +   0.013W	*	P	-
S38342	2012-026A	Nimiq 6	2012 May 17	2012 May 21	2026 Oct  8 1208	    1436.091 	   35774.4 	 	   35798.6 	 	  0.05 	 	GEO/S	 91.12W	 +   0.006W	*	P	-
S38331	2012-023A	JCSAT 4B	2012 May 15	2012 May 23	2026 Oct  8 1553	    1436.108 	   35776.7 	 	   35796.9 	 	  0.03 	 	GEO/S	124.03E	 +   0.010W	*	P	-
S38352	2012-028A	Zhongxing 2A	2012 May 26	2012 Jun	2026 Oct  8 1120	    1436.130 	   35777.8 	 	   35796.7 	 	  1.74 	 	GEO/S	 98.26E	 +   0.016W	*	P	-
S38356	2012-030A	Intelsat IS-19	2012 Jun  1	2012 Jun  8?	2026 Oct  8 1409	    1436.108 	   35774.4 	 	   35799.2 	 	  0.02 	 	GEO/S	165.99E	 +   0.010W	*	P	-
S38466	2012-033A	USA 236	2012 Jun 20	2012 Jun 20?	2025 Feb 18 2114	    1436.122 	   35764.7 	 	   35809.5 	 	  6.72 	 	GEO/I	 23.81W	 +   0.014W	*	P	-
S38529	2012-034B	Delta 360	2012 Jun 29	2012 Jun 29	2026 Oct  7 1800	    1396.024 	   34188.4 	 	   35808.7 	 	  7.22 	 	GEO/ID	132.17E	 +  10.355E	2012 Jun 29 1315	R	-
S38528	2012-034A	USA 237	2012 Jun 29	2012 Jun 29	2025 Dec 25 2146	    1436.099 	   35612.4 	 	   35960.9 	 	  6.95 	 	GEO/I	  0.10E	 +   0.008W	*	P	-
S38552	2012-035B	Meteosat 10	2012 Jul  5	2012 Jul 11	2026 Oct  8 0544	    1436.049 	   35782.2 	 	   35789.1 	 	  4.94 	 	GEO/I	  0.07E	 +   0.005E	*	P	-
S38551	2012-035A	Echostar 17	2012 Jul  5	2012 Jul 12?	2026 Oct  7 0117	    1436.089 	   35777.9 	 	   35795.0 	 	  0.02 	 	GEO/S	107.06W	 +   0.005W	*	P	-
S40871	2012-035E	SEVIRI Cooler Cover	2012 Jul  5	2012 Jul 13	2026 Oct  7 1039	    1418.353 	   35345.6 	 	   35531.5 	 	  9.97 	 	GEO/ID	 98.45W	 +   4.509E	2012 Jul  5 2136	C	-
S40872	2012-035F	SEVIRI Entry Baffle Cover	2012 Jul  5	2012 Jul 13	2025 Mar 21 0651	    1401.579 	   34712.3 	 	   35504.1 	 	  8.53 	 	GEO/ID	140.33E	 +   8.883E	2012 Jul  5 2136	C	-
S38652	2012-036A	SES-5	2012 Jul  9	2012 Jul 16	2026 Oct  8 0545	    1436.143 	   35779.2 	 	   35795.8 	 	  0.01 	 	GEO/S	  4.95E	 +   0.019W	*	P	-
S38730	2012-040A	Tian Lian 1-03	2012 Jul 25	2012 Jul 28?	2026 Oct  8 1154	    1455.684 	   36090.7 	 	   36247.5 	 	  6.12 	 	GEO/ID	141.57W	 +   4.864W	2023 Nov  6	P	-
S38740	2012-043A	Intelsat IS-20	2012 Aug  2	2012 Aug  8	2026 Oct  8 1111	    1436.070 	   35779.9 	 	   35792.2 	 	  0.03 	 	GEO/S	 68.53E	 +   0.000W	*	P	-
S38741	2012-043B	Hylas 2	2012 Aug  2	2012 Aug 10	2026 Oct  8 0909	    1432.512 	   35695.8 	 	   35737.0 	 	  2.71 	 	GEO/D	  0.14E	 +   0.896E	*	P	-
S38749	2012-045A	Intelsat IS-21	2012 Aug 19	2012 Aug 26	2026 Oct  8 1218	    1436.133 	   35778.9 	 	   35795.7 	 	  0.02 	 	GEO/S	 58.00W	 +   0.016W	*	P	-
S38778	2012-051A	Astra 2F	2012 Sep 28	2012 Sep	2026 Oct  8 0552	    1436.104 	   35769.3 	 	   35804.1 	 	  0.05 	 	GEO/S	 28.15E	 +   0.009W	*	P	-
S38779	2012-051B	GSAT-10	2012 Sep 28	2012 Sep	2026 Oct  6 1122	    1436.118 	   35769.3 	 	   35804.7 	 	  0.02 	 	GEO/S	 83.06E	 +   0.012W	*	P	-
S38868	2012-057B	Briz-M No. 99534	2012 Oct 14	2012 Oct 14	2026 Oct  6 2104	    1629.234 	   37128.3 	 	   41845.7 	 	 12.40 	 	VHEO	 93.36E	 +  42.799W	2012 Oct 14 0837	R	-
S38867	2012-057A	Intelsat IS-23	2012 Oct 14	2012 Oct 14	2026 Oct  8 0502	    1436.125 	   35777.9 	 	   35796.4 	 	  0.02 	 	GEO/S	 52.99W	 +   0.014W	*	P	-
S38953	2012-059A	Beidou DW 16	2012 Oct 25	2012 Oct 27?	2026 Oct  8 1116	    1436.087 	   35758.9 	 	   35813.9 	 	  4.70 	 	GEO/I	 83.95E	 +   0.005W	*	P	-
S38980	2012-061D	Briz-M No. 99533	2012 Nov  2	2012 Nov  3	2026 Sep 25 0417	    1280.163 	   29767.2 	 	   35585.5 	 	  9.15 	 	MEO	 31.00W	 +  43.963E	2012 Nov  2 2104	R	-
S38978	2012-061B	Yamal-300K	2012 Nov  2	2012 Nov  3	2026 Oct  8 0128	    1436.087 	   35785.0 	 	   35787.9 	 	  0.01 	 	GEO/S	177.03W	 +   0.005W	*	P	-
S38977	2012-061A	Luch-5B	2012 Nov  2	2012 Nov  3	2026 Oct  8 0357	    1436.108 	   35758.5 	 	   35815.1 	 	 10.72 	 	GEO/I	 16.52W	 +   0.010W	*	P	-
S38992	2012-062B	EUTELSAT 21B	2012 Nov 10	2012 Nov 17?	2026 Oct  8 0550	    1436.053 	   35773.6 	 	   35797.9 	 	  0.07 	 	GEO/S	 21.62E	 +   0.004E	*	P	-
S38991	2012-062A	Star One C3	2012 Nov 10	2012 Nov 18	2026 Oct  8 1213	    1436.074 	   35777.1 	 	   35795.2 	 	  0.05 	 	GEO/S	 75.00W	 +   0.001W	*	P	-
S39008	2012-065A	Echostar XVI	2012 Nov 20	2012 Nov 21	2026 Oct  7 0931	    1436.106 	   35778.6 	 	   35794.9 	 	  0.00 	 	GEO/S	 61.51W	 +   0.010W	*	P	-
S39017	2012-067A	Zhongxing 12	2012 Nov 27	2012 Nov 29?	2026 Oct  8 1452	    1436.099 	   35774.8 	 	   35798.5 	 	  0.02 	 	GEO/S	 87.54E	 +   0.008W	*	P	-
S39020	2012-069A	EUTELSAT 70B	2012 Dec  3	2012 Dec  8	2026 Oct  8 1112	    1436.097 	   35770.5 	 	   35802.7 	 	  0.07 	 	GEO/S	 70.56E	 +   0.007W	*	P	-
S39022	2012-070A	Yamal-402	2012 Dec  8	2012 Dec 16?	2026 Oct  8 1434	    1436.085 	   35771.4 	 	   35801.3 	 	  1.55 	 	GEO/S	 54.95E	 +   0.004W	*	P	-
S39034	2012-075A	Skynet 5D	2012 Dec 19	2012 Dec 23?	2026 Oct  8 1107	    1436.097 	   35769.4 	 	   35803.8 	 	  0.07 	 	GEO/S	 52.79E	 +   0.007W	*	P	-
S39035	2012-075B	Mexsat Bicentenario	2012 Dec 19	2012 Dec 27?	2026 Oct  6 1025	    1436.155 	   35782.0 	 	   35793.5 	 	  0.02 	 	GEO/S	114.81W	 +   0.022W	*	P	-
S39070	2013-004A	TDRS 11	2013 Jan 31	2013 Feb  8	2026 Oct  8 1326	    1436.027 	   35775.0 	 	   35795.4 	 	  3.70 	 	GEO/I	174.33W	 +   0.010E	*	P	-
S39078	2013-006A	Amazonas 3	2013 Feb  7	2013 Feb 13	2026 Oct  6 1027	    1436.080 	   35764.1 	 	   35808.4 	 	  0.02 	 	GEO/S	 61.04W	 +   0.003W	*	P	-
S39079	2013-006B	Azerspace	2013 Feb  7	2013 Feb 14?	2026 Oct  8 1105	    1436.108 	   35779.3 	 	   35794.3 	 	  0.03 	 	GEO/S	 46.00E	 +   0.010W	*	P	-
S39120	2013-011A	SBIRS GEO-2	2013 Mar 19	2013 Mar	2026 Oct  8 0842	    1436.100 	   35775.9 	 	   35797.4 	 	  4.73 	 	GEO/I	 96.78W	 +   0.008W	*	P	-
S39122	2013-012A	EUTELSAT 117 WEST A	2013 Mar 26	2013 Mar 31	2026 Oct  8 1201	    1436.097 	   35774.7 	 	   35798.5 	 	  0.05 	 	GEO/S	116.82W	 +   0.007W	*	P	-
S39127	2013-014A	Anik G1	2013 Apr 15	2013 Apr 20	2026 Oct  8 1204	    1436.094 	   35773.3 	 	   35799.8 	 	  0.05 	 	GEO/S	107.32W	 +   0.007W	*	P	-
S39157	2013-020A	Zhongxing 11	2013 May  1	2013 May  3?	2026 Oct  8 1506	    1436.139 	   35785.6 	 	   35789.3 	 	  0.03 	 	GEO/S	 97.89E	 +   0.018W	*	P	-
S39163	2013-022A	EUTELSAT 7B	2013 May 14	2013 May 17?	2026 Oct  8 1239	    1436.126 	   35776.2 	 	   35798.1 	 	  0.07 	 	GEO/S	 16.04E	 +   0.014W	*	P	-
S39172	2013-026A	SES-6	2013 Jun  3	2013 Jun 10?	2026 Oct  8 0858	    1436.107 	   35778.6 	 	   35795.0 	 	  0.05 	 	GEO/S	 40.50W	 +   0.010W	*	P	-
S39168	2013-024A	WGS SV-5	2013 May 25	2013 Jul?	2026 Oct  8 0244	    1436.149 	   35786.3 	 	   35788.9 	 	  0.02 	 	GEO/S	 52.49W	 +   0.020W	*	P	-
S39199	2013-034A	IRNSS-R1A	2013 Jul  1	2013 Jul  5?	2026 Oct  1 1129	    1436.136 	   35697.9 	 	   35876.9 	 	 35.95 	 	GEO/T	 56.00E	 +   0.017W	*	P	-
S39216	2013-038B	Insat 3D	2013 Jul 25	2013 Jul 28?	2026 Oct  8 1418	    1436.110 	   35779.1 	 	   35794.6 	 	  2.21 	 	GEO/S	129.55E	 +   0.010W	*	P	-
S39206	2013-036A	MUOS 2	2013 Jul 19	2013 Jul 30	2026 Oct  8 1409	    1436.132 	   35542.2 	 	   36032.4 	 	  5.22 	 	GEO/I	172.10E	 +   0.016W	*	P	-
S39215	2013-038A	Inmarsat 4A F4	2013 Jul 25	2013 Aug  1	2026 Oct  8 0551	    1436.116 	   35771.6 	 	   35802.3 	 	  3.01 	 	GEO/I	 24.88E	 +   0.012W	*	P	-
S39222	2013-041A	WGS SV-6	2013 Aug  8	2013 Sep?	2026 Oct  8 1156	    1436.112 	   35785.9 	 	   35787.8 	 	  0.00 	 	GEO/S	135.19W	 +   0.011W	*	P	-
S39234	2013-044B	GSAT-7	2013 Aug 29	2013 Sep  1?	2026 Oct  8 1113	    1436.102 	   35760.5 	 	   35812.8 	 	  0.37 	 	GEO/S	 74.03E	 +   0.008W	*	P	-
S39233	2013-044A	Es'hail-1	2013 Aug 29	2013 Sep  3	2026 Oct  8 0551	    1436.143 	   35778.1 	 	   35796.9 	 	  0.06 	 	GEO/S	 25.50E	 +   0.019W	*	P	-
S39237	2013-045A	Amos 4	2013 Aug 31	2013 Sep  8	2026 Oct  8 1110	    1436.086 	   35781.6 	 	   35791.2 	 	  0.03 	 	GEO/S	 65.04E	 +   0.004W	*	P	-
S39285	2013-056A	Astra 2E	2013 Sep 29	2013 Oct  5	2026 Oct  8 0552	    1436.104 	   35777.8 	 	   35795.7 	 	  0.08 	 	GEO/S	 28.49E	 +   0.009W	*	P	-
S39360	2013-058A	Sirius FM-6	2013 Oct 25	2013 Oct 31	2026 Oct  8 1201	    1436.127 	   35785.9 	 	   35788.5 	 	  0.02 	 	GEO/S	116.34W	 +   0.015W	*	P	-
S39256	2013-050A	AEHF SV-3	2013 Sep 18	2013 Dec	2026 Oct  8 1159	    1436.050 	   35393.6 	 	   36177.7 	 	  5.57 	 	GEO/I	124.16W	 +   0.005E	*	P	-
S39370	2013-060A	Mars Orbiter Mission	2013 Nov  5	2013 Nov  8	2013 Nov 15	    5574.136 	     845.0 	 	  194676.0 	 	 19.42 	 	DSO	-	-	2022 Apr 12?	P	D
S39376	2013-062B	Briz-M No. 88532	2013 Nov 11	2013 Nov 12	2026 Sep 18 0542	    1381.841 	   33759.8 	 	   35675.8 	 	  9.61 	 	GEO/ID	 32.02W	 +  14.166E	2013 Nov 11 2346	R	-
S39375	2013-062A	Raduga-1M	2013 Nov 11	2013 Nov 12	2026 Oct  8 0229	    1436.082 	   35777.9 	 	   35794.8 	 	  6.24 	 	GEO/I	 34.88E	 +   0.004W	*	P	-
S39460	2013-071A	SES-8	2013 Dec  3	2013 Dec 16	2026 Oct  8 1507	    1436.078 	   35779.3 	 	   35793.2 	 	  0.04 	 	GEO/S	 95.02E	 +   0.003W	*	P	-
S39476	2013-073A	Inmarsat 5F1	2013 Dec  8	2013 Dec 22	2026 Oct  8 1436	    1436.137 	   35785.7 	 	   35789.1 	 	  0.02 	 	GEO/S	 62.61E	 +   0.017W	*	P	-
S39481	2013-075A	Tupac Katari	2013 Dec 20	2013 Dec 25?	2026 Oct  8 0844	    1436.112 	   35778.7 	 	   35795.1 	 	  0.07 	 	GEO/S	 87.19W	 +   0.011W	*	P	-
S39488	2013-077B	Briz-M No. 99543	2013 Dec 26	2013 Dec 26	2026 Sep 22 0316	    1607.756 	   36523.7 	 	   41642.3 	 	 10.86 	 	VHEO	  8.19E	 +  38.549W	2013 Dec 26 1049	R	-
S39487	2013-077A	Ekspress AM-5	2013 Dec 26	2013 Dec 26	2026 Oct  8 1320	    1436.123 	   35776.8 	 	   35797.4 	 	  0.02 	 	GEO/S	140.03E	 +   0.014W	*	P	-
S39498	2014-001A	GSAT-14	2014 Jan  5	2014 Jan  9	2026 Oct  8 1113	    1436.099 	   35760.7 	 	   35812.6 	 	  0.05 	 	GEO/S	 74.06E	 +   0.008W	*	P	-
S39500	2014-002A	Thaicom 6	2014 Jan  6	2014 Jan 17	2026 Oct  8 1114	    1436.098 	   35773.6 	 	   35799.6 	 	  0.07 	 	GEO/S	 78.59E	 +   0.007W	*	P	-
S39504	2014-004A	TDRS 12	2014 Jan 24	2014 Feb  3	2026 Oct  8 0532	    1436.038 	   35757.4 	 	   35813.5 	 	  4.10 	 	GEO/I	 41.04W	 +   0.008E	*	P	-
S39509	2014-006B	ATHENA-FIDUS	2014 Feb  6	2014 Feb 15?	2026 Oct  8 0555	    1436.092 	   35780.4 	 	   35792.6 	 	  0.01 	 	GEO/S	 37.79E	 +   0.006W	*	P	-
S39508	2014-006A	ABS-2	2014 Feb  6	2014 Feb 18?	2026 Oct  8 1113	    1436.095 	   35772.0 	 	   35801.1 	 	  0.05 	 	GEO/S	 74.98E	 +   0.007W	*	P	-
S39522	2014-007A	Turksat 4A	2014 Feb 14	2014 Feb 20	2026 Oct  8 1104	    1436.132 	   35768.5 	 	   35806.1 	 	  0.07 	 	GEO/S	 41.97E	 +   0.016W	*	P	-
S39614	2014-010C	Briz-M No. 99545	2014 Mar 15	2014 Mar 16	2026 Oct  7 1653	    1589.749 	   35742.8 	 	   41743.0 	 	 11.27 	 	VHEO	148.33E	 +  34.896W	2014 Mar 15 2308	R	-
S39612	2014-010A	Ekspress-AT1	2014 Mar 15	2014 Mar 16	2026 Oct  8 1114	    1435.495 	   35754.8 	 	   35794.9 	 	  0.54 	 	GEO/D	 78.87E	 +   0.144E	2026 Mar  4	P	-
S39613	2014-010B	Ekspress-AT2	2014 Mar 15	2014 Mar 16	2026 Oct  8 1434	    1436.083 	   35785.9 	 	   35786.7 	 	  0.02 	 	GEO/S	 56.01E	 +   0.004W	*	P	-
S39616	2014-011A	Hispasat 74W-1	2014 Mar 22	2014 Mar 30	2026 Oct  8 1213	    1436.133 	   35759.9 	 	   35814.7 	 	  0.05 	 	GEO/S	 74.07W	 +   0.016W	*	P	-
S39617	2014-011B	Astra 3C	2014 Mar 22	2014 Mar 31?	2026 Oct  8 0551	    1436.073 	   35770.5 	 	   35801.7 	 	  0.09 	 	GEO/S	 23.49E	 +   0.001W	*	P	-
S39635	2014-017A	IRNSS-R1B	2014 Apr  4	2014 Apr  8	2026 Oct  4 2318	    1435.998 	   35702.7 	 	   35866.6 	 	 29.17 	 	GEO/T	 55.14E	 +   0.018E	*	P	-
S39652	2014-020A	USA 250	2014 Apr 10	2014 Apr 12	2022 Sep 20 2154	    1436.122 	   35755.4 	 	   35818.8 	 	  2.20 	 	GEO/S	 81.97E	 +   0.014W	*	P	-
S39729	2014-023C	Briz-M No. 99548	2014 Apr 28	2014 Apr 28	2026 Sep  1 1141	    1556.022 	   35238.2 	 	   40966.8 	 	 10.30 	 	VHEO	103.33W	 +  27.828W	2014 Apr 28 0425	R	-
S39727	2014-023A	Luch-5V	2014 Apr 28	2014 Apr 28	2026 Oct  8 1504	    1436.109 	   35774.0 	 	   35799.7 	 	  5.41 	 	GEO/I	 94.81E	 +   0.010W	*	P	-
S39728	2014-023B	Kazsat-3	2014 Apr 28	2014 Apr 28	2026 Oct  8 0235	    1436.114 	   35786.9 	 	   35787.0 	 	  0.02 	 	GEO/S	 58.52E	 +   0.012W	*	P	-
S39751	2014-027A	USA 252	2014 May 22	2014 May 23?	2020 Aug 11 0129	    1436.121 	   35772.2 	 	   35801.9 	 	  2.90 	 	GEO/S	169.89E	 +   0.013W	*	P	-
S39773	2014-030A	EUTELSAT 3B	2014 May 26	2014 Jun  4?	2026 Oct  8 0545	    1436.096 	   35768.8 	 	   35804.3 	 	  0.07 	 	GEO/S	  3.06E	 +   0.007W	*	P	-
S40102	2014-043D	Delta 368	2014 Jul 28	2014 Jul 29	2026 Oct  7 2101	    1455.863 	   36136.6 	 	   36208.7 	 	  9.46 	 	GEO/ID	 84.26E	 +   4.908W	2014 Jul 28 2328	R	-
S40099	2014-043A	USA 253	2014 Jul 28	2014 Jul 29	2026 Oct  4 2225	    1488.008 	   36778.3 	 	   36815.1 	 	  5.79 	 	GEO/ID	 23.84E	 +  12.600W	2021 Feb  1?	P	-
S40100	2014-043B	USA 254	2014 Jul 28	2014 Jul 29	2026 Oct  5 1214	    1452.669 	   36100.0 	 	   36120.7 	 	  5.00 	 	GEO/ID	 62.12E	 +   4.125W	2021 Oct  7?	P	-
S40101	2014-043C	USA 255	2014 Jul 28	2014 Jul 29	2026 Oct  8 0047	    1458.586 	   36173.8 	 	   36277.5 	 	  9.50 	 	GEO/ID	 37.89E	 +   5.573W	2017 Nov 20	P	-
S40107	2014-046A	Asiasat 8	2014 Aug  5	2014 Aug 11	2026 Oct  8 1518	    1436.109 	   35779.4 	 	   35794.3 	 	  0.03 	 	GEO/S	105.34E	 +   0.010W	*	P	-
S40141	2014-052A	Asiasat 6	2014 Sep  7	2014 Sep 12	2026 Oct  8 1256	    1436.115 	   35783.7 	 	   35790.2 	 	  0.05 	 	GEO/S	119.94E	 +   0.012W	*	P	-
S40146	2014-054A	Optus 10	2014 Sep 11	2014 Sep 17	2026 Oct  7 1830	    1436.084 	   35777.7 	 	   35795.0 	 	  0.09 	 	GEO/S	155.99E	 +   0.004W	*	P	-
S40147	2014-054B	Measat 3B	2014 Sep 11	2014 Sep 20?	2026 Oct  8 1432	    1436.114 	   35784.4 	 	   35789.5 	 	  0.03 	 	GEO/S	 91.52E	 +   0.011W	*	P	-
S40208	2014-055A	NEMESIS 2	2014 Sep 17	2014 Sep 20?	2021 Jun  1 0910	    1435.963 	   35728.2 	 	   35839.7 	 	  0.12 	 	GEO/S	149.98E	 +   0.026E	*	P	-
S40259	2014-058B	Briz-M No. 99549	2014 Sep 27	2014 Sep 29	2026 Sep 23 2206	    1570.564 	   35531.4 	 	   41226.9 	 	 10.76 	 	VHEO	 84.57E	 +  30.913W	2014 Sep 27 2023	R	-
S40258	2014-058A	Luch	2014 Sep 27	2014 Sep 29	2026 Oct  6 0413	    1452.875 	   36098.7 	 	   36130.0 	 	  2.18 	 	GEO/D	 19.53E	 +   4.176W	2025 Oct 22	P	-
S40267	2014-060A	Himawari-8	2014 Oct  7	2014 Oct 15?	2026 Oct  8 1320	    1436.090 	   35780.9 	 	   35792.0 	 	  0.05 	 	GEO/S	140.69E	 +   0.005W	*	P	-
S40269	2014-061A	IRNSS-R1C	2014 Oct 15	2014 Oct 20?	2026 Oct  8 1443	    1436.043 	   35704.1 	 	   35867.0 	 	  6.80 	 	GEO/I	 82.54E	 +   0.006E	*	P	-
S40271	2014-062A	Intelsat IS-30	2014 Oct 16	2014 Oct 23	2026 Oct  8 0117	    1436.156 	   35781.6 	 	   35793.9 	 	  0.01 	 	GEO/S	 95.07W	 +   0.022W	*	P	-
S40272	2014-062B	ARSAT-1	2014 Oct 16	2014 Oct 28?	2026 Oct  8 1214	    1436.112 	   35779.8 	 	   35794.0 	 	  0.02 	 	GEO/S	 71.81W	 +   0.011W	*	P	-
S40277	2014-064A	Ekspress AM-6	2014 Oct 21	2014 Nov 14	2026 Oct  8 1107	    1436.088 	   35778.5 	 	   35794.4 	 	  0.02 	 	GEO/S	 53.03E	 +   0.005W	*	P	-
S40332	2014-078A	GSAT-16	2014 Dec  6	2014 Dec 10	2026 Oct  7 1436	    1436.108 	   35766.5 	 	   35807.1 	 	  0.05 	 	GEO/S	 55.11E	 +   0.010W	*	P	-
S40333	2014-078B	T14	2014 Dec  6	2014 Dec 11	2026 Oct  8 1206	    1436.116 	   35783.3 	 	   35790.7 	 	  0.01 	 	GEO/S	 99.23W	 +   0.012W	*	P	-
S40346	2014-082B	Briz-M No. 99551	2014 Dec 15	2014 Dec 16	2026 Sep 23 0524	    1293.389 	   30339.0 	 	   35550.7 	 	  8.85 	 	MEO	 32.86W	 +  39.822E	2014 Dec 15 0016	R	-
S40345	2014-082A	Yamal-401	2014 Dec 15	2014 Dec 16	2026 Oct  8 1432	    1436.065 	   35785.8 	 	   35786.2 	 	  0.01 	 	GEO/S	 89.96E	 +   0.001E	*	P	-
S40355	2014-085A	GVM 5A4PP No. 85501	2014 Dec 23	2014 Dec 23	2026 Oct  7 1322	    1530.926 	   35996.0 	 	   39249.8 	 	 10.60 	 	VHEO	157.54W	 +  22.367W	2014 Dec 23	P	-
S40364	2014-089A	Astra 2G	2014 Dec 27	2015 Jan  4	2026 Oct  8 0552	    1436.138 	   35778.8 	 	   35796.0 	 	  0.03 	 	GEO/S	 28.20E	 +   0.018W	*	P	-
S40367	2014-090A	Feng Yun 2G	2014 Dec 31	2015 Jan  6	2026 Oct  8 1506	    1436.226 	   35770.6 	 	   35807.7 	 	  5.92 	 	GEO/I	 99.54E	 +   0.040W	*	P	-
S40369	2014-090C	FG-36 AKM	2014 Dec 31	2015 Jan  6	2026 Sep 18 0521	    1445.898 	   35772.4 	 	   36184.1 	 	  7.79 	 	GEO/ID	  9.95W	 +   2.454W	2014 Dec 31 0102	C	-
S43646	2014-090D	FY-2G imager cover	2014 Dec 31	2015 Jan  7?	2026 Oct  3 0016	    1436.291 	   34939.7 	 	   36641.1 	 	  7.80 	 	GEO/I	 51.24E	 +   0.056W	2014 Dec 31 0102	C	-
S40374	2015-002A	MUOS 3	2015 Jan 21	2015 Jan 28?	2026 Oct  8 0539	    1436.092 	   35537.7 	 	   36035.3 	 	  4.74 	 	GEO/I	 15.96W	 +   0.006W	*	P	-
S40384	2015-005A	Inmarsat 5F2	2015 Feb  1	2015 Feb 12	2026 Oct  8 1036	    1436.079 	   35784.6 	 	   35787.9 	 	  0.01 	 	GEO/S	 55.04W	 +   0.003W	*	P	-
S40486	2015-011E	Centaur AV-053	2015 Mar 13	2015 Mar 13	2017 Aug 26 1238	      97.136 	      65.8 	 	    1177.4 	 	 24.95 	 	TA	170.84W	-	2015 Mar 13 0244	R	D
S40485	2015-011D	MMS 4	2015 Mar 13	2015 Mar 13	2026 Oct  8 1600	    5134.326 	   10851.7 	 	  173564.3 	 	 72.97 	 	DSO	171.37W	-	*	P	D
S40484	2015-011C	MMS 3	2015 Mar 13	2015 Mar 13	2026 Oct  8 1600	    5134.271 	   10853.0 	 	  173561.6 	 	 72.98 	 	DSO	171.19W	-	*	P	D
S40483	2015-011B	MMS 2	2015 Mar 13	2015 Mar 13	2026 Oct  8 1600	    5134.231 	   10837.0 	 	  173576.5 	 	 72.98 	 	DSO	170.78W	-	*	P	D
S40482	2015-011A	MMS 1	2015 Mar 13	2015 Mar 13	2026 Oct  8 1600	    5133.814 	   10864.9 	 	  173538.0 	 	 72.98 	 	DSO	169.78W	-	*	P	D
S40505	2015-012A	Ekspress AM-7	2015 Mar 18	2015 Mar 21?	2026 Oct  8 0612	    1436.107 	   35773.6 	 	   35800.0 	 	  0.02 	 	GEO/S	 39.95E	 +   0.010W	*	P	-
S41929	2015-019C	Yuanzheng-1 Y1	2015 Mar 30	2015 Mar 30	2026 Oct 12 0430	    5158.024 	   23043.2 	 	  161979.0 	 	 18.08 	 	DSO	 54.24W	-	2015 Mar 30 1352	R	D
S40549	2015-019A	Beidou DW 17	2015 Mar 30	2015 Mar 30	2026 Oct  7 1117	    1435.943 	   35619.8 	 	   35947.4 	 	 48.98 	 	GEO/T	100.99E	 +   0.031E	*	P	-
S40547	2015-018A	IRNSS-R1D	2015 Mar 28	2015 Mar 31	2026 Oct  8 0446	    1470.022 	   36406.8 	 	   36489.3 	 	 19.35 	 	GEO/ID	 78.18W	 +   8.338W	2025 Jul 14	P	-
S40424	2015-010A	ABS-3A	2015 Mar  2	2015 Apr 23	2026 Oct  7 1602	    1436.109 	   35779.3 	 	   35794.3 	 	  0.01 	 	GEO/S	  2.98W	 +   0.010W	*	P	-
S40613	2015-022A	Thor 7	2015 Apr 26	2015 May  1	2026 Oct  8 0544	    1436.059 	   35774.5 	 	   35797.2 	 	  0.01 	 	GEO/S	  0.65W	 +   0.002E	*	P	-
S40614	2015-022B	SICRAL 2	2015 Apr 26	2015 May?	2026 Aug 12 0709	    1436.122 	   35772.5 	 	   35801.7 	 	  0.03 	 	GEO/S	 36.98E	 +   0.014W	*	P	-
S40617	2015-023A	TurkmenAlem52E/MonacoSAT	2015 Apr 27	2015 May  4	2026 Oct  8 1107	    1436.095 	   35774.0 	 	   35799.1 	 	  0.04 	 	GEO/S	 52.05E	 +   0.007W	*	P	-
S40425	2015-010B	EUTELSAT 115 WEST B	2015 Mar  2	2015 May 17	2026 Oct  7 1633	    1436.095 	   35785.9 	 	   35787.3 	 	  0.02 	 	GEO/S	114.90W	 +   0.007W	*	P	-
S40663	2015-026A	T15	2015 May 27	2015 Jun  2	2026 Oct  7 1208	    1436.110 	   35786.2 	 	   35787.5 	 	  0.04 	 	GEO/S	102.88W	 +   0.010W	*	P	-
S40664	2015-026B	Sky Mexico-1	2015 May 27	2015 Jun  4	2026 Oct  8 1212	    1436.131 	   35779.2 	 	   35795.4 	 	  0.02 	 	GEO/S	 78.82W	 +   0.016W	*	P	-
S40733	2015-034B	Star One C4	2015 Jul 15	2015 Jul 21	2026 Oct  8 0330	    1436.140 	   35783.5 	 	   35791.4 	 	  0.01 	 	GEO/S	 69.99W	 +   0.018W	*	P	-
S40732	2015-034A	Meteosat 11	2015 Jul 15	2015 Jul 22	2026 Oct  7 1606	    1435.976 	   35782.3 	 	   35786.2 	 	  3.48 	 	GEO/I	  9.62E	 +   0.023E	*	P	-
S40989	2015-034E	SEVIRI Entry Baffle Cover	2015 Jul 15	2015 Jul 24	2026 Oct  7 0606	    1418.162 	   35326.1 	 	   35543.5 	 	  7.39 	 	GEO/ID	150.52W	 +   4.558E	2015 Jul 15 2142	C	-
S40990	2015-034F	SEVIRI Cooler Cover	2015 Jul 15	2015 Jul 24	2026 Feb 26 1452	    1402.660 	   34719.6 	 	   35539.5 	 	  6.74 	 	GEO/ID	 60.88E	 +   8.598E	2015 Jul 15 2142	C	-
S40746	2015-036A	WGS SV-7	2015 Jul 24	2015 Jul 26	2026 Oct  8 1142	    1436.083 	   35785.5 	 	   35787.1 	 	  0.01 	 	GEO/S	175.06E	 +   0.004W	*	P	-
S40874	2015-039A	Intelsat IS-34	2015 Aug 20	2015 Aug 28	2026 Oct  8 1011	    1436.125 	   35785.1 	 	   35789.2 	 	  0.03 	 	GEO/S	 55.47W	 +   0.014W	*	P	-
S40875	2015-039B	EUTELSAT 8 WEST B	2015 Aug 20	2015 Aug 31	2026 Oct  8 0907	    1436.100 	   35771.4 	 	   35801.9 	 	  0.07 	 	GEO/S	  8.02W	 +   0.008W	*	P	-
S40880	2015-041A	GSAT-6	2015 Aug 27	2015 Aug 30	2026 Oct  8 1115	    1436.113 	   35774.3 	 	   35799.5 	 	  2.21 	 	GEO/S	 82.57E	 +   0.011W	*	P	-
S40882	2015-042A	Inmarsat 5F3	2015 Aug 28	2015 Sep  9	2026 Oct  8 1000	    1436.117 	   35781.4 	 	   35792.6 	 	  0.02 	 	GEO/S	179.57E	 +   0.012W	*	P	-
S40887	2015-044A	MUOS 4	2015 Sep  2	2015 Sep 10?	2026 Oct  8 1453	    1436.096 	   35567.1 	 	   36006.1 	 	  4.54 	 	GEO/I	 74.41E	 +   0.007W	*	P	-
S40896	2015-048B	Blok DM-03 No. 5L	2015 Sep 14	2015 Sep 15	2026 Sep 27 0052	    1459.619 	   35820.3 	 	   36671.3 	 	  9.33 	 	GEO/ID	 40.55E	 +   5.824W	2015 Sep 14 1900	R	-
S40895	2015-048A	Ekspress AM-8	2015 Sep 14	2015 Sep 15	2026 Oct  8 0905	    1436.090 	   35786.1 	 	   35786.9 	 	  0.02 	 	GEO/S	 13.98W	 +   0.005W	*	P	-
S40892	2015-046A	Tongxin Jishu Shiyan 1	2015 Sep 12	2015 Sep 20?	2026 Oct  7 2155	    1436.126 	   35775.1 	 	   35799.2 	 	  0.61 	 	GEO/S	154.97E	 +   0.014W	*	P	-
S40938	2015-053A	Beidou DW 20	2015 Sep 29	2015 Oct  1?	2026 Oct  8 0937	    1436.001 	   35509.9 	 	   36059.6 	 	 49.05 	 	GEO/T	 96.41E	 +   0.017E	*	P	-
S40940	2015-054A	Sky Muster	2015 Sep 30	2015 Oct  9	2026 Oct  7 2333	    1436.111 	   35779.4 	 	   35794.3 	 	  0.02 	 	GEO/S	140.25E	 +   0.011W	*	P	-
S40941	2015-054B	ARSAT-2	2015 Sep 30	2015 Oct 12?	2026 Oct  8 1211	    1436.109 	   35778.7 	 	   35795.0 	 	  0.02 	 	GEO/S	 81.01W	 +   0.010W	*	P	-
S40946	2015-056A	Morelos 3	2015 Oct  2	2015 Oct 13	2026 Oct  7 0657	    1436.155 	   35773.3 	 	   35802.2 	 	  3.29 	 	GEO/I	113.06W	 +   0.022W	*	P	-
S40984	2015-060A	Turksat 4B	2015 Oct 16	2015 Oct 22	2026 Oct  8 1106	    1436.081 	   35779.2 	 	   35793.3 	 	  0.02 	 	GEO/S	 49.97E	 +   0.003W	*	P	-
S40982	2015-059A	Apstar 9	2015 Oct 16	2015 Oct 24?	2026 Oct  8 1320	    1436.069 	   35774.3 	 	   35797.8 	 	  0.04 	 	GEO/S	142.03E	 +   0.000W	*	P	-
S41021	2015-063A	Zhongxing 2C	2015 Nov  3	2015 Nov 12	2026 Oct  8 1514	    1436.150 	   35745.5 	 	   35829.8 	 	  0.56 	 	GEO/S	103.50E	 +   0.021W	*	P	-
S41028	2015-065A	GSAT-15	2015 Nov 10	2015 Nov 16	2026 Oct  7 0106	    1436.128 	   35778.7 	 	   35795.7 	 	  0.04 	 	GEO/S	 93.49E	 +   0.015W	*	P	-
S41029	2015-065B	Badr 7	2015 Nov 10	2015 Nov 16?	2026 Oct  8 0551	    1436.136 	   35759.0 	 	   35815.7 	 	  0.04 	 	GEO/S	 25.95E	 +   0.017W	*	P	-
S41034	2015-067A	LaoSat 1	2015 Nov 20	2015 Nov 30	2026 Oct  8 1424	    1436.155 	   35779.4 	 	   35796.1 	 	  0.03 	 	GEO/S	128.47E	 +   0.022W	*	P	-
S41036	2015-068A	Telstar 12 Vantage	2015 Nov 24	2015 Nov 30	2026 Oct  8 0905	    1436.129 	   35778.5 	 	   35795.9 	 	  0.02 	 	GEO/S	 15.02W	 +   0.015W	*	P	-
S41103	2015-073A	Zhongxing 1C	2015 Dec  9	2015 Dec 11?	2026 Oct  8 1029	    1452.116 	   36070.1 	 	   36129.1 	 	  7.38 	 	GEO/ID	 80.52W	 +   3.989W	2023 Jun 24	P	-
S41106	2015-074B	Fregat-SB No. 222-02	2015 Dec 11	2015 Dec 11	2026 Oct  7 0634	    1399.503 	   34247.4 	 	   35887.1 	 	  8.38 	 	GEO/ID	 53.94W	 +   9.432E	2015 Dec 11 1345	R	-
S41105	2015-074A	Elektro-L No. 2	2015 Dec 11	2015 Dec 11	2026 Oct  8 0540	    1436.111 	   35775.8 	 	   35797.9 	 	  6.97 	 	GEO/I	 14.65W	 +   0.011W	*	P	-
S41122	2015-075B	Briz-M No. 88533	2015 Dec 13	2015 Dec 13	2026 Oct  8 0724	    1376.137 	   33209.1 	 	   36000.1 	 	  8.73 	 	MEO	 70.51W	 +  15.721E	2015 Dec 13 0019	R	-
S41121	2015-075A	Kosmos-2513	2015 Dec 13	2015 Dec 13	2026 Oct  6 1218	    1436.119 	   35777.7 	 	   35796.4 	 	  0.05 	 	GEO/S	 80.29E	 +   0.013W	*	P	-
S41191	2015-082A	Ekspress AMU-1	2015 Dec 24	2016 Jan	2026 Oct  8 0612	    1436.063 	   35774.6 	 	   35797.3 	 	  0.02 	 	GEO/S	 36.10E	 +   0.001E	*	P	-
S41194	2015-083A	Gao Fen 4	2015 Dec 28	2016 Jan	2026 Oct  8 1518	    1436.118 	   35772.4 	 	   35801.6 	 	  0.64 	 	GEO/S	105.75E	 +   0.013W	*	P	-
S41238	2016-001A	BelinterSat-1	2016 Jan 15	2016 Jan	2026 Oct  8 1106	    1436.101 	   35785.8 	 	   35787.6 	 	  0.02 	 	GEO/S	 51.51E	 +   0.008W	*	P	-
S41547	2015-075H	deb Briz-M	2015 Dec 13	2016 Jan 16	2026 Sep 23 1352	    1395.469 	   33873.5 	 	   36101.6 	 	  8.88 	 	GEO/ID	149.87W	 +  10.502E	2015 Dec 13 0019	D	-
S41548	2015-075J	deb Briz-M	2015 Dec 13	2016 Jan 16	2026 Oct  5 0549	    1409.103 	   33690.4 	 	   36822.7 	 	  8.93 	 	GEO/ID	 46.43W	 +   6.908E	2015 Dec 13 0019	D	-
S41241	2016-003A	IRNSS-R1E	2016 Jan 20	2016 Jan 25?	2026 Oct  7 1916	    1436.028 	   35690.2 	 	   35880.3 	 	 33.48 	 	GEO/T	111.96E	 +   0.010E	*	P	-
S41310	2016-005A	EUTELSAT 9B	2016 Jan 29	2016 Feb  5?	2026 Oct  8 0546	    1436.092 	   35772.5 	 	   35800.6 	 	  0.07 	 	GEO/S	  8.97E	 +   0.006W	*	P	-
S41308	2016-004A	Intelsat IS-29e	2016 Jan 27	2016 Feb  8?	2026 Oct  8 1206	    1431.242 	   35674.6 	 	   35708.4 	 	  6.78 	 	GEO/ID	144.26E	 +   1.217E	2019 Apr 10?	P	-
S41382	2016-014A	EUTELSAT 65 WEST A	2016 Mar  9	2016 Mar 13	2026 Oct  8 0720	    1436.134 	   35778.0 	 	   35796.6 	 	  0.07 	 	GEO/S	 65.22W	 +   0.016W	*	P	-
S41380	2016-013A	SES-9	2016 Mar  4	2016 Mar 14	2026 Oct  8 1525	    1436.096 	   35780.4 	 	   35792.7 	 	  0.01 	 	GEO/S	108.31E	 +   0.007W	*	P	-
S41384	2016-015A	IRNSS-R1F	2016 Mar 10	2016 Mar 20?	2026 Oct  8 0410	    1436.121 	   35698.8 	 	   35875.3 	 	  5.63 	 	GEO/I	 32.20E	 +   0.013W	*	P	-
S41434	2016-021A	Beidou DW 22	2016 Mar 29	2016 Apr  3?	2026 Oct  7 1802	    1436.017 	   35520.4 	 	   36049.7 	 	 60.39 	 	GEO/T	103.56E	 +   0.013E	*	P	-
S41469	2016-027A	IRNSS-R1G	2016 Apr 28	2016 May  3	2026 Oct  7 1235	    1436.095 	   35777.2 	 	   35795.9 	 	  5.47 	 	GEO/I	129.45E	 +   0.007W	*	P	-
S41471	2016-028A	JCSAT 2B	2016 May  6	2016 May 11	2026 Oct  7 2155	    1436.134 	   35783.4 	 	   35791.2 	 	  0.02 	 	GEO/S	154.00E	 +   0.016W	*	P	-
S41552	2016-031A	Thaicom 8	2016 May 27	2016 Jun  7	2026 Oct  8 1114	    1436.123 	   35786.1 	 	   35788.2 	 	  0.07 	 	GEO/S	 78.53E	 +   0.014W	*	P	-
S41585	2016-036B	Delta 374	2016 Jun 11	2016 Jun 11	2026 Oct  8 0202	    1383.552 	   33801.8 	 	   35701.6 	 	  5.58 	 	GEO/ID	 47.96W	 +  13.702E	2016 Jun 11 1751	R	-
S41584	2016-036A	USA 268	2016 Jun 11	2016 Jun 11	2021 Sep  7 1724	    1436.122 	   35579.7 	 	   35994.5 	 	  6.31 	 	GEO/I	105.03E	 +   0.014W	*	P	-
S41581	2016-035A	Intelsat IS-31	2016 Jun  9	2016 Jun 20?	2026 Oct  8 1215	    1436.113 	   35779.6 	 	   35794.2 	 	  0.01 	 	GEO/S	 95.04W	 +   0.011W	*	P	-
S41586	2016-037A	Beidou DW 23	2016 Jun 12	2016 Jun 22?	2026 Oct  8 1528	    1436.089 	   35766.3 	 	   35806.5 	 	  2.00 	 	GEO/S	110.55E	 +   0.005W	*	P	-
S41591	2016-039A	BRISat	2016 Jun 18	2016 Jun 24	2026 Oct  7 0447	    1436.142 	   35778.7 	 	   35796.2 	 	  0.02 	 	GEO/S	150.50E	 +   0.019W	*	P	-
S41592	2016-039B	Echostar XVIII	2016 Jun 18	2016 Jun 24	2026 Oct  6 1027	    1436.151 	   35781.4 	 	   35793.9 	 	  0.02 	 	GEO/S	 61.36W	 +   0.021W	*	P	-
A08483	2009-018	deb Beidou G2	2009 Apr 14	2016 Jun 29	2016 Jun 29	    1434.738 	   35384.0 	 	   36136.0 	 	  4.71 	 	GEO/ID	-	-	2009 Apr 14 1616	D	-
S41589	2016-038B	EUTELSAT 117 WEST B	2016 Jun 15	2016 Aug  7	2026 Oct  8 1201	    1436.077 	   35785.7 	 	   35786.7 	 	  0.02 	 	GEO/S	116.95W	 +   0.002W	*	P	-
S41724	2016-047A	USA 269	2016 Jul 28	2016 Aug 11?	2025 Apr  3 1408	    1436.122 	   35765.8 	 	   35808.4 	 	  3.18 	 	GEO/I	  9.96W	 +   0.014W	*	P	-
S41725	2016-048A	Tiantong-1 01 xing	2016 Aug  5	2016 Aug 12?	2026 Oct  7 2140	    1436.128 	   35783.0 	 	   35791.4 	 	  4.07 	 	GEO/I	101.33E	 +   0.015W	*	P	-
S41729	2016-050A	JCSAT 16	2016 Aug 14	2016 Aug 18?	2026 Oct  7 1521	    1436.089 	   35783.2 	 	   35789.7 	 	  0.00 	 	GEO/S	143.98E	 +   0.005W	*	P	-
S41746	2016-052C	Delta 375	2016 Aug 19	2016 Aug 19	2026 Oct  7 1703	    1454.612 	   36127.0 	 	   36169.5 	 	  8.98 	 	GEO/ID	144.67E	 +   4.602W	2016 Aug 19 0452	R	-
S41744	2016-052A	USA 270	2016 Aug 19	2016 Aug 19	2026 Oct  6 0626	    1436.279 	   35754.4 	 	   35825.9 	 	  4.48 	 	GEO/I	125.91E	 +   0.053W	*	P	-
S41745	2016-052B	USA 271	2016 Aug 19	2016 Aug 19	2026 Oct  6 0902	    1453.619 	   36114.9 	 	   36142.9 	 	  4.45 	 	GEO/ID	 45.86W	 +   4.359W	*	P	-
S41747	2016-053A	Intelsat IS-36	2016 Aug 24	2016 Sep  1	2026 Oct  8 1111	    1436.109 	   35777.8 	 	   35795.8 	 	  0.01 	 	GEO/S	 68.47E	 +   0.010W	*	P	-
S41752	2016-054A	Insat 3DR	2016 Sep  8	2016 Sep 11	2026 Oct  8 1113	    1436.103 	   35734.0 	 	   35839.4 	 	  0.10 	 	GEO/S	 73.99E	 +   0.009W	*	P	-
S41588	2016-038A	ABS-2A	2016 Jun 15	2016 Sep 23	2026 Oct  8 0240	    1436.161 	   35781.5 	 	   35794.2 	 	  0.02 	 	GEO/S	 74.73E	 +   0.023W	*	P	-
S41793	2016-060A	GSAT-18	2016 Oct  5	2016 Oct 10	2026 Oct  8 1113	    1436.101 	   35779.0 	 	   35794.3 	 	  0.07 	 	GEO/S	 73.97E	 +   0.008W	*	P	-
S41794	2016-060B	Sky Muster II	2016 Oct  5	2016 Oct 13?	2026 Oct  8 1320	    1436.116 	   35780.5 	 	   35793.5 	 	  0.02 	 	GEO/S	144.83E	 +   0.012W	*	P	-
S41622	2016-041A	MUOS 5	2016 Jun 24	2016 Oct 20	2026 Oct  8 1204	    1436.090 	   34923.6 	 	   36649.3 	 	  1.97 	 	GEO/I	107.15W	 +   0.005W	*	P	-
S41840	2016-065C	Yuanzheng-2 Y1	2016 Nov  3	2016 Nov  4	2026 Oct  7 1811	    1540.535 	   35768.8 	 	   39844.9 	 	  9.67 	 	VHEO	136.08E	 +  24.479W	2016 Nov  3 1243	R	-
S41836	2016-064A	Himawari-9	2016 Nov  2	2016 Nov  4?	2026 Oct  7 0444	    1436.094 	   35782.2 	 	   35790.9 	 	  0.02 	 	GEO/S	140.78E	 +   0.006W	*	P	-
S41748	2016-053B	Intelsat IS-33e	2016 Aug 24	2016 Nov  8	2026 Oct  8 0550	    1436.646 	   35694.5 	 	   35900.2 	 	  1.86 	 	GEO/D	 21.04E	 +   0.145W	2024 Oct 19 0430	P	-
S41838	2016-065A	Shi Jian 17	2016 Nov  3	2016 Nov 10	2026 Oct  8 0056	    1442.145 	   35898.9 	 	   35910.9 	 	  6.03 	 	GEO/ID	 69.36E	 +   1.521W	*	P	-
S41866	2016-071A	GOES 16	2016 Nov 19	2016 Nov 29	2026 Oct  8 1204	    1436.104 	   35777.6 	 	   35795.8 	 	  0.62 	 	GEO/S	104.71W	 +   0.009W	*	P	-
S41869	2016-072A	Tian Lian 1-04	2016 Nov 22	2016 Nov 30?	2026 Oct  8 1409	    1436.111 	   35587.0 	 	   35986.7 	 	  1.15 	 	GEO/S	176.42E	 +   0.011W	*	P	-
S41879	2016-075A	WGS SV-8	2016 Dec  7	2016 Dec 17?	2026 Oct  8 1454	    1436.099 	   35785.9 	 	   35787.4 	 	  0.01 	 	GEO/S	149.82E	 +   0.008W	*	P	-
S41882	2016-077A	Feng Yun 4A	2016 Dec 10	2016 Dec 19?	2026 Oct  8 1555	    1436.044 	   35749.5 	 	   35821.7 	 	  2.60 	 	GEO/S	123.27E	 +   0.006E	*	P	-
S41903	2016-082A	JCSAT 15	2016 Dec 21	2016 Dec 27	2026 Oct  8 1240	    1436.101 	   35784.2 	 	   35789.1 	 	  0.02 	 	GEO/S	110.09E	 +   0.008W	*	P	-
S41904	2016-082B	Star One D1	2016 Dec 21	2016 Dec 27	2026 Oct  8 1210	    1436.068 	   35776.7 	 	   35795.4 	 	  0.02 	 	GEO/S	 84.01W	 +   0.000E	*	P	-
S41893	2016-079A	Echostar 19	2016 Dec 18	2016 Dec 30	2026 Oct  7 0011	    1436.097 	   35780.4 	 	   35792.8 	 	  0.00 	 	GEO/S	 97.07W	 +   0.007W	*	P	-
S41911	2017-001A	Tongxin Jishu Shiyan 2	2017 Jan  5	2017 Jan 10?	2026 Oct  8 1111	    1436.099 	   35777.8 	 	   35795.5 	 	  1.12 	 	GEO/S	 66.56E	 +   0.008W	*	P	-
S41937	2017-004A	SBIRS GEO-4	2017 Jan 21	2017 Feb?	2026 Oct  8 0903	    1436.102 	   35779.3 	 	   35794.1 	 	  2.47 	 	GEO/S	 21.21W	 +   0.008W	*	P	-
S41940	2017-005A	Kirameki 2	2017 Jan 24	2017 Feb?	2020 Sep 15 1237	    1436.122 	   35770.2 	 	   35804.0 	 	  0.03 	 	GEO/S	 92.97E	 +   0.014W	*	P	-
S41942	2017-006A	Hispasat 36W-1	2017 Jan 28	2017 Feb  5?	2026 Oct  8 0859	    1436.103 	   35782.4 	 	   35791.0 	 	  0.02 	 	GEO/S	 35.99W	 +   0.009W	*	P	-
S41944	2017-007A	Telkom-3S	2017 Feb 14	2017 Feb 19	2026 Oct  8 1253	    1436.114 	   35777.1 	 	   35796.7 	 	  0.02 	 	GEO/S	118.04E	 +   0.012W	*	P	-
S41945	2017-007B	SkyBrasil-1	2017 Feb 14	2017 Feb 22	2026 Oct  8 0857	    1436.168 	   35787.9 	 	   35788.1 	 	  0.02 	 	GEO/S	 43.19W	 +   0.025W	*	P	-
S42075	2017-016A	WGS SV-9	2017 Mar 19	2017 Mar?	2026 Oct  8 0540	    1436.127 	   35786.4 	 	   35787.9 	 	  0.02 	 	GEO/S	 12.01W	 +   0.015W	*	P	-
S42070	2017-014A	Echostar 23	2017 Mar 16	2017 Mar 22	2026 Oct  7 1531	    1436.134 	   35779.2 	 	   35795.4 	 	  0.02 	 	GEO/S	109.92W	 +   0.017W	*	P	-
S42432	2017-017A	SES-10	2017 Mar 30	2017 Apr  5	2026 Oct  8 0618	    1436.147 	   35777.2 	 	   35798.0 	 	  0.00 	 	GEO/S	 66.89W	 +   0.020W	*	P	-
S42662	2017-018A	Shi Jian 13	2017 Apr 12	2017 Apr 25	2026 Oct  8 1528	    1436.163 	   35755.1 	 	   35820.7 	 	  0.09 	 	GEO/S	110.59E	 +   0.024W	*	P	-
S42691	2017-023A	Koreasat 7	2017 May  4	2017 May  9	2026 Oct  8 1540	    1436.121 	   35781.2 	 	   35793.0 	 	  0.02 	 	GEO/S	115.92E	 +   0.013W	*	P	-
S42692	2017-023B	SGDC	2017 May  4	2017 May  9	2026 Oct  8 0352	    1436.138 	   35776.8 	 	   35798.0 	 	  0.01 	 	GEO/S	 74.84W	 +   0.018W	*	P	-
S42695	2017-024A	South Asia Satellite	2017 May  5	2017 May  9	2026 Oct  8 1442	    1436.147 	   35776.3 	 	   35798.9 	 	  0.08 	 	GEO/S	 97.35E	 +   0.020W	*	P	-
S42699	2017-025B	Falcon 9-035 Stage 2	2017 May 15	2017 May 15	2022 May  7 0700	     141.259 	     121.3 	 	    5091.9 	 	 19.80 	 	MEO	177.85W	-	2017 May 15 2321	R	-
S42698	2017-025A	Inmarsat 5F4	2017 May 15	2017 May 15	2026 Oct  8 1434	    1436.106 	   35785.3 	 	   35788.2 	 	  0.02 	 	GEO/S	 56.52E	 +   0.010W	*	P	-
S42738	2017-028A	Michibiki-2	2017 Jun  1	2017 Jun  5	2026 Oct  7 1823	    1436.344 	   32642.2 	 	   38940.7 	 	 39.27 	 	GEO/T	131.10E	 +   0.069W	*	P	-
S42740	2017-029A	ViaSat-2	2017 Jun  1	2017 Jun 14	2026 Oct  8 1214	    1436.148 	   35781.6 	 	   35793.6 	 	  0.01 	 	GEO/S	 69.95W	 +   0.020W	*	P	-
S42747	2017-031A	GSAT-19E	2017 Jun  5	2017 Jun 14	2026 Oct  7 1434	    1436.150 	   35759.4 	 	   35815.8 	 	  0.09 	 	GEO/S	 47.93E	 +   0.021W	*	P	-
S42749	2017-032A	Echostar 21	2017 Jun  8	2017 Jun 17?	2026 Oct  6 1426	    1436.072 	   35776.1 	 	   35796.1 	 	  1.79 	 	GEO/S	 10.30E	 +   0.001W	*	P	-
S42763	2017-035A	Zhongxing 9A	2017 Jun 18	2017 Jun?	2026 Oct  8 1118	    1443.200 	   35921.1 	 	   35929.9 	 	  5.27 	 	GEO/ID	 93.42E	 +   1.784W	2021 Feb 19	P	-
S42801	2017-038A	BulgariaSat-1	2017 Jun 23	2017 Jun 30?	2026 Oct  8 0544	    1436.107 	   35775.5 	 	   35798.1 	 	  0.06 	 	GEO/S	  1.89E	 +   0.010W	*	P	-
S42814	2017-040A	Hellas Sat 3-Inmarsat S EAN	2017 Jun 28	2017 Jul  3	2026 Oct  8 0612	    1436.089 	   35783.7 	 	   35789.2 	 	  0.07 	 	GEO/S	 39.00E	 +   0.005W	*	P	-
S42815	2017-040B	GSAT-17	2017 Jun 28	2017 Jul  3	2026 Oct  8 1457	    1436.118 	   35764.1 	 	   35809.9 	 	  0.07 	 	GEO/S	 93.57E	 +   0.012W	*	P	-
S42818	2017-041A	Intelsat IS-35e	2017 Jul  5	2017 Jul 18?	2026 Oct  7 1553	    1436.111 	   35778.1 	 	   35795.6 	 	  0.01 	 	GEO/S	 34.49W	 +   0.011W	*	P	-
S42909	2017-046C	Briz-M No. 99562	2017 Aug 16	2017 Aug 17	2026 Oct  1 0501	    1594.102 	   35380.3 	 	   42270.2 	 	  8.99 	 	VHEO	 18.16W	 +  35.787W	2017 Aug 16 2207	R	-
S42907	2017-046A	Kosmos-2520	2017 Aug 16	2017 Aug 17	2026 Oct  7 0600	    1436.079 	   35785.3 	 	   35787.2 	 	  0.03 	 	GEO/S	 45.03E	 +   0.003W	*	P	-
S42917	2017-048A	Michibiki-3	2017 Aug 19	2017 Aug 24	2026 Oct  8 1424	    1436.075 	   35777.6 	 	   35794.7 	 	  0.05 	 	GEO/S	127.08E	 +   0.002W	*	P	-
S42915	2017-047A	TDRS 13	2017 Aug 18	2017 Aug 26	2026 Oct  8 0358	    1436.103 	   35734.5 	 	   35838.9 	 	  3.49 	 	GEO/I	 11.59W	 +   0.009W	*	P	-
S42934	2017-053A	Amazonas 5	2017 Sep 11	2017 Sep 18	2026 Sep 29 0919	    1436.314 	   35782.4 	 	   35799.2 	 	  0.05 	 	GEO/S	 61.00W	 +   0.062W	*	P	-
S42741	2017-029B	EUTELSAT 172B	2017 Jun  1	2017 Sep 20	2026 Oct  8 1409	    1436.116 	   35786.7 	 	   35787.2 	 	  0.03 	 	GEO/S	172.02E	 +   0.012W	*	P	-
S42942	2017-057A	Asiasat 9	2017 Sep 28	2017 Oct  4	2026 Oct  8 1258	    1436.003 	   35775.8 	 	   35793.7 	 	  0.01 	 	GEO/S	122.17E	 +   0.016E	*	P	-
S42951	2017-059B	BSAT-4a	2017 Sep 29	2017 Oct  4	2026 Oct  8 1528	    1436.095 	   35783.3 	 	   35789.8 	 	  0.07 	 	GEO/S	109.84E	 +   0.007W	*	P	-
S42965	2017-062A	Michibiki-4	2017 Oct  9	2017 Oct 13	2026 Oct  8 1314	    1436.158 	   32625.4 	 	   38950.2 	 	 40.03 	 	GEO/T	143.59E	 +   0.023W	*	P	-
S42967	2017-063A	SES-11	2017 Oct 11	2017 Oct 17	2026 Oct  8 1204	    1436.098 	   35774.7 	 	   35798.6 	 	  0.03 	 	GEO/S	104.96W	 +   0.007W	*	P	-
S42950	2017-059A	Intelsat IS-37e	2017 Sep 29	2017 Oct 18	2026 Oct  8 0213	    1436.116 	   35774.8 	 	   35799.1 	 	  0.02 	 	GEO/S	 18.00W	 +   0.012W	*	P	-
S42949	2017-066A	USA 279	2017 Oct 15	2017 Oct 28?	2021 Sep  6 1708	    1436.122 	   35770.5 	 	   35803.7 	 	  2.82 	 	GEO/S	 92.08E	 +   0.014W	*	P	-
S42709	2017-026A	SES-15	2017 May 18	2017 Nov  1?	2026 Oct  8 1158	    1436.159 	   35786.5 	 	   35789.2 	 	  0.04 	 	GEO/S	129.16W	 +   0.023W	*	P	-
S42984	2017-067A	Mugunghwa 5A	2017 Oct 30	2017 Nov  6	2026 Oct  8 1532	    1436.111 	   35781.1 	 	   35792.6 	 	  0.03 	 	GEO/S	113.18E	 +   0.011W	*	P	-
S43039	2017-078A	Alcomsat 1	2017 Dec 10	2017 Dec	2026 Oct  8 0902	    1436.100 	   35778.6 	 	   35794.7 	 	  0.05 	 	GEO/S	 24.80W	 +   0.008W	*	P	-
S43088	2017-086B	Fregat-SB No. 2006	2017 Dec 26	2017 Dec	2026 Oct  8 0749	    1463.581 	   35783.6 	 	   36862.1 	 	  7.82 	 	GEO/ID	 69.21W	 +   6.786W	2017 Dec 26 1900	R	-
S43087	2017-086A	Angosat 1	2017 Dec 26	2017 Dec	2026 Oct  8 1240	    1448.958 	   35948.4 	 	   36127.5 	 	  7.86 	 	GEO/ID	162.50W	 +   3.211W	2018 Jan 16?	P	-
S43162	2018-009A	SBIRS GEO-3	2018 Jan 20	2018 Jan?	2026 Oct  8 1240	    1436.093 	   35778.6 	 	   35794.4 	 	  2.28 	 	GEO/S	159.41W	 +   0.006W	*	P	-
S43178	2018-013A	GovSat-1	2018 Jan 31	2018 Feb	2026 Aug 11 2310	    1436.122 	   35770.2 	 	   35804.0 	 	  0.02 	 	GEO/S	 21.39E	 +   0.014W	*	P	-
S43174	2018-012A	Al Yah 3	2018 Jan 25	2018 Feb 20	2026 Oct  7 0739	    1436.108 	   35771.8 	 	   35801.8 	 	  1.84 	 	GEO/S	 20.13W	 +   0.010W	*	P	-
S43284	1969-013E	deb Transtage 17	1969 Feb  9	2018 Feb 28	2026 Oct  7 0837	    1480.999 	   36062.8 	 	   37259.2 	 	  1.63 	 	GEO/D	 68.33W	 +  10.952W	1969 Feb  9 2109	D	-
S43447	1969-013G	deb Transtage 17	1969 Feb  9	2018 Feb 28	2026 Oct  7 0626	    1482.372 	   36106.2 	 	   37268.9 	 	  1.58 	 	GEO/D	 30.30W	 +  11.276W	1969 Feb  9 2109	D	-
S43448	1969-013H	deb Transtage 17	1969 Feb  9	2018 Feb 28	2026 Aug 14 2003	    1458.789 	   35010.1 	 	   37449.1 	 	  1.31 	 	GEO/D	161.68W	 +   5.622W	1969 Feb  9 2109	D	-
S43449	1969-013J	deb Transtage 17	1969 Feb  9	2018 Feb 28	2026 Oct  1 0714	    1490.823 	   36232.1 	 	   37470.0 	 	  1.70 	 	GEO/D	 45.28W	 +  13.258W	1969 Feb  9 2109	D	-
S43452	1969-013K	deb Transtage 17	1969 Feb  9	2018 Feb 28	2026 Jan 11 1308	    1395.907 	   32721.5 	 	   37271.0 	 	  0.79 	 	GEO/NS	 51.94E	 +  10.386E	1969 Feb  9 2109	D	-
S43454	1969-013M	deb Transtage 17	1969 Feb  9	2018 Feb 28	2026 Oct  8 0049	    1400.138 	   32830.0 	 	   37329.6 	 	  1.38 	 	GEO/NS	 86.01E	 +   9.264E	1969 Feb  9 2109	D	-
S43456	1969-013P	deb Transtage 17	1969 Feb  9	2018 Feb 28	2026 Oct  7 1927	    1402.300 	   32191.1 	 	   38053.8 	 	  2.26 	 	GEO/NS	106.85E	 +   8.693E	1969 Feb  9 2109	D	-
S43514	1969-013S	deb Transtage 17	1969 Feb  9	2018 Feb 28	2026 Oct  2 0536	    1472.406 	   35599.6 	 	   37389.0 	 	  1.78 	 	GEO/D	 29.89W	 +   8.909W	1969 Feb  9 2109	D	-
S43516	1969-013U	deb Transtage 17	1969 Feb  9	2018 Feb 28	2026 Oct  6 2223	    1492.028 	   36425.9 	 	   37322.9 	 	  1.86 	 	GEO/D	 74.38E	 +  13.539W	1969 Feb  9 2109	D	-
S43226	2018-022A	GOES 17	2018 Mar  1	2018 Mar 13	2026 Oct  8 1209	    1436.090 	   35782.0 	 	   35790.9 	 	  1.22 	 	GEO/S	 89.49W	 +   0.005W	*	P	-
S43228	2018-023A	Hispasat 30W-6	2018 Mar  6	2018 Mar 16	2026 Oct  7 0538	    1436.119 	   35777.2 	 	   35796.9 	 	  0.05 	 	GEO/S	 29.99W	 +   0.013W	*	P	-
S43271	2018-033A	Kirameki 1	2018 Apr  5	2018 Apr 11	2026 Oct  8 1355	    1436.110 	   35781.8 	 	   35791.8 	 	  0.05 	 	GEO/S	162.02E	 +   0.010W	*	P	-
S43286	2018-035A	IRNSS-R1I	2018 Apr 11	2018 Apr 15	2026 Oct  5 0011	    1436.120 	   35698.0 	 	   35876.1 	 	 29.01 	 	GEO/T	 55.18E	 +   0.013W	*	P	-
S43341	2018-036C	Centaur AV-079	2018 Apr 14	2018 Apr 15	2026 Oct  7 1953	    1329.525 	   31895.0 	 	   35452.8 	 	  6.96 	 	MEO	107.95E	 +  28.928E	2018 Apr 14 2313	R	-
S43339	2018-036A	CBAS-SATCOM	2018 Apr 14	2018 Apr 15	2026 Oct  4 2339	    1436.137 	   35787.0 	 	   35787.7 	 	  0.01 	 	GEO/S	134.08E	 +   0.017W	*	P	-
S43340	2018-036B	EAGLE	2018 Apr 14	2018 Apr 15	2020 Aug  4 0327	    1451.952 	   36079.5 	 	   36113.2 	 	  1.26 	 	GEO/D	 89.28E	 +   3.949W	2025?	P	-
S43342	2018-036D	EAGLE adapter?	2018 Apr 14	2018 Apr 15	2026 Oct  8 0511	    1407.299 	   35120.2 	 	   35321.8 	 	  7.37 	 	GEO/ID	 28.86W	 +   7.380E	2018 Apr 14 2313	C	-
S43272	2018-033B	Hylas 4	2018 Apr  5	2018 Apr 16	2026 Oct  8 0900	    1436.122 	   35782.3 	 	   35791.9 	 	  0.08 	 	GEO/S	 33.50W	 +   0.014W	*	P	-
S43433	2018-037B	Briz-M No. 99563	2018 Apr 18	2018 Apr 19	2026 Sep 17 2342	    1590.917 	   35732.9 	 	   41797.2 	 	  8.40 	 	VHEO	 77.89E	 +  35.136W	2018 Apr 18 2212	R	-
S43432	2018-037A	Kosmos-2526	2018 Apr 18	2018 Apr 19	2026 Oct  8 1559	    1436.063 	   35784.6 	 	   35787.3 	 	  0.00 	 	GEO/S	128.08E	 +   0.001E	*	P	-
S43445	2018-036E	USA 285	2018 Apr 14	2018 Apr 26?	2026 Oct  8 1204	    1410.220 	   35231.7 	 	   35325.4 	 	  7.39 	 	GEO/ID	136.80E	 +   6.617E	2026?	P	-
S43446	2018-036F	USA 286	2018 Apr 14	2018 Apr 26?	2026 Oct  7 1159	    1410.098 	   35229.8 	 	   35322.5 	 	  7.38 	 	GEO/ID	151.00W	 +   6.648E	2026?	P	-
S43450	2018-041A	Apstar 6C	2018 May  3	2018 May 10?	2026 Oct  7 2006	    1436.138 	   35777.6 	 	   35797.2 	 	  0.03 	 	GEO/S	133.99E	 +   0.018W	*	P	-
S43175	2018-012B	SES-14	2018 Jan 25	2018 May 11	2026 Oct  8 1038	    1436.104 	   35782.8 	 	   35790.7 	 	  0.04 	 	GEO/S	 47.49W	 +   0.009W	*	P	-
S43465	2018-036G	MYCROFT	2018 Apr 14	2018 May 12?	2019 Dec 16 0628	    1451.969 	   36094.5 	 	   36098.9 	 	  0.58 	 	GEO/D	 94.32W	 +   3.953W	2022 Mar	P	-
S43463	2018-044A	Bangabandhu 1	2018 May 11	2018 May 20?	2026 Oct  7 1454	    1436.130 	   35775.9 	 	   35798.6 	 	  0.01 	 	GEO/S	119.12E	 +   0.016W	*	P	-
S43488	2018-049A	SES-12	2018 Jun  4	2018 Jun	2026 Oct  8 1507	    1436.096 	   35777.8 	 	   35795.4 	 	  0.05 	 	GEO/S	 95.04E	 +   0.007W	*	P	-
S43491	2018-050A	Feng Yun 2H	2018 Jun  5	2018 Jun  6?	2026 Oct  8 1114	    1436.128 	   35774.1 	 	   35800.3 	 	  3.32 	 	GEO/I	 79.27E	 +   0.015W	*	P	-
S43497	2018-050C	FG-36 AKM	2018 Jun  5	2018 Jun  6?	2026 Oct  7 2346	    1439.252 	   35478.8 	 	   36217.9 	 	  5.15 	 	GEO/ID	 62.08E	 +   0.799W	2018 Jun  5 1307	C	-
S43645	2018-050D	FY-2H imager cover	2018 Jun  5	2018 Jun  6?	2026 Oct  4 2219	    1435.464 	   35533.0 	 	   36015.4 	 	  5.17 	 	GEO/ID	 86.47E	 +   0.152E	2018 Jun  5 1307	C	-
S43539	2018-057A	Beidou DW 32	2018 Jul  9	2018 Jul 17	2026 Oct  8 1252	    1436.132 	   35333.5 	 	   36241.1 	 	 55.21 	 	GEO/T	119.72E	 +   0.016W	*	P	-
S43562	2018-059A	Telstar 19 Vantage	2018 Jul 22	2018 Aug  1	2026 Oct  8 0459	    1436.107 	   35777.9 	 	   35795.7 	 	  0.02 	 	GEO/S	 63.00W	 +   0.010W	*	P	-
S43587	2018-064A	Merah Putih	2018 Aug  7	2018 Aug 13	2026 Oct  8 1525	    1436.112 	   35780.0 	 	   35793.8 	 	  0.01 	 	GEO/S	108.03E	 +   0.011W	*	P	-
S43611	2018-069A	Telstar 18 Vantage	2018 Sep 10	2018 Sep 20	2026 Oct  8 1147	    1436.124 	   35778.8 	 	   35795.5 	 	  0.02 	 	GEO/S	138.03E	 +   0.014W	*	P	-
S43633	2018-074B	Horizons 3e	2018 Sep 25	2018 Oct  4	2026 Oct  7 1143	    1436.090 	   35783.4 	 	   35789.5 	 	  0.02 	 	GEO/S	169.02E	 +   0.005W	*	P	-
S43683	2018-085A	Beidou DW 41	2018 Nov  1	2018 Nov  2?	2026 Oct  8 1355	    1436.113 	   35766.0 	 	   35807.8 	 	  2.68 	 	GEO/S	160.02E	 +   0.011W	*	P	-
S43698	2018-089A	GSAT-29	2018 Nov 14	2018 Nov 18	2026 Oct  8 1434	    1436.062 	   35775.7 	 	   35796.1 	 	  0.03 	 	GEO/S	 55.09E	 +   0.001E	*	P	-
S43700	2018-090A	Es'hailsat-2	2018 Nov 15	2018 Nov 20?	2026 Oct  8 0551	    1436.070 	   35781.2 	 	   35790.9 	 	  0.01 	 	GEO/S	 25.79E	 +   0.001W	*	P	-
S43632	2018-074A	Azerspace-2	2018 Sep 25	2018 Dec  4	2026 Oct  8 1105	    1436.095 	   35781.0 	 	   35792.1 	 	  0.01 	 	GEO/S	 45.13E	 +   0.007W	*	P	-
S43824	2018-100B	GSAT-11	2018 Dec  4	2018 Dec 10	2026 Oct  8 1113	    1436.097 	   35763.5 	 	   35809.6 	 	  0.01 	 	GEO/S	 74.05E	 +   0.007W	*	P	-
S43823	2018-100A	Cheollian 2A	2018 Dec  4	2018 Dec 13?	2026 Oct  8 1132	    1436.130 	   35781.8 	 	   35792.6 	 	  0.04 	 	GEO/S	128.26E	 +   0.016W	*	P	-
S43867	2018-107A	Kosmos-2533	2018 Dec 21	2018 Dec 21	2026 Oct  8 1112	    1436.056 	   35784.5 	 	   35787.1 	 	  0.02 	 	GEO/S	 70.02E	 +   0.003E	*	P	-
S43864	2018-105A	GSAT-7A	2018 Dec 19	2018 Dec 27	2026 Oct  8 1425	    1436.076 	   35776.2 	 	   35796.1 	 	  0.09 	 	GEO/S	 62.82E	 +   0.002W	*	P	-
S43874	2018-110A	Tongxin Jishu Shiyan 3	2018 Dec 24	2018 Dec 30?	2026 Oct  8 1717	    1436.073 	   35772.5 	 	   35799.8 	 	  2.83 	 	GEO/S	175.43E	 +   0.001W	*	P	R
S43917	2018-110C	TJS-3 subsatellite	2018 Dec 24	2018 Dec 30?	2026 Oct  8 1109	    1464.112 	   36303.5 	 	   36362.9 	 	  4.97 	 	GEO/ID	 61.49E	 +   6.914W	2021 Dec  1	P	-
S43920	2019-001A	Zhongxing 2D	2019 Jan 10	2019 Jan 12?	2026 Oct  8 1602	    1436.089 	   35778.8 	 	   35794.1 	 	  0.05 	 	GEO/S	130.05E	 +   0.005W	*	P	-
S43651	2018-079A	AEHF SV-4	2018 Oct 17	2019 Jan 30	2026 Oct  8 1139	    1436.126 	   35497.5 	 	   36076.8 	 	  1.43 	 	GEO/S	 66.87W	 +   0.014W	*	P	-
S44035	2019-007B	GSAT-31	2019 Feb  5	2019 Feb  9	2026 Oct  8 0604	    1436.075 	   35763.7 	 	   35808.7 	 	  0.06 	 	GEO/S	 47.83E	 +   0.002W	*	P	-
S44049	2019-009B	B'reshit	2019 Feb 22	2019 Feb 25	2019 Mar 21 0000	   16901.524 	    1204.1 	 	  422362.0 	 	 24.95 	 	CLO	177.75W	-	2019 Apr 11	P	-
S44048	2019-009A	Nusantara Satu	2019 Feb 22	2019 Mar  1	2026 Oct  7 2152	    1436.110 	   35769.3 	 	   35804.3 	 	  0.03 	 	GEO/S	146.00E	 +   0.010W	*	P	-
S44066	2019-009E	Beresheet adapter	2019 Feb 22	2019 Mar  4	2026 Sep 14 0410	    1454.734 	   36110.6 	 	   36190.6 	 	  6.81 	 	GEO/ID	 14.31E	 +   4.632W	2019 Feb 22 0145	C	-
S44065	2019-009D	S5	2019 Feb 22	2019 Mar  4	2026 Oct  6 1334	    1449.556 	   36027.3 	 	   36071.9 	 	  6.84 	 	GEO/ID	171.90W	 +   3.359W	2019 Mar?	P	-
S44067	2019-012A	Zhongxing 6C	2019 Mar  9	2019 Mar 12?	2026 Oct  8 1602	    1436.125 	   35732.9 	 	   35841.4 	 	  0.05 	 	GEO/S	130.37E	 +   0.014W	*	P	-
S44071	2019-014A	WGS SV-10	2019 Mar 16	2019 Mar 25	2026 Oct  8 1109	    1436.094 	   35785.9 	 	   35787.2 	 	  0.01 	 	GEO/S	 60.32E	 +   0.007W	*	P	-
S44076	2019-017A	Tian Lian 2-01	2019 Mar 31	2019 Apr 3?	2026 Oct  8 1114	    1436.100 	   35770.9 	 	   35802.5 	 	  0.83 	 	GEO/S	 77.05E	 +   0.008W	*	P	-
S45488	2016-004D	deb Intelsat IS-29e	2016 Jan 27	2019 Apr  7	2021 Nov  7 2115	    1431.499 	   32053.4 	 	   39339.7 	 	  2.31 	 	GEO/NS	 83.28E	 +   1.152E	2016 Jan 27 2320	D	-
S44204	2019-023A	Beidou DW 44	2019 Apr 20	2019 Apr 21?	2026 Oct  7 1552	    1436.284 	   35669.9 	 	   35910.6 	 	 58.85 	 	GEO/T	129.03E	 +   0.054W	*	P	-
S44186	2019-021A	Arabsat 6A	2019 Apr 11	2019 Apr 29	2026 Oct  8 1405	    1436.058 	   35767.1 	 	   35804.5 	 	  0.05 	 	GEO/S	 30.51E	 +   0.003E	*	P	-
S44231	2019-027A	Beidou DW 45	2019 May 17	2019 May 20?	2026 Oct  8 1258	    1436.079 	   35748.1 	 	   35824.4 	 	  1.94 	 	GEO/S	144.60E	 +   0.003W	*	P	-
S44034	2019-007A	SGS-1	2019 Feb  5	2019 May 22	2026 Oct  8 0612	    1436.071 	   35759.6 	 	   35812.6 	 	  0.06 	 	GEO/S	 39.02E	 +   0.001W	*	P	-
S44307	2019-031A	Yamal-601	2019 May 30	2019 Jun 20	2026 Oct  8 0233	    1436.085 	   35775.7 	 	   35797.0 	 	  0.01 	 	GEO/S	 48.99E	 +   0.004W	*	P	-
S44333	2019-034A	T16	2019 Jun 20	2019 Jun 26	2026 Oct  8 1206	    1436.076 	   35784.8 	 	   35787.6 	 	  0.03 	 	GEO/S	100.85W	 +   0.002W	*	P	-
S44337	2019-035A	Beidou DW 46	2019 Jun 24	2019 Jun 26?	2026 Oct  8 1256	    1436.192 	   35626.3 	 	   35950.6 	 	 55.25 	 	GEO/T	122.28E	 +   0.031W	*	P	-
S44441	2019-042A	Chandrayaan-2	2019 Jul 22	2019 Aug  1	2019 Aug  1	    1445.221 	     201.0 	 	   71729.0 	 	 21.59 	 	GEO/NS	-	-	*	P	D
S44458	2019-048B	Briz-M No. 99566	2019 Aug  5	2019 Aug  6	2026 Sep 22 0402	    1594.971 	   35477.1 	 	   42206.2 	 	  7.16 	 	VHEO	 10.26E	 +  35.964W	2019 Aug  5 2156	R	-
S44457	2019-048A	Kosmos-2539	2019 Aug  5	2019 Aug  6	2026 Oct  8 0547	    1436.137 	   35786.6 	 	   35788.1 	 	  0.02 	 	GEO/S	 12.01E	 +   0.017W	*	P	-
S44476	2019-049B	Intelsat IS-39	2019 Aug  6	2019 Aug 11	2026 Oct  8 1425	    1436.101 	   35784.0 	 	   35789.4 	 	  0.00 	 	GEO/S	 61.95E	 +   0.008W	*	P	-
S44479	2019-050A	Amos 17	2019 Aug  6	2019 Aug 14	2026 Oct  6 0555	    1436.112 	   35780.1 	 	   35793.7 	 	  0.04 	 	GEO/S	 16.99E	 +   0.011W	*	P	-
S44475	2019-049A	EDRS C	2019 Aug  6	2019 Aug 15	2026 Oct  8 1320	    1436.110 	   35782.9 	 	   35790.8 	 	  0.02 	 	GEO/S	142.51E	 +   0.011W	*	P	-
S44334	2019-034B	EUTELSAT 7C	2019 Jun 20	2019 Sep 23	2026 Oct  8 0546	    1436.111 	   35773.5 	 	   35800.2 	 	  0.07 	 	GEO/S	  6.97E	 +   0.011W	*	P	-
S44624	2019-067A	EUTELSAT 5WB	2019 Oct  9	2019 Oct 22	2026 Oct  7 1601	    1436.081 	   35772.9 	 	   35799.6 	 	  0.07 	 	GEO/S	  4.94W	 +   0.003W	*	P	-
S44637	2019-070A	Tongxin Jishu Shiyan 4	2019 Oct 17	2019 Oct 25?	2026 Oct  8 1116	    1436.110 	   35766.0 	 	   35807.8 	 	  0.07 	 	GEO/S	 83.46E	 +   0.011W	*	P	-
S44481	2019-051A	AEHF SV-5	2019 Aug  8	2019 Oct 31	2026 Oct  8 1457	    1436.067 	   35661.9 	 	   35910.2 	 	  1.38 	 	GEO/S	 92.99E	 +   0.000E	*	P	-
S44709	2019-073A	Beidou DW 49	2019 Nov  4	2019 Nov  6?	2026 Oct  8 0939	    1436.330 	   35595.1 	 	   35987.2 	 	 54.61 	 	GEO/T	117.79E	 +   0.066W	*	P	-
S44801	2019-080B	Inmarsat GX5	2019 Nov 26	2019 Dec  3	2026 Oct  8 0547	    1436.055 	   35776.2 	 	   35795.3 	 	  0.05 	 	GEO/S	 11.01E	 +   0.003E	*	P	-
S44800	2019-080A	Tiba 1	2019 Nov 26	2019 Dec  7	2026 Oct  8 1405	    1436.088 	   35777.7 	 	   35795.1 	 	  0.06 	 	GEO/S	 35.52E	 +   0.005W	*	P	-
S44904	2019-095B	Blok DM-03 No. 3L	2019 Dec 24	2019 Dec 24	2026 Sep 27 0656	    1398.456 	   34757.7 	 	   35335.4 	 	  5.58 	 	GEO/ID	 37.93W	 +   9.709E	2019 Dec 24 1203	R	-
S45041	2019-095C	deb Blok DM-03	2019 Dec 24	2019 Dec 24	2026 Apr 15 2006	    1397.565 	   33037.2 	 	   37020.8 	 	  5.20 	 	GEO/ID	 71.55W	 +   9.945E	2019 Dec 24 1203	D	-
S45042	2019-095D	deb Blok DM-03	2019 Dec 24	2019 Dec 24	2022 Aug 31 0339	    1406.341 	   32802.5 	 	   37601.7 	 	  1.84 	 	GEO/NS	 56.93E	 +   7.631E	2019 Dec 24 1203	D	-
S44903	2019-095A	Elektro-L No. 3	2019 Dec 24	2019 Dec 24	2026 Oct  8 0908	    1448.387 	   36013.8 	 	   36039.8 	 	  0.05 	 	GEO/D	  3.02W	 +   3.070W	*	P	-
S46091	2019-095E	deb Blok DM-03?	2019 Dec 24	2019 Dec 24	2026 Oct  7 1944	    1394.332 	   34663.7 	 	   35266.4 	 	  5.60 	 	GEO/ID	119.53E	 +  10.805E	2019 Dec 24 1203	D	-
S44868	2019-091A	JCSAT 18/Kacific 1	2019 Dec 17	2019 Dec 30	2026 Oct  7 2153	    1436.093 	   35786.1 	 	   35786.9 	 	  0.04 	 	GEO/S	150.02E	 +   0.006W	*	P	-
S44910	2019-097A	Shi Jian 20	2019 Dec 27	2020 Jan  1?	2026 Oct  8 0230	    1436.039 	   35769.5 	 	   35801.4 	 	  5.20 	 	GEO/I	 40.20E	 +   0.007E	*	P	-
S44978	2020-002A	Tongxin Jishu Shiyan 5	2020 Jan  7	2020 Jan  9?	2026 Oct  8 0245	    1436.098 	   35759.7 	 	   35813.6 	 	  0.28 	 	GEO/S	107.60E	 +   0.007W	*	P	-
S44625	2019-067B	MEV-1	2019 Oct  9	2020 Jan 14	2026 Oct  7 1830	    1436.103 	   35768.8 	 	   35804.6 	 	  0.76 	 	GEO/S	156.12E	 +   0.009W	*	P	-
S45026	2020-005A	GSAT-30	2020 Jan 16	2020 Jan 21	2026 Oct  8 0933	    1436.099 	   35780.3 	 	   35793.0 	 	  0.08 	 	GEO/S	 83.03E	 +   0.008W	*	P	-
S45245	2020-013A	JCSAT 17	2020 Feb 18	2020 Feb 27	2026 Oct  8 1152	    1436.083 	   35768.9 	 	   35803.7 	 	  5.40 	 	GEO/I	136.14E	 +   0.004W	*	P	-
S45246	2020-013B	Cheollian 2B	2020 Feb 18	2020 Feb 27?	2026 Oct  8 0047	    1436.133 	   35779.8 	 	   35794.8 	 	  0.04 	 	GEO/S	128.25E	 +   0.016W	*	P	-
S45344	2020-017A	Beidou DW 54	2020 Mar  9	2020 Mar 12?	2026 Oct  8 1115	    1436.098 	   35775.7 	 	   35797.5 	 	  2.64 	 	GEO/S	 80.07E	 +   0.007W	*	P	-
S45807	2020-040A	Beidou DW 55	2020 Jun 23	2020 Jun 25?	2026 Oct  8 1528	    1436.182 	   35774.5 	 	   35802.1 	 	  2.72 	 	GEO/S	110.51E	 +   0.029W	*	P	-
S45027	2020-005B	Eutelsat Konnect	2020 Jan 16	2020 Jul  6	2026 Oct  8 0546	    1436.141 	   35782.3 	 	   35792.6 	 	  0.07 	 	GEO/S	  7.21E	 +   0.018W	*	P	-
S45465	2020-022B	AEHF SV-6	2020 Mar 26	2020 Jul 11?	2026 Oct  8 1147	    1436.101 	   35602.6 	 	   35970.8 	 	  2.32 	 	GEO/S	137.92E	 +   0.008W	*	P	-
S45863	2020-045A	Apstar 6D	2020 Jul  9	2020 Jul 12?	2026 Oct  7 2331	    1436.078 	   35774.4 	 	   35798.0 	 	  0.05 	 	GEO/S	134.06E	 +   0.002W	*	P	-
S45920	2020-048A	ANASIS-II	2020 Jul 20	2020 Jul 25	2026 Oct  8 1540	    1436.150 	   35781.7 	 	   35793.5 	 	  0.03 	 	GEO/S	116.21E	 +   0.020W	*	P	-
S45985	2020-053A	Ekspress-103	2020 Jul 30	2020 Jul 31	2026 Oct  8 1508	    1436.096 	   35783.6 	 	   35789.5 	 	  0.02 	 	GEO/S	 96.53E	 +   0.007W	*	P	-
S45986	2020-053B	Ekspress-80	2020 Jul 30	2020 Jul 31	2026 Sep 20 0336	    1434.245 	   35455.4 	 	   36045.3 	 	  0.02 	 	GEO/D	 79.52E	 +   0.459E	*	P	-
S46112	2020-056A	BSAT-4b	2020 Aug 15	2020 Aug 20	2026 Oct  8 1528	    1436.092 	   35771.0 	 	   35802.0 	 	  0.06 	 	GEO/S	109.84E	 +   0.006W	*	P	-
S46114	2020-056C	Galaxy 30	2020 Aug 15	2020 Aug 24	2026 Oct  8 1159	    1436.091 	   35776.0 	 	   35796.9 	 	  0.02 	 	GEO/S	125.00W	 +   0.006W	*	P	-
S46610	2020-071A	Gao Fen 13	2020 Oct 11	2020 Oct 13?	2026 Oct  8 1256	    1436.104 	   35550.0 	 	   36023.4 	 	  0.19 	 	GEO/S	118.95E	 +   0.009W	*	P	-
S46916	2020-082A	Tiantong-1 02 xing	2020 Nov 12	2020 Nov 13?	2026 Oct  8 1556	    1436.004 	   35780.3 	 	   35789.2 	 	  0.70 	 	GEO/S	124.91E	 +   0.016E	*	P	-
S47202	2020-089A	Deta chukei eisei 1-goki	2020 Nov 29	2020 Dec  2?	2026 Oct  8 1432	    1436.124 	   35776.6 	 	   35797.6 	 	  0.01 	 	GEO/S	 90.82E	 +   0.014W	*	P	-
S47238	2020-095B	Delta 385	2020 Dec 11	2020 Dec 11	2026 Oct  8 0102	    1514.587 	   36188.4 	 	   38430.2 	 	  2.83 	 	VHEO	 90.42W	 +  18.714W	2020 Dec 11 0109	R	-
S47237	2020-095A	USA 311	2020 Dec 11	2020 Dec 11	2025 Feb 18 0558	    1436.122 	   35610.0 	 	   35964.2 	 	  4.40 	 	GEO/I	 55.82E	 +   0.014W	*	P	-
S47242	2020-097A	GVM	2020 Dec 14	2020 Dec 14	2026 Oct  7 1819	    1511.043 	   36877.1 	 	   37605.1 	 	  5.66 	 	VHEO	144.28E	 +  17.911W	2020 Dec 14	P	-
S47256	2020-099A	CMS 1	2020 Dec 17	2020 Dec 21	2026 Oct  8 1115	    1436.109 	   35761.6 	 	   35812.0 	 	  0.11 	 	GEO/S	 83.02E	 +   0.010W	*	P	-
S47240	2020-096A	SXM-7	2020 Dec 13	2020 Dec 22	2026 Oct  6 2232	    1436.086 	   35767.0 	 	   35805.8 	 	  0.02 	 	GEO/S	 85.10W	 +   0.005W	*	P	-
S46113	2020-056B	MEV-2	2020 Aug 15	2021 Jan 12	2026 Oct  8 0909	    1436.102 	   35785.4 	 	   35788.0 	 	  0.02 	 	GEO/S	  0.98W	 +   0.009W	*	P	-
S47321	2021-003A	Tiantong-1 03 xing	2021 Jan 19	2021 Jan 21?	2026 Oct  8 1115	    1436.129 	   35771.0 	 	   35803.5 	 	  1.69 	 	GEO/S	 81.54E	 +   0.015W	*	P	-
S47613	2021-010A	Tongxin Jishu Shiyan 6	2021 Feb  4	2021 Feb  6?	2026 Oct  8 1242	    1436.115 	   35771.9 	 	   35801.9 	 	  0.04 	 	GEO/S	178.50E	 +   0.012W	*	P	-
S47306	2021-001A	Turksat 5A	2021 Jan  8	2021 Feb 22	2026 Oct  7 1342	    1436.087 	   35785.5 	 	   35787.3 	 	  0.02 	 	GEO/S	 30.94E	 +   0.005W	*	P	-
S48618	2021-042A	SBIRS GEO-5	2021 May 18	2021 Jun  3?	2026 Oct  8 0253	    1436.103 	   35778.8 	 	   35794.6 	 	  4.97 	 	GEO/I	 93.77E	 +   0.009W	*	P	-
S48808	2021-047A	Feng Yun 4B	2021 Jun  2	2021 Jun  4?	2026 Oct  8 0939	    1436.166 	   35752.9 	 	   35823.0 	 	  0.43 	 	GEO/S	104.54E	 +   0.025W	*	P	-
S48838	2021-049A	SXM-8	2021 Jun  6	2021 Jun 15	2026 Oct  8 0154	    1436.148 	   35764.0 	 	   35811.1 	 	  0.02 	 	GEO/S	 85.21W	 +   0.020W	*	P	-
S49011	2021-063A	Tian Lian 1-05	2021 Jul  6	2021 Jul	2026 Oct  8 1337	    1436.111 	   35768.2 	 	   35805.6 	 	  1.88 	 	GEO/S	 16.79E	 +   0.011W	*	P	-
S49055	2021-069A	Star One D2	2021 Jul 30	2021 Aug  5	2026 Oct  8 1032	    1436.106 	   35776.0 	 	   35797.6 	 	  0.01 	 	GEO/S	 70.00W	 +   0.010W	*	P	-
S49056	2021-069B	Eutelsat Quantum	2021 Jul 30	2021 Aug  6	2026 Oct  8 1105	    1436.121 	   35777.8 	 	   35796.3 	 	  0.01 	 	GEO/S	 47.71E	 +   0.013W	*	P	-
S49062	2021-071A	Zhongxing 2E	2021 Aug  5	2021 Aug  6?	2026 Oct  8 1442	    1436.113 	   35781.8 	 	   35792.0 	 	  0.05 	 	GEO/S	 98.09E	 +   0.011W	*	P	-
S49115	2021-077A	Tongxin Jishu Shiyan 7	2021 Aug 24	2021 Sep  7	2026 Oct  8 1330	    1436.104 	   35778.5 	 	   35794.9 	 	  0.07 	 	GEO/S	 99.41W	 +   0.009W	*	P	-
S49125	2021-080A	Zhongxing 9B	2021 Sep  9	2021 Sep 12?	2026 Oct  8 0105	    1436.144 	   35773.4 	 	   35801.6 	 	  0.02 	 	GEO/S	101.36E	 +   0.019W	*	P	-
S55000	2013-062D	deb Raduga-1M	2013 Nov 11	2021 Sep 19?	2025 Oct 11 1343	    1434.045 	   35226.9 	 	   36265.9 	 	  5.48 	 	GEO/ID	151.87W	 +   0.509E	2013 Nov 11 2346	D	-
S49330	2021-094A	Shi Jian 21	2021 Oct 24	2021 Oct 25?	2026 Oct  8 1604	    1436.079 	   35557.9 	 	   36014.6 	 	  5.38 	 	GEO/I	128.37E	 +   0.003W	*	P	-
S49336	2021-096A	Michibiki Shogoki Kokei-ki	2021 Oct 26	2021 Oct 31	2026 Oct  7 1826	    1435.989 	   32639.5 	 	   38929.5 	 	 37.70 	 	GEO/T	143.76E	 +   0.020E	*	P	-
S49382	2021-094C	SJ-21 subsatellite	2021 Oct 24	2021 Nov  1?	2026 Oct  8 0320	    1451.409 	   36069.9 	 	   36101.7 	 	 11.49 	 	GEO/ID	104.55W	 +   3.816W	2021 Dec 31	P	-
S49505	2021-114A	Zhongxing 1D	2021 Nov 26	2021 Nov 28	2026 Oct  8 1602	    1436.082 	   35779.1 	 	   35793.5 	 	  0.03 	 	GEO/S	130.20E	 +   0.003W	*	P	-
S49819	2021-118C	Centaur AV-093	2021 Dec  7	2021 Dec  7	2026 Oct  7 1417	    1518.660 	   36143.5 	 	   38631.6 	 	  4.82 	 	VHEO	153.34W	 +  19.632W	2021 Dec  7 1019	R	-
S49817	2021-118A	STPSAT-6	2021 Dec  7	2021 Dec  7	2026 Oct  8 1202	    1436.086 	   35780.3 	 	   35792.4 	 	  0.61 	 	GEO/S	111.89W	 +   0.004W	*	P	-
S49818	2021-118B	LDPE 1	2021 Dec  7	2021 Dec  7	2026 Oct  6 0856	    1453.524 	   36063.1 	 	   36190.9 	 	  5.93 	 	GEO/ID	 69.29W	 +   4.335W	*	P	R
S50005	2021-124A	Tian Lian 2-02	2021 Dec 13	2021 Dec 15?	2026 Oct  8 1409	    1436.094 	   35768.1 	 	   35805.0 	 	  1.09 	 	GEO/S	171.00E	 +   0.007W	*	P	-
S50214	2021-118D	LDPE 1 adapter	2021 Dec  7	2021 Dec 20	2026 Oct  7 0045	    1449.761 	   36001.0 	 	   36106.3 	 	  4.60 	 	GEO/ID	 49.19E	 +   3.410W	2021 Dec  7 1019	C	-
S50212	2021-126A	Turksat 5B	2021 Dec 19	2021 Dec 21	2026 Oct  8 1104	    1436.099 	   35776.0 	 	   35797.3 	 	  0.08 	 	GEO/S	 41.99E	 +   0.008W	*	P	-
S50321	2021-129A	Shiyan 12-01	2021 Dec 23	2021 Dec 27	2026 Oct  7 1437	    1433.040 	   35716.5 	 	   35737.0 	 	  3.96 	 	GEO/ID	 58.53E	 +   0.763E	*	P	R
S50322	2021-129B	Shiyan 12-02	2021 Dec 23	2021 Dec 27	2026 Oct  7 1829	    1433.685 	   35722.6 	 	   35756.1 	 	  3.96 	 	GEO/ID	166.24E	 +   0.600E	*	P	R
S50002	2021-123B	Ekspress-AMU3	2021 Dec 13	2021 Dec 30?	2026 Oct  7 1602	    1436.062 	   35785.3 	 	   35786.6 	 	  0.03 	 	GEO/S	103.02E	 +   0.002E	*	P	-
S50001	2021-123A	Ekspress-AMU7	2021 Dec 13	2021 Dec 30?	2026 Oct  8 1320	    1436.079 	   35785.5 	 	   35786.9 	 	  0.02 	 	GEO/S	145.02E	 +   0.003W	*	P	-
S50574	2021-135A	Tongxin Jishu Shiyan 9	2021 Dec 29	2021 Dec 31?	2026 Oct  8 1306	    1436.127 	   35762.5 	 	   35811.8 	 	  0.07 	 	GEO/S	137.25E	 +   0.015W	*	P	-
S50319	2021-128A	Inmarsat 6 F1	2021 Dec 22	2022 Jan 19	2026 Oct  8 1116	    1436.145 	   35787.0 	 	   35788.1 	 	  0.02 	 	GEO/S	 83.73E	 +   0.019W	*	P	-
S51282	2022-006C	Centaur AV-084	2022 Jan 21	2022 Jan 22	2026 Oct  8 0106	    1515.749 	   36186.5 	 	   38476.7 	 	  4.89 	 	VHEO	 41.60E	 +  18.976W	2022 Jan 21 1900	R	-
S51280	2022-006A	USA 324	2022 Jan 21	2022 Jan 22	2026 Jun  6 0206	    1435.839 	   35769.6 	 	   35793.5 	 	  0.77 	 	GEO/S	 72.97E	 +   0.058E	*	P	-
S51281	2022-006B	USA 325	2022 Jan 21	2022 Jan 22	2026 Jan  6 1701	    1436.175 	   35692.2 	 	   35884.0 	 	  0.17 	 	GEO/S	121.46E	 +   0.027W	*	P	-
S51287	2021-118E	ASCENT	2021 Dec  7	2022 Jan 25?	2026 Oct  6 2244	    1422.419 	   35480.4 	 	   35556.5 	 	  4.45 	 	GEO/ID	 79.30E	 +   3.464E	*	P	R
S51850	2022-021A	GOES 18	2022 Mar  1	2022 Mar 18	2026 Oct  8 1155	    1436.086 	   35784.0 	 	   35788.7 	 	  0.01 	 	GEO/S	136.98W	 +   0.004W	*	P	-
S47851	2021-019A	Shiyan 9	2021 Mar 11	2022 Mar 21?	2026 Oct  8 1143	    1436.230 	   35724.1 	 	   35854.2 	 	 16.28 	 	GEO/I	145.13E	 +   0.041W	*	P	-
S49332	2021-095A	SES-17	2021 Oct 24	2022 Mar 25	2026 Oct  8 0618	    1436.120 	   35783.2 	 	   35790.9 	 	  0.03 	 	GEO/S	 67.09W	 +   0.013W	*	P	-
S49333	2021-095B	Syracuse 4A	2021 Oct 24	2022 Apr 14	2026 Oct  3 2319	    1436.064 	   35778.6 	 	   35793.3 	 	  0.02 	 	GEO/S	 45.52E	 +   0.001E	*	P	-
S52255	2022-038A	Zhongxing 6D	2022 Apr 15	2022 Apr 17	2026 Oct  8 1431	    1436.125 	   35775.7 	 	   35798.6 	 	  0.04 	 	GEO/S	124.98E	 +   0.014W	*	P	-
S52817	2022-061A	Nilesat 301	2022 Jun  8	2022 Jun 13	2026 Oct  8 0907	    1436.093 	   35780.0 	 	   35793.0 	 	  0.06 	 	GEO/S	  7.06W	 +   0.006W	*	P	-
S52904	2022-067B	Measat 3D	2022 Jun 22	2022 Jun 27?	2026 Oct  8 1432	    1436.096 	   35776.9 	 	   35796.3 	 	  0.05 	 	GEO/S	 91.57E	 +   0.007W	*	P	-
S52903	2022-067A	GSAT-24	2022 Jun 22	2022 Jun 28	2026 Oct  8 0933	    1436.088 	   35773.3 	 	   35799.6 	 	  0.05 	 	GEO/S	 83.01E	 +   0.005W	*	P	-
S52914	2022-070A	CAPSTONE	2022 Jun 28	2022 Jul  1	2022 Jun 28	      96.822 	     169.0 	 	    1044.0 	 	 39.12 	 	LEO/I	-	-	*	P	D
S52916	2022-070C	Lunar Photon	2022 Jun 28	2022 Jul  1	2022 Jul  3 0325	    1408.082 	     257.7 	 	   70215.2 	 	 39.08 	 	GEO/NS	173.09E	 +   7.175E	2022 Jul 27	P	D
S52940	2022-073A	WFOV Testbed	2022 Jul  1	2022 Jul  2	2026 Oct  8 1548	    1436.044 	   35775.8 	 	   35795.3 	 	  4.00 	 	GEO/I	119.37E	 +   0.006E	*	P	-
S52941	2022-073B	USSF 12 Ring	2022 Jul  1	2022 Jul  2	2022 Jul  2	    1459.580 	   36167.0 	 	   36323.0 	 	  0.00 	 	GEO/D	-	-	*	P	-
S52942	2022-073C	Centaur AV-094	2022 Jul  1	2022 Jul  2	2026 Oct  8 0601	    1556.954 	   36378.1 	 	   39862.3 	 	  4.33 	 	VHEO	 28.25W	 +  28.028W	2022 Jul  1 2315	R	-
S52943	2022-073D	USSF 12 Booster Adapter	2022 Jul  1	2022 Jul  2	2026 Oct  7 1945	    1459.379 	   36211.7 	 	   36270.5 	 	  4.05 	 	GEO/ID	124.92E	 +   5.766W	2022 Jul  1 2315	C	-
S52933	2022-071A	SES-22	2022 Jun 29	2022 Jul  4	2026 Oct  8 1155	    1436.089 	   35782.6 	 	   35790.3 	 	  0.04 	 	GEO/S	139.01W	 +   0.005W	*	P	-
S53100	2022-078A	Tian Lian 2-03	2022 Jul 12	2022 Jul 14?	2026 Oct  8 0547	    1436.086 	   35777.3 	 	   35795.5 	 	  0.95 	 	GEO/S	 10.57E	 +   0.004W	*	P	-
S53355	2022-092A	SBIRS GEO-6	2022 Aug  4	2022 Aug 15	2026 Oct  7 2150	    1436.108 	   35779.0 	 	   35794.6 	 	  3.08 	 	GEO/I	139.01E	 +   0.010W	*	P	-
S53521	2022-073E	USA 337	2022 Jul  1	2022 Aug 16?	2022 Aug 16	    1454.703 	   36100.0 	?	   36200.0 	?	  0.09 	 	GEO/D	-	-	*	P	-
S53813	2022-112A	Zhongxing 1E	2022 Sep 13	2022 Sep 15?	2026 Oct  8 0242	    1436.122 	   35770.6 	 	   35803.6 	 	  0.03 	 	GEO/S	 81.37E	 +   0.014W	*	P	-
S53765	2022-110A	Eutelsat Konnect VHTS	2022 Sep  7	2022 Oct  3	2026 Oct  8 0219	    1436.059 	   35774.9 	 	   35796.8 	 	  0.06 	 	GEO/S	  2.68E	 +   0.002E	*	P	-
S53962	2022-123C	Centaur AV-099	2022 Oct  4	2022 Oct  5	2026 Oct  7 1820	    1338.416 	   32616.0 	 	   35088.6 	 	  4.64 	 	MEO	165.10E	 +  26.338E	2022 Oct  4 2136	R	-
S53960	2022-123A	SES-20	2022 Oct  4	2022 Oct  5	2026 Oct  8 1205	    1436.119 	   35780.9 	 	   35793.2 	 	  0.05 	 	GEO/S	103.08W	 +   0.013W	*	P	-
S53961	2022-123B	SES-21	2022 Oct  4	2022 Oct  5	2026 Oct  8 1157	    1436.107 	   35782.4 	 	   35791.2 	 	  0.04 	 	GEO/S	130.98W	 +   0.010W	*	P	-
S54034	2022-131B	Blok DM-03 No. 8L	2022 Oct 12	2022 Oct 12	2026 Oct  7 1544	    1473.143 	   36181.3 	 	   36836.0 	 	  3.68 	 	GEO/ID	174.28W	 +   9.085W	2022 Oct 12 1500	R	-
S54033	2022-131A	Angosat 2	2022 Oct 12	2022 Oct 12	2026 Oct  8 1337	    1436.118 	   35784.8 	 	   35789.2 	 	  0.02 	 	GEO/S	 22.99E	 +   0.012W	*	P	-
S54027	2022-128B	Galaxy 34	2022 Oct  8	2022 Oct 20?	2026 Oct  8 1504	    1436.105 	   35780.8 	 	   35792.7 	 	  0.01 	 	GEO/S	128.99W	 +   0.009W	*	P	-
S54026	2022-128A	Galaxy 33	2022 Oct  8	2022 Oct 24	2026 Oct  8 1157	    1436.121 	   35779.9 	 	   35794.3 	 	  0.01 	 	GEO/S	133.01W	 +   0.013W	*	P	-
S54219	2022-144A	LDPE 2	2022 Nov  1	2022 Nov  1	2026 Oct  7 1916	    1456.164 	   36175.1 	 	   36181.8 	 	  5.87 	 	GEO/ID	 43.53W	 +   4.982W	*	P	R
S54220	2022-144B	USA 339	2022 Nov  1	2022 Nov  1	2025 Dec 24 2205	    1453.080 	   36099.1 	 	   36137.7 	 	  0.49 	 	GEO/D	 17.68E	 +   4.226W	*	P	R
S54221	2022-144C	Falcon Heavy-004 Stage 2	2022 Nov  1	2022 Nov  1	2026 Oct  8 1140	    1467.800 	   36163.2 	 	   36646.6 	 	  6.26 	 	GEO/ID	129.98W	 +   7.804W	2022 Nov  1 1341	R	-
S54222	2022-144D	USA 339 adapter?	2022 Nov  1	2022 Nov  1	2026 Oct  7 1738	    1456.653 	   36166.2 	 	   36209.9 	 	  5.96 	 	GEO/ID	141.42E	 +   5.101W	2022 Nov  1 1341	C	-
S54230	2022-148A	Zhongxing 19	2022 Nov  5	2022 Nov  6?	2026 Oct  8 1355	    1436.097 	   35765.6 	 	   35807.6 	 	  0.01 	 	GEO/S	163.17E	 +   0.007W	*	P	-
S54243	2022-153A	Galaxy 31	2022 Nov 12	2022 Nov 20?	2026 Oct  8 1200	    1436.097 	   35781.2 	 	   35792.0 	 	  0.02 	 	GEO/S	121.01W	 +   0.007W	*	P	-
S54244	2022-153B	Galaxy 32	2022 Nov 12	2022 Nov 20?	2026 Oct  8 0828	    1436.126 	   35785.0 	 	   35789.3 	 	  0.01 	 	GEO/S	 91.00W	 +   0.015W	*	P	-
S54048	2022-134A	EUTELSAT HOT BIRD 13F	2022 Oct 15	2022 Nov 23	2026 Oct  8 0628	    1436.103 	   35777.9 	 	   35795.5 	 	  0.06 	 	GEO/S	 13.04E	 +   0.009W	*	P	-
S54225	2022-146A	EUTELSAT HOT BIRD 13G	2022 Nov  3	2022 Dec  2	2026 Oct  8 0628	    1436.110 	   35778.8 	 	   35794.9 	 	  0.05 	 	GEO/S	 13.00E	 +   0.010W	*	P	-
S54742	2022-170B	Galaxy 36	2022 Dec 13	2022 Dec 19	2026 Oct  8 1209	    1436.089 	   35780.2 	 	   35792.7 	 	  0.02 	 	GEO/S	 88.99W	 +   0.005W	*	P	-
S54259	2022-157A	EUTELSAT 10B	2022 Nov 23	2022 Dec 20?	2026 Oct  8 0221	    1436.099 	   35779.3 	 	   35794.0 	 	  0.06 	 	GEO/S	 10.01E	 +   0.008W	*	P	-
S54741	2022-170A	Galaxy 35	2022 Dec 13	2022 Dec 20	2026 Oct  8 1208	    1436.091 	   35778.1 	 	   35794.9 	 	  0.01 	 	GEO/S	 93.11W	 +   0.006W	*	P	-
S54743	2022-170C	Meteosat 12	2022 Dec 13	2022 Dec 22?	2026 Oct  8 0544	    1436.043 	   35772.4 	 	   35798.7 	 	  0.76 	 	GEO/S	  0.31W	 +   0.006E	*	P	-
S55138	2022-144E	USA 340	2022 Nov  1	2023 Jan 10?	2025 Jun 12 0204	    1441.167 	   35204.1 	 	   36567.4 	 	  4.47 	 	GEO/ID	 23.30W	 +   1.277W	*	P	R
S55139	2022-144F	USA 341	2022 Nov  1	2023 Jan 10?	2023 Jan  1	    1451.625 	   36080.0 	?	   36100.0 	?	  2.80 	?	GEO/D	-	-	*	P	-
S55246	2022-144G	LINUSS1	2022 Nov  1	2023 Jan 12?	2026 Oct  8 1511	    1453.773 	   36095.2 	 	   36168.6 	 	  5.66 	 	GEO/ID	103.46E	 +   4.396W	2025?	P	R
S55247	2022-144H	LINUSS2	2022 Nov  1	2023 Jan 12?	2026 Oct  7 1752	    1453.836 	   36109.7 	 	   36156.5 	 	  5.65 	 	GEO/ID	 95.59E	 +   4.412W	2025?	P	R
S55131	2023-002A	Shi Jian 23	2023 Jan  8	2023 Jan 14?	2026 Oct  8 1713	    1439.608 	   35840.7 	 	   35869.8 	 	  4.00 	 	GEO/ID	 57.89E	 +   0.888W	*	P	R
S55263	2023-008A	CBAS 2	2023 Jan 15	2023 Jan 16	2026 Oct  5 0600	    1436.091 	   35785.9 	 	   35787.0 	 	  0.01 	 	GEO/S	 23.85E	 +   0.006W	*	P	-
S55264	2023-008B	LDPE 3A	2023 Jan 15	2023 Jan 16	2026 Oct  8 1208	    1452.345 	   36094.1 	 	   36114.0 	 	  2.64 	 	GEO/D	152.41E	 +   4.046W	*	P	R
S55265	2023-008C	Falcon Heavy-005 Stage 2	2023 Jan 15	2023 Jan 16	2026 Oct  7 2140	    1396.225 	   34776.9 	 	   35228.1 	 	  3.15 	 	GEO/ID	 93.08E	 +  10.301E	2023 Jan 15 2256	R	-
S55266	2023-008D	deb FH-005	2023 Jan 15	2023 Jan 16	2026 Oct  7 1857	    1406.157 	   35150.4 	 	   35246.6 	 	  3.43 	 	GEO/ID	136.23E	 +   7.679E	2023 Jan 15 2256	D	-
S55267	2023-008E	LDPE 3A adapter	2023 Jan 15	2023 Jan 16	2026 Oct  8 0836	    1408.740 	   35232.4 	 	   35266.4 	 	  3.44 	 	GEO/ID	 69.12W	 +   7.003E	2023 Jan 15 2256	C	-
S55180	2023-002C	SJ-23 adapter?	2023 Jan  8	2023 Jan 16	2026 Oct  8 0545	    1449.243 	   36036.8 	 	   36050.3 	 	  4.04 	 	GEO/ID	  3.91E	 +   3.282W	2023 Jan  8 2200	C	-
S56307	2022-144J	USA 344	2022 Nov  1	2023 Jan?	2024 May  9 2226	    1441.320 	   35874.4 	 	   35903.1 	 	  3.72 	 	GEO/ID	137.69W	 +   1.315W	*	P	R
S55507	2023-016B	Blok DM-03 No. 7L	2023 Feb  5	2023 Feb   7	2026 Oct  8 0919	    1395.071 	   34603.9 	 	   35355.5 	 	  2.92 	 	GEO/D	 77.94W	 +  10.608E	2023 Feb  5 0912	R	-
S55506	2023-016A	Elektro-L No. 4	2023 Feb  5	2023 Feb   7	2026 Oct  8 1148	    1436.051 	   35776.8 	 	   35794.6 	 	  0.11 	 	GEO/S	165.81E	 +   0.004E	*	P	-
S55686	2023-023A	Zhongxing 26	2023 Feb 23	2023 Feb  23	2026 Oct  7 1712	    1436.088 	   35779.4 	 	   35793.4 	 	  0.06 	 	GEO/S	125.06E	 +   0.005W	*	P	-
S55508	2023-017A	Amazonas Nexus	2023 Feb  7	2023 Mar?	2026 Oct  3 1108	    1436.133 	   35779.1 	 	   35795.5 	 	  0.06 	 	GEO/S	 60.99W	 +   0.016W	*	P	-
S55842	2023-031B	Briz-M No. 99577	2023 Mar 12	2023 Mar 13	2026 Oct  8 0247	    1455.099 	   35873.7 	 	   36441.8 	 	  3.12 	 	GEO/ID	 19.95E	 +   4.721W	2023 Mar 12 2313	R	-
S55841	2023-031A	Luch-5Kh No. 3	2023 Mar 12	2023 Mar 13	2026 Oct  7 1438	    1436.086 	   35781.3 	 	   35791.5 	 	  0.02 	 	GEO/S	 62.00E	 +   0.005W	*	P	-
S55912	2023-036A	Gao Fen 13-02	2023 Mar 17	2023 Mar 17	2026 Oct  8 1203	    1436.109 	   35770.4 	 	   35803.3 	 	  1.03 	 	GEO/S	148.28E	 +   0.010W	*	P	-
S56174	2023-052A	Intelsat IS-40e	2023 Apr  7	2023 Apr 18	2026 Oct  8 0828	    1436.091 	   35775.6 	 	   35797.3 	 	  0.01 	 	GEO/S	 90.99W	 +   0.006W	*	P	-
S56373	2023-060D	Falcon Heavy-006 Stage 2	2023 May  1	2023 May  1	2026 Oct  8 1232	    1374.793 	   34517.0 	 	   34638.9 	 	  3.12 	 	MEO	159.66W	 +  16.089E	2023 May  1 0026	R	-
S56370	2023-060A	Viasat-3 Americas	2023 May  1	2023 May  1	2026 Oct  8 1209	    1436.091 	   35786.3 	 	   35786.6 	 	  0.02 	 	GEO/S	 88.91W	 +   0.006W	*	P	-
S56371	2023-060B	Arcturus	2023 May  1	2023 May  1	2026 Oct  8 1548	    1436.094 	   35781.9 	 	   35791.2 	 	  3.06 	 	GEO/I	119.83E	 +   0.007W	*	P	-
S56372	2023-060C	G-Space 1	2023 May  1	2023 May  1	2026 Oct  7 1952	    1436.465 	   35780.8 	 	   35806.8 	 	  3.01 	 	GEO/I	 84.50E	 +   0.100W	*	P	-
S56564	2023-066A	Beidou DW 56	2023 May 17	2023 May 18?	2026 Oct  8 1320	    1436.102 	   35762.6 	 	   35810.8 	 	  0.45 	 	GEO/S	140.12E	 +   0.009W	*	P	-
S56759	2023-076A	NVS-01	2023 May 29	2023 Jun  5	2026 Oct  8 1309	    1436.017 	   35754.7 	 	   35815.4 	 	  1.91 	 	GEO/S	129.54E	 +   0.013E	*	P	-
S56757	2023-075A	Badr 8	2023 May 27	2023 Jun 15	2026 Oct  8 0620	    1436.094 	   35779.2 	 	   35793.8 	 	  0.08 	 	GEO/S	 26.03E	 +   0.006W	*	P	-
S57099	2023-089A	USA 345	2023 Jun 22	2023 Jun 22	2023 Aug  1	    1436.015 	   35780.0 	?	   35790.0 	?	  0.00 	?	GEO/S	-	-	*	P	-
S57213	2023-093A	Heinrich-Hertz-Satellit	2023 Jul  5	2023 Jul 19	2026 Oct  5 2258	    1436.088 	   35785.0 	 	   35787.9 	 	  0.05 	 	GEO/S	  0.73E	 +   0.005W	*	P	-
S57320	2023-098A	Chandrayaan-3	2023 Jul 14	2023 Jul 20	2023 Jul 15	     639.960 	     138.0 	 	   36305.0 	 	 21.30 	 	GTO	-	-	2023 Sep  4	P	D
S57045	2023-086A	Nusantara Tiga	2023 Jun 18	2023 Aug  1?	2026 Oct  7 2152	    1436.102 	   35771.7 	 	   35801.7 	 	  0.02 	 	GEO/S	145.99E	 +   0.008W	*	P	-
S57493	2023-112A	Galaxy 37	2023 Aug  3	2023 Aug 16	2026 Oct  8 1158	    1436.105 	   35777.9 	 	   35795.6 	 	  0.02 	 	GEO/S	127.00W	 +   0.009W	*	P	-
S57624	2023-120A	Ludi Tance 4A	2023 Aug 12	2023 Aug 20?	2026 Oct  7 1821	    1436.108 	   35766.3 	 	   35807.3 	 	 15.03 	 	GEO/I	 89.36E	 +   0.010W	*	P	-
S57479	2023-108A	Jupiter 3	2023 Jul 29	2023 Sep  9	2026 Oct  7 0517	    1436.124 	   35782.9 	 	   35791.4 	 	  0.02 	 	GEO/S	 95.22W	 +   0.014W	*	P	-
S57754	2023-132A	Aditya-L1	2023 Sep  2	2023 Sep  9	2023 Oct  9 2358	   96594.183 	    4701.6 	 	 1377274.3 	 	 32.30 	 	CLO	172.77E	-	*	P	D
S57836	2023-140A	USA 346	2023 Sep 10	2023 Sep 11	2025 Jun 14 0449	    1436.111 	   35784.3 	 	   35789.5 	 	 12.31 	 	GEO/I	 32.02E	 +   0.011W	*	P	-
S57837	2023-140B	USA 347	2023 Sep 10	2023 Sep 11	2023 Nov 25	    1458.501 	   36214.0 	 	   36234.0 	 	 12.04 	 	GEO/ID	-	-	2023 Sep 10?	P	-
S57838	2023-140C	USA 348	2023 Sep 10	2023 Sep 11	2023 Nov 25	    1456.704 	   36147.0 	 	   36231.0 	 	 12.04 	 	GEO/ID	-	-	2023 Sep 10?	P	-
S57839	2023-140D	Centaur AV-102	2023 Sep 10	2023 Sep 11	2023 Nov 25	    1461.018 	   36169.0 	 	   36377.0 	 	 13.12 	 	GEO/ID	-	-	2023 Sep 10 1247	R	-
S58204	2023-169A	Tongxin Jishu Shiyan 10	2023 Nov  3	2023 Nov	2026 Oct  8 1745	    1436.099 	   35768.3 	 	   35805.0 	 	  2.83 	 	GEO/S	 92.52E	 +   0.008W	*	P	-
S58253	2023-172A	Zhongxing 6E	2023 Nov  9	2023 Nov	2026 Oct  8 1540	    1436.098 	   35776.6 	 	   35796.6 	 	  0.01 	 	GEO/S	115.54E	 +   0.008W	*	P	-
S58582	2023-197A	Yaogan 41	2023 Dec 15	2023 Dec 18?	2026 Oct  8 1301	    1436.080 	   35733.4 	 	   35839.1 	 	  2.93 	 	GEO/S	123.20E	 +   0.003W	*	P	-
S57214	2023-093B	Syracuse 4B	2023 Jul  5	2023 Dec 19	2026 Oct  7 2319	    1436.095 	   35786.0 	 	   35787.1 	 	  0.02 	 	GEO/S	  6.42W	 +   0.007W	*	P	-
S55239	2023-005A	Apstar 6E	2023 Jan 12	2024 Feb?	2026 Oct  8 1418	    1436.072 	   35767.9 	 	   35804.4 	 	  0.02 	 	GEO/S	134.05E	 +   0.001W	*	P	-
S59020	2024-037A	Tongxin Jishu Shiyan 11	2024 Feb 23	2024 Feb 25	2026 Oct  8 0229	    1436.178 	   35772.6 	 	   35803.8 	 	  4.06 	 	GEO/I	112.37E	 +   0.028W	*	P	-
S58995	2024-035A	Merah Putih 2	2024 Feb 20	2024 Mar  1	2026 Oct  8 1532	    1436.117 	   35782.8 	 	   35791.2 	 	  0.02 	 	GEO/S	112.97E	 +   0.012W	*	P	-
S59454	2024-067B	Delta 389	2024 Apr  9	2024 Apr  9	2024 Apr 10	    1454.703 	   36100.0 	?	   36200.0 	?	  2.00 	?	GEO/D	-	-	2024 Apr  9 1653	R	-
S59453	2024-067A	USA 353	2024 Apr  9	2024 Apr  9	2025 Aug 27 1450	    1436.065 	   35549.8 	 	   36022.1 	 	  6.90 	 	GEO/I	100.00E	 +   0.001E	*	P	-
S59479	2024-069A	GMM KA	2024 Apr 11	2024 Apr 11	2026 Oct  7 2341	    1460.373 	   36036.4 	 	   36484.5 	 	  2.42 	 	GEO/D	 68.67E	 +   6.008W	2024 Apr 11 1600	P	-
S58698	2024-003A	Ovzon 3	2024 Jan  3	2024 Apr 18?	2026 Oct  8 0236	    1436.080 	   35786.1 	 	   35786.4 	 	  0.01 	 	GEO/S	 59.73E	 +   0.003W	*	P	-
S59346	2024-059A	EUTELSAT 36D	2024 Mar 30	2024 May  8	2026 Oct  8 0612	    1436.077 	   35785.2 	 	   35787.2 	 	  0.00 	 	GEO/S	 35.89E	 +   0.002W	*	P	-
S59915	2024-104A	Paksat MM1	2024 May 30	2024 Jun  1?	2026 Oct  7 0558	    1436.051 	   35779.1 	 	   35792.3 	 	  0.02 	 	GEO/S	 38.17E	 +   0.004E	*	P	-
S60179	2024-122A	Zhongxing 3A	2024 Jun 29	2024 Jul  1?	2026 Oct  8 0105	    1436.144 	   35776.5 	 	   35798.5 	 	  0.02 	 	GEO/S	101.53E	 +   0.019W	*	P	-
S60133	2024-119A	GOES 19	2024 Jun 25	2024 Jul  8?	2026 Oct  8 1213	    1436.140 	   35785.0 	 	   35789.9 	 	  0.01 	 	GEO/S	 75.19W	 +   0.018W	*	P	-
S60233	2024-127A	Turksat 6A	2024 Jul  8	2024 Jul 21?	2026 Oct  8 1104	    1436.105 	   35766.4 	 	   35807.1 	 	  0.02 	 	GEO/S	 42.02E	 +   0.009W	*	P	-
S60325	2024-134D	Centaur AV-101	2024 Jul 30	2024 Jul 30	2024 Jul 30	    1461.506 	   36201.0 	 	   36364.0 	 	  2.04 	 	GEO/D	-	-	2024 Jul 30 1045	R	-
S60322	2024-134A	USA 396	2024 Jul 30	2024 Jul 30	2026 Jan 24 2218	    1443.551 	   35928.7 	 	   35936.1 	 	  0.56 	 	GEO/D	166.66E	 +   1.871W	*	P	R
S60323	2024-134B	USA 397	2024 Jul 30	2024 Jul 30	2024 Jul 30	    1451.933 	   36078.0 	 	   36114.0 	 	  1.07 	 	GEO/D	-	-	*	P	-
S60324	2024-134C	USA 398	2024 Jul 30	2024 Jul 30	2024 Jul 30	    1454.061 	   36124.0 	 	   36151.0 	 	  1.37 	 	GEO/D	-	-	*	P	-
S60327	2024-135A	HG-02	2024 Aug  1	2024 Aug  3?	2026 Oct  7 2154	    1436.093 	   35767.6 	 	   35805.5 	 	  0.07 	 	GEO/S	153.14E	 +   0.006W	*	P	-
S60606	2024-151A	Zhongxing 4A	2024 Aug 22	2024 Aug 23?	2026 Oct  8 1121	    1436.141 	   35781.1 	 	   35793.8 	 	  1.03 	 	GEO/S	118.22E	 +   0.018W	*	P	-
S61503	2024-181A	HG-03	2024 Oct 10	2024 Oct?	2026 Oct  8 0328	    1436.107 	   35784.7 	 	   35788.9 	 	  0.08 	 	GEO/S	 77.12W	 +   0.010W	*	P	-
S60086	2024-115A	Astra 1P	2024 Jun 20	2024 Oct?	2026 Oct  8 1240	    1436.090 	   35772.9 	 	   35800.1 	 	  0.06 	 	GEO/S	 19.21E	 +   0.006W	*	P	-
S61988	2016-053E	deb IS-33e	2016 Aug 24	2024 Oct 19	2026 Oct  7 0303	    1442.300 	   35694.7 	 	   36121.1 	 	  2.01 	 	GEO/D	 29.15E	 +   1.560W	2016 Aug 24 2216	D	-
S61989	2016-053F	deb IS-33e	2016 Aug 24	2024 Oct 19	2026 Oct  7 0548	    1468.603 	   32623.9 	 	   40217.0 	 	  2.82 	 	GEO/NS	  4.18E	 +   7.997W	2016 Aug 24 2216	D	-
S61990	2016-053G	deb IS-33e	2016 Aug 24	2024 Oct 19	2026 Oct  7 0023	    1420.143 	   35121.4 	 	   35826.0 	 	  1.74 	 	GEO/D	 54.29E	 +   4.048E	2016 Aug 24 2216	D	-
S61991	2016-053H	deb IS-33e	2016 Aug 24	2024 Oct 19	2026 Oct  7 0739	    1411.188 	   34810.7 	 	   35784.5 	 	  1.95 	 	GEO/D	 41.52W	 +   6.364E	2016 Aug 24 2216	D	-
S61992	2016-053J	deb IS-33e	2016 Aug 24	2024 Oct 19	2026 Oct  8 0535	    1428.680 	   35507.9 	 	   35774.6 	 	  1.85 	 	GEO/D	 17.97W	 +   1.867E	2016 Aug 24 2216	D	-
S61993	2016-053K	deb IS-33e	2016 Aug 24	2024 Oct 19	2026 Oct  8 0725	    1422.915 	   35182.8 	 	   35873.6 	 	  1.75 	 	GEO/D	 52.44W	 +   3.337E	2016 Aug 24 2216	D	-
S61994	2016-053L	deb IS-33e	2016 Aug 24	2024 Oct 19	2026 Sep 23 0946	    1432.697 	   35615.6 	 	   35824.5 	 	  1.83 	 	GEO/D	 64.41W	 +   0.849E	2016 Aug 24 2216	D	-
S61995	2016-053M	deb IS-33e	2016 Aug 24	2024 Oct 19	2026 Oct  7 1218	    1425.158 	   35351.8 	 	   35792.6 	 	  1.82 	 	GEO/D	118.80W	 +   2.764E	2016 Aug 24 2216	D	-
S61996	2016-053N	deb IS-33e	2016 Aug 24	2024 Oct 19	2026 Oct  7 1412	    1431.390 	   35523.6 	 	   35865.2 	 	  1.70 	 	GEO/D	159.87W	 +   1.180E	2016 Aug 24 2216	D	-
S61997	2016-053P	deb IS-33e	2016 Aug 24	2024 Oct 19	2026 Oct  8 0902	    1417.129 	   35031.5 	 	   35797.6 	 	  1.85 	 	GEO/D	 68.47W	 +   4.824E	2016 Aug 24 2216	D	-
S61998	2016-053Q	deb IS-33e	2016 Aug 24	2024 Oct 19	2026 Oct  7 2359	    1433.637 	   35689.9 	 	   35787.0 	 	  1.84 	 	GEO/D	 65.75E	 +   0.612E	2016 Aug 24 2216	D	-
S61999	2016-053R	deb IS-33e	2016 Aug 24	2024 Oct 19	2026 Oct  2 0559	    1450.717 	   35584.4 	 	   36560.2 	 	  1.78 	 	GEO/D	 23.90W	 +   3.645W	2016 Aug 24 2216	D	-
S62000	2016-053S	deb IS-33e	2016 Aug 24	2024 Oct 19	2026 Oct  4 2310	    1438.621 	   35724.5 	 	   35947.5 	 	  1.99 	 	GEO/D	 88.34E	 +   0.640W	2016 Aug 24 2216	D	-
S62001	2016-053T	deb IS-33e	2016 Aug 24	2024 Oct 19	2026 Oct  8 0114	    1435.972 	   35574.1 	 	   35994.2 	 	  1.70 	 	GEO/S	 32.95E	 +   0.024E	2016 Aug 24 2216	D	-
S62002	2016-053U	deb IS-33e	2016 Aug 24	2024 Oct 19	2025 Jan 21 1203	    1435.801 	   35669.6 	 	   35891.9 	 	  0.25 	 	GEO/S	 58.08E	 +   0.067E	2016 Aug 24 2216	D	-
S62003	2016-053V	deb IS-33e	2016 Aug 24	2024 Oct 19	2026 Oct  7 2103	    1433.766 	   35688.1 	 	   35793.8 	 	  1.91 	 	GEO/D	113.91E	 +   0.580E	2016 Aug 24 2216	D	-
S62004	2016-053W	deb IS-33e	2016 Aug 24	2024 Oct 19	2026 Oct  7 0328	    1403.043 	   34282.1 	 	   35992.1 	 	  2.77 	 	GEO/D	 42.31E	 +   8.497E	2016 Aug 24 2216	D	-
S62005	2016-053X	deb IS-33e	2016 Aug 24	2024 Oct 19	2026 Oct  2 0903	    1377.025 	   33493.8 	 	   35750.7 	 	  1.99 	 	MEO	 53.45W	 +  15.478E	2016 Aug 24 2216	D	-
S64394	2016-053Y	deb IS-33e	2016 Aug 24	2024 Oct 19	2026 Oct  7 2002	    1328.881 	   31183.2 	 	   36138.8 	 	  1.54 	 	MEO	 91.99E	 +  29.117E	2016 Aug 24 2216	D	-
S64395	2016-053Z	deb IS-33e	2016 Aug 24	2024 Oct 19	2026 Oct  7 0637	    1442.385 	   35626.3 	 	   36192.8 	 	  2.63 	 	GEO/D	  8.17W	 +   1.581W	2016 Aug 24 2216	D	-
S64396	2016-053AA	deb IS-33e	2016 Aug 24	2024 Oct 19	2026 Oct  7 2224	    1460.267 	   35749.8 	 	   36766.9 	 	  1.87 	 	GEO/D	 89.11E	 +   5.982W	2016 Aug 24 2216	D	-
S64397	2016-053AB	deb IS-33e	2016 Aug 24	2024 Oct 19	2026 Oct  7 1811	    1447.578 	   35790.1 	 	   36231.9 	 	  1.83 	 	GEO/D	150.99E	 +   2.870W	2016 Aug 24 2216	D	-
S64398	2016-053AC	deb IS-33e	2016 Aug 24	2024 Oct 19	2026 Oct  7 2153	    1425.975 	   35210.4 	 	   35966.1 	 	  1.65 	 	GEO/D	 72.25E	 +   2.555E	2016 Aug 24 2216	D	-
S64399	2016-053AD	deb IS-33e	2016 Aug 24	2024 Oct 19	2026 Sep 18 0726	    1457.255 	   34068.8 	 	   38330.7 	 	  1.90 	 	GEO/NS	 44.31W	 +   5.248W	2016 Aug 24 2216	D	-
S64400	2016-053AE	deb IS-33e	2016 Aug 24	2024 Oct 19	2026 Oct  7 2141	    1393.283 	   33463.8 	 	   36424.9 	 	  1.77 	 	GEO/D	 98.00E	 +  11.085E	2016 Aug 24 2216	D	-
S64401	2016-053AF	deb IS-33e	2016 Aug 24	2024 Oct 19	2026 Sep  6 0448	    1360.828 	   31869.3 	 	   36731.0 	 	  1.66 	 	MEO	 14.56E	 +  19.959E	2016 Aug 24 2216	D	-
S64402	2016-053AG	deb IS-33e	2016 Aug 24	2024 Oct 19	2026 Oct  7 1837	    1464.059 	   35768.6 	 	   36895.7 	 	  1.80 	 	GEO/D	140.33E	 +   6.902W	2016 Aug 24 2216	D	-
S64403	2016-053AH	deb IS-33e	2016 Aug 24	2024 Oct 19	2026 Oct  7 1809	    1429.795 	   35435.3 	 	   35891.0 	 	  1.69 	 	GEO/D	139.38E	 +   1.584E	2016 Aug 24 2216	D	-
S64404	2016-053AJ	deb IS-33e	2016 Aug 24	2024 Oct 19	2026 Oct  7 2000	    1441.890 	   35443.9 	 	   36355.9 	 	  1.69 	 	GEO/D	107.09E	 +   1.458W	2016 Aug 24 2216	D	-
S64405	2016-053AK	deb IS-33e	2016 Aug 24	2024 Oct 19	2026 Oct  7 1323	    1447.212 	   35677.0 	 	   36330.8 	 	  2.01 	 	GEO/D	126.66W	 +   2.780W	2016 Aug 24 2216	D	-
S64406	2016-053AL	deb IS-33e	2016 Aug 24	2024 Oct 19	2026 Sep  8 1446	    1456.211 	   35616.8 	 	   36742.0 	 	  1.67 	 	GEO/D	137.75W	 +   4.993W	2016 Aug 24 2216	D	-
S64407	2016-053AM	deb IS-33e	2016 Aug 24	2024 Oct 19	2026 Oct  7 2340	    1498.146 	   35603.7 	 	   38381.3 	 	  1.78 	 	GEO/D	 56.50E	 +  14.958W	2016 Aug 24 2216	D	-
S64408	2016-053AN	deb IS-33e	2016 Aug 24	2024 Oct 19	2026 Oct  6 2336	    1395.355 	   33202.2 	 	   36768.4 	 	  3.21 	 	GEO/ID	 75.40E	 +  10.533E	2016 Aug 24 2216	D	-
S64409	2016-053AP	deb IS-33e	2016 Aug 24	2024 Oct 19	2026 Oct  7 1839	    1447.632 	   35782.3 	 	   36241.8 	 	  1.81 	 	GEO/D	142.55E	 +   2.884W	2016 Aug 24 2216	D	-
S64410	2016-053AQ	deb IS-33e	2016 Aug 24	2024 Oct 19	2026 Oct  7 2251	    1440.222 	   35605.3 	 	   36129.3 	 	  1.73 	 	GEO/D	 72.42E	 +   1.041W	2016 Aug 24 2216	D	-
S64411	2016-053AR	deb IS-33e	2016 Aug 24	2024 Oct 19	2026 Sep  3 1821	    1427.483 	   35231.7 	 	   36004.0 	 	  1.58 	 	GEO/D	163.38E	 +   2.171E	2016 Aug 24 2216	D	-
S61733	2024-198A	Kirameki 3	2024 Nov  4	2024 Nov 11	2026 Oct  7 2152	    1436.110 	   35782.3 	 	   35791.5 	 	  0.02 	 	GEO/S	144.04E	 +   0.011W	*	P	-
S61910	2024-206A	Mugunghwa 6A	2024 Nov 11	2024 Nov 21	2026 Oct  8 1540	    1436.129 	   35783.8 	 	   35790.7 	 	  0.02 	 	GEO/S	116.02E	 +   0.015W	*	P	-
S62028	2024-214A	GSAT-20	2024 Nov 18	2024 Nov 25?	2026 Oct  8 1111	    1436.112 	   35781.3 	 	   35792.5 	 	  0.07 	 	GEO/S	 67.94E	 +   0.011W	*	P	-
S62006	2024-212A	Optus X	2024 Nov 17	2024 Dec  2	2026 Oct  8 1355	    1436.128 	   35776.4 	 	   35798.0 	 	  0.02 	 	GEO/S	156.39E	 +   0.015W	*	P	-
S62259	2024-234A	SXM-9	2024 Dec  5	2024 Dec 11?	2026 Oct  8 0845	    1436.119 	   35768.9 	 	   35805.1 	 	  0.02 	 	GEO/S	 85.10W	 +   0.013W	*	P	-
S62374	2024-246A	Tongxin Jishu Shiyan 12	2024 Dec 20	2024 Dec 22?	2026 Oct  8 1320	    1436.118 	   35783.8 	 	   35790.2 	 	  0.45 	 	GEO/S	146.52E	 +   0.013W	*	P	-
S62485	2025-002A	Shi Jian 25	2025 Jan  6	2025 Jan  8	2026 Oct  7 0441	    1436.088 	   35591.6 	 	   35981.2 	 	  5.38 	 	GEO/I	127.23E	 +   0.005W	*	P	-
S62804	2025-017A	Tongxin Jishu Shiyan 14	2025 Jan 23	2025 Jan 25?	2026 Oct  8 1337	    1436.096 	   35770.3 	 	   35802.8 	 	  0.55 	 	GEO/S	 18.35E	 +   0.007W	*	P	-
S62454	2024-252A	UtilitySat	2024 Dec 29	2025 Feb  1?	2026 Oct  7 1746	    1435.588 	    3920.9 	 	   67632.4 	 	  9.14 	 	GEO/T	 38.83E	 +   0.121E	-	P	-
S62455	2024-252B	NuView Alpha	2024 Dec 29	2025 Feb  1?	2026 Oct  7 1214	    1436.126 	   35785.9 	 	   35788.4 	 	  0.06 	 	GEO/S	 83.08W	 +   0.014W	*	P	-
S62456	2024-252C	AGILA	2024 Dec 29	2025 Feb  1?	2026 Oct  8 1355	    1436.073 	   35781.0 	 	   35791.3 	 	  0.04 	 	GEO/S	157.03E	 +   0.001W	*	P	-
S62457	2024-252D	NuView Bravo	2024 Dec 29	2025 Feb  1?	2026 Oct  8 1211	    1436.110 	   35780.6 	 	   35793.1 	 	  0.07 	 	GEO/S	 83.10W	 +   0.011W	*	P	-
S62852	2025-021A	Spainsat NG-1	2025 Jan 30	2025 Feb  5	2026 Oct  8 0620	    1436.118 	   35786.4 	 	   35787.6 	 	  0.02 	 	GEO/S	 28.98E	 +   0.013W	*	P	-
S62876	2025-023A	Michibiki-6	2025 Feb  2	2025 Feb 10	2026 Oct  8 1432	    1436.148 	   35778.8 	 	   35796.4 	 	  0.04 	 	GEO/S	 90.51E	 +   0.020W	*	P	-
S62483	2025-001A	Thuraya 4-NGS	2025 Jan  4	2025 Feb 21	2026 Oct  8 0231	    1436.048 	   35785.3 	 	   35785.9 	 	  0.03 	 	GEO/S	 44.31E	 +   0.005E	*	P	-
S63075	2025-036A	Zhongxing 10R	2025 Feb 22	2025 Feb 23?	2026 Oct  8 1528	    1436.087 	   35765.8 	 	   35807.0 	 	  0.03 	 	GEO/S	110.55E	 +   0.005W	*	P	-
S63157	2025-045A	Tongxin Jishu Shiyan 15	2025 Mar  9	2025 Mar 11?	2026 Oct  7 0918	    1436.083 	   35779.6 	 	   35793.0 	 	  0.49 	 	GEO/S	 88.71E	 +   0.004W	*	P	-
S63299	2025-045C	TJS 15 apogee motor?	2025 Mar  9	2025 Mar 12?	2026 Oct  7 2209	    1456.431 	   36104.3 	 	   36263.1 	 	  1.51 	 	GEO/D	 95.10E	 +   5.047W	2025 Mar  9 1717	C	-
S63361	2025-062A	Tian Lian 2-04	2025 Mar 26	2025 Mar 28?	2026 Oct  8 1115	    1436.089 	   35643.2 	 	   35929.7 	 	  4.09 	 	GEO/I	 79.98E	 +   0.005W	*	P	-
S63397	2025-064A	Tongxin Jishu Shiyan 16	2025 Mar 29	2025 Apr  1?	2026 Oct  7 1828	    1436.103 	   35776.7 	 	   35796.8 	 	  1.38 	 	GEO/S	160.71E	 +   0.009W	*	P	-
S63524	2025-073A	Tongxin Jishu Shiyan 17	2025 Apr 10	2025 Apr 12?	2026 Oct  7 1831	    1446.431 	   35896.3 	 	   36081.0 	 	  1.35 	 	GEO/D	144.59E	 +   2.586W	*	P	-
S63629	2025-073C	TJS 17 apogee motor?	2025 Apr 10	2025 Apr 14?	2026 Oct  7 0855	    1456.602 	   36138.1 	 	   36236.0 	 	  1.37 	 	GEO/D	 67.41W	 +   5.089W	2025 Apr 10 1647	C	-
S63662	2025-084A	Tian Lian 2-05	2025 Apr 27	2025 Apr 29?	2026 Oct  8 1337	    1436.092 	   35784.1 	 	   35788.9 	 	  4.17 	 	GEO/I	 20.41E	 +   0.006W	*	P	-
S63924	2025-097A	Tongxin Jishu Shiyan 19	2025 May 12	2025 May 14?	2026 Oct  7 1834	    1436.105 	   35758.4 	 	   35815.1 	 	  3.11 	 	GEO/I	141.26E	 +   0.009W	*	P	-
S64094	2025-097C	TJS 19 apogee motor?	2025 May 12	2025 May 14?	2026 Oct  7 1725	    1457.128 	   36135.4 	 	   36259.1 	 	  3.10 	 	GEO/ID	 41.84E	 +   5.217W	2025 May 12 1809	C	-
S64062	2025-106A	Zhongxing 3B	2025 May 20	2025 May 30	2026 Oct  8 1409	    1436.119 	   35775.5 	 	   35798.6 	 	  0.02 	 	GEO/S	167.27E	 +   0.013W	*	P	-
S64289	2022-144L	USA 546	2022 Nov  1	2025 Jun?	2025 Jun  8	    1451.882 	   36090.0 	?	   36100.0 	?	  4.70 	?	GEO/ID	-	-	*	P	-
S57960	2023-140E	deb Centaur AV-102	2023 Sep 10	2025 Jun?	2025 Jul 10	    1462.406 	   36200.0 	?	   36400.0 	?	 13.10 	?	GEO/ID	-	-	2023 Sep 10 1247	D	-
S57961	2023-140F	deb Centaur AV-102	2023 Sep 10	2025 Jun?	2025 Jul 10	    1462.406 	   36200.0 	?	   36400.0 	?	 13.10 	?	GEO/ID	-	-	2023 Sep 10 1247	D	-
S64466	2022-144M	USA 547	2022 Nov  1	2025 Jun?	2025 Jun  8	    1431.930 	   35700.0 	?	   35710.0 	?	  4.80 	?	GEO/ID	-	-	*	P	-
S64468	2025-131B	Briz-M No. 88803	2025 Jun 19	2025 Jun 19	2026 Jun 17 0122	    1378.889 	   18837.8 	 	   50480.7 	 	  0.20 	 	MEO	 74.30E	 +  14.969E	2025 Jun 19 0301	R	-
S64467	2025-131A	Kosmos-2589	2025 Jun 19	2025 Jun 19	2026 Oct  8 1559	    1436.121 	   35758.6 	 	   35815.5 	 	  0.23 	 	GEO/S	128.02E	 +   0.013W	*	P	R
S64290	2025-122A	SXM-10	2025 Jun  7	2025 Jun 17	2026 Oct  8 0416	    1436.104 	   35778.7 	 	   35794.7 	 	  0.00 	 	GEO/S	116.16W	 +   0.009W	*	P	-
S64527	2025-131C	Kosmos-2590	2025 Jun 19	2025 Jun 19	2026 Oct  7 2310	    1436.965 	   20459.1 	 	   51148.1 	 	  0.90 	 	GEO/NS	 55.23E	 +   0.225W	*	P	-
S64470	2025-132A	Zhongxing 9C	2025 Jun 20	2025 Jun 21?	2026 Oct  8 1456	    1436.128 	   35774.3 	 	   35800.1 	 	  0.01 	 	GEO/S	 92.23E	 +   0.015W	*	P	-
S64722	2022-144N	USA 548	2022 Nov  1	2025 Jun?	2025 Jun 30	    1431.930 	   35700.0 	?	   35710.0 	?	  4.08 	?	GEO/ID	-	-	*	P	-
S65156	2022-144P	USA 551	2022 Nov  1	2025 Jun 30?	2025 Jun 30	    1431.930 	   35700.0 	?	   35710.0 	?	  4.08 	?	GEO/ID	-	-	*	P	-
S65157	2022-144Q	USA 552	2022 Nov  1	2025 Jun 30?	2025 Jun 30	    1431.930 	   35700.0 	?	   35710.0 	?	  4.08 	?	GEO/ID	-	-	*	P	-
S65158	2022-144R	USA 553	2022 Nov  1	2025 Jun 30?	2025 Jun 30	    1431.930 	   35700.0 	?	   35710.0 	?	  4.08 	?	GEO/ID	-	-	*	P	-
S64723	2025-143A	Meteosat 13	2025 Jul  1	2025 Jul?	2026 Oct  8 0544	    1436.129 	   35771.7 	 	   35802.8 	 	  0.65 	 	GEO/S	  0.18W	 +   0.015W	*	P	-
S64784	2025-148A	Dror 1	2025 Jul 13	2025 Jul 28	2026 Oct  8 0908	    1436.109 	   35781.5 	 	   35792.1 	 	  0.02 	 	GEO/S	  4.02W	 +   0.010W	*	P	-
S65160	2025-173A	NTS 3	2025 Aug 13	2025 Aug 13?	2026 Oct  8 0905	    1430.646 	   35673.8 	 	   35685.9 	 	  3.52 	 	GEO/ID	 16.09W	 +   1.368E	*	P	R
S65161	2025-173B	USA 554	2025 Aug 13	2025 Aug 13?	2025 Dec 25 2013	    1454.908 	   36116.0 	 	   36192.0 	 	  2.85 	 	GEO/D	  4.09W	 +   4.674W	*	P	R
S65162	2025-173C	Centaur V-003	2025 Aug 13	2025 Aug 13?	2025 Aug 14	    1436.782 	   35700.0 	?	   35900.0 	?	  1.00 	?	GEO/D	-	-	2025 Aug 13 0056	R	-
S65163	2025-173D	USSF-106 adapter	2025 Aug 13	2025 Aug 13?	2025 Aug 14	    1436.782 	   35700.0 	?	   35900.0 	?	  1.00 	?	GEO/D	-	-	2025 Aug 13 0056	C	-
S65650	2022-144S	USA 556	2022 Nov  1	2025 Aug?	2025 Sep 18	    1436.782 	   35700.0 	?	   35900.0 	?	  4.08 	?	GEO/ID	-	-	*	P	-
S65651	2022-144T	USA 557	2022 Nov  1	2025 Aug?	2025 Sep 18	    1436.782 	   35700.0 	?	   35900.0 	?	  4.08 	?	GEO/ID	-	-	*	P	-
S65588	2025-205A	Nusantara Lima	2025 Sep 12	2025 Sep?	2026 Oct  7 1521	    1436.087 	   35784.1 	 	   35788.7 	 	  0.00 	 	GEO/S	112.87E	 +   0.005W	*	P	-
S60581	2024-134E	USSF-51 adapter?	2024 Jul 30	2025 Sep?	2025 Oct 10	    1457.834 	   36151.0 	 	   36271.0 	 	  0.97 	 	GEO/D	-	-	2024 Jul 30 1045	C	-
S60582	2024-134F	USSF-51 adapter?	2024 Jul 30	2025 Sep?	2025 Oct 10	    1457.834 	   36095.0 	 	   36327.0 	 	  1.02 	 	GEO/D	-	-	2024 Jul 30 1045	C	-
S61868	2024-134G	USSF-51 adapter?	2024 Jul 30	2025 Sep?	2025 Oct 10	    1457.962 	   35792.0 	 	   36635.0 	 	  0.17 	 	GEO/D	-	-	2024 Jul 30 1045	C	-
S65486	2025-196A	Shiyan 29	2025 Sep  5	2025 Oct	2026 Oct  7 1757	    1435.976 	   35719.2 	 	   35849.3 	 	 28.94 	 	GEO/T	 94.89E	 +   0.023E	*	P	-
S66553	2025-196C	Yuanzheng-1 Y18	2025 Sep  5	2025 Oct	2026 Aug  6 2119	    1468.076 	   36002.4 	 	   36818.1 	 	 28.77 	 	GEO/NS	102.86E	 +   7.870W	2025 Sep  5 0234	R	-
S65724	2024-134H	USA 566	2024 Jul 30	2025 Sep?	2025 Oct  1	    1463.048 	   35990.0 	 	   36635.0 	 	  0.17 	 	GEO/D	-	-	*	P	-
S66145	2024-134J	USA 567	2024 Jul 30	2025 Oct?	2025 Oct  1	    1446.552 	   35987.0 	 	   35995.0 	 	  0.72 	 	GEO/D	-	-	*	P	-
S66142	2025-238A	Tongxin Jishu Shiyan 20	2025 Oct 23	2025 Oct 28?	2026 Oct  8 1436	    1436.040 	   35771.7 	 	   35799.3 	 	  5.22 	 	GEO/I	 62.51E	 +   0.007E	*	P	-
S66311	2025-249B	CMS-03	2025 Nov  2	2025 Nov  3?	2026 Oct  8 1113	    1436.089 	   35783.7 	 	   35789.2 	 	  0.02 	 	GEO/S	 74.02E	 +   0.005W	*	P	-
S66551	2024-134K	USA 568	2024 Jul 30	2025 Nov	2025 Nov 30	    1444.453 	   35800.0 	?	   36100.0 	?	  0.00 	?	GEO/D	-	-	*	P	-
S66552	2024-134L	USA 569	2024 Jul 30	2025 Nov	2025 Nov 30	    1444.453 	   35800.0 	?	   36100.0 	?	  0.00 	?	GEO/D	-	-	*	P	-
S66549	2025-277A	Shi Jian 28	2025 Nov 30	2025 Dec  1?	2026 Oct  8 1251	    1436.140 	   35781.0 	 	   35793.9 	 	  4.25 	 	GEO/I	116.77E	 +   0.018W	*	P	-
S66990	2025-290A	Tongxin Jishu Shiyan 22	2025 Dec  9	2025 Dec 12?	2026 Oct  8 1111	    1436.099 	   35766.6 	 	   35806.7 	 	  1.26 	 	GEO/S	 66.48E	 +   0.008W	*	P	-
S67226	2025-306A	Tongxin Jishu Shiyan 23	2025 Dec 20	2025 Dec?	2026 Oct  8 0657	    1436.089 	   35767.6 	 	   35805.3 	 	  5.34 	 	GEO/I	175.53E	 +   0.005W	*	P	-
S62734	2025-002C	Shi Jian 25 adapter?	2025 Jan  6	2025 Dec 22	2025 Dec 23 1629	    1437.485 	   35629.2 	 	   35998.4 	 	  4.70 	 	GEO/ID	126.54E	 +   0.356W	2025 Jan  6 2000	C	-
S67246	2025-312A	Feng Yun 4C	2025 Dec 26	2025 Dec 27?	2026 Oct  7 1344	    1436.102 	   35782.8 	 	   35790.6 	 	  0.00 	 	GEO/S	133.03E	 +   0.008W	*	P	-
S67302	2025-315A	Shi Jian 29A	2025 Dec 30	2026 Jan	2026 Oct  8 1724	    1436.128 	   35761.8 	 	   35812.6 	 	  3.68 	 	GEO/I	 73.30E	 +   0.015W	*	P	-
S66454	2025-261A	Viasat-3 EMEA	2025 Nov 14	2026 Feb?	2026 Oct  7 1516	    1436.133 	   35783.0 	 	   35791.7 	 	  0.02 	 	GEO/S	 78.99W	 +   0.016W	*	P	-
S67745	2014-058D	deb Luch	2014 Sep 27	2026 Feb?	2026 Oct  7 2055	    1467.825 	   29850.4 	 	   42960.3 	 	  2.84 	 	GEO/NS	118.11E	 +   7.810W	2014 Sep 27 2023	D	-
S67480	2025-173E	USA 571	2025 Aug 13	2026 Feb?	2026 Jan 19	    1444.453 	   35800.0 	?	   36100.0 	?	  0.00 	?	GEO/D	-	-	*	P	-
S67756	2026-028A	Elektro-L No. 5	2026 Feb 12	2026 Feb 12	2026 Oct  7 1750	    1436.103 	   35780.1 	 	   35793.4 	 	  0.06 	 	GEO/S	 76.08E	 +   0.009W	*	P	-
S67758	2026-028C	Blok DM-03 No. 6L	2026 Feb 12	2026 Feb 12	2026 Oct  7 1908	    1395.583 	   34570.7 	 	   35408.9 	 	  0.20 	 	GEO/D	 56.57E	 +  10.472E	2026 Feb 12 0852	R	-
S67757	2026-028B	Jam-e Jam 1	2026 Feb 12	2026 Feb 12	2026 Oct  8 0554	    1436.004 	   35782.3 	 	   35787.2 	 	  0.17 	 	GEO/S	 34.03E	 +   0.016E	*	P	-
S100099	2026-028D	Jam-e-Jam adapter	2026 Feb 12	2026 Feb 12	2026 Oct  4 0429	    1397.173 	   34597.4 	 	   35445.1 	 	  0.21 	 	GEO/D	 80.31W	 +  10.049E	2026 Feb 12 0852	C	-
S67759	2026-029A	USA 582	2026 Feb 12	2026 Feb 12	-	       0.000 	       0.0 	 	       0.0 	 	  0.00 	 	-	-	-	*	P	-
S67760	2026-029B	USA 583	2026 Feb 12	2026 Feb 12	-	       0.000 	       0.0 	 	       0.0 	 	  0.00 	 	-	-	-	*	P	-
S67761	2026-029C	USA 584	2026 Feb 12	2026 Feb 12	-	       0.000 	       0.0 	 	       0.0 	 	  0.00 	 	-	-	-	*	P	-
S67762	2026-029D	Centaur V-005	2026 Feb 12	2026 Feb 12	2026 Aug  5 0026	    1467.006 	   36158.1 	 	   36620.8 	 	  0.77 	 	GEO/D	 30.56E	 +   7.613W	2026 Feb 12 0922	R	-
S67763	2026-029E	LDPE adapter	2026 Feb 12	2026 Feb 12	-	       0.000 	       0.0 	 	       0.0 	 	  0.00 	 	-	-	-	2026 Feb 12 0922	C	-
S68126	2026-045A	Echostar XXV	2026 Mar 10	2026 Mar 21?	2026 Oct  8 1203	    1436.128 	   35781.4 	 	   35793.0 	 	  0.02 	 	GEO/S	110.02W	 +   0.015W	*	P	-
S69235	2026-116A	Tongxin Jishu Shiyan 24	2026 May 26	2026 May 28?	2026 Oct  8 1633	    1436.116 	   35778.5 	 	   35795.4 	 	  0.30 	 	GEO/S	 90.35E	 +   0.012W	*	P	-
S69474	2026-129A	Tongxin Jishu Shiyan 25	2026 Jun 11	2026 Jun 13?	2026 Oct  8 1256	    1436.076 	   35763.9 	 	   35808.5 	 	  5.86 	 	GEO/I	120.32E	 +   0.002W	*	P	-
S69674	2026-144A	Tongxin Jishu Shiyan 26A	2026 Jun 23	2026 Jun 25?	2026 Oct  8 1522	    1436.071 	   35757.3 	 	   35814.9 	 	  6.83 	 	GEO/I	107.43E	 +   0.001W	*	P	-
S68893	2026-096A	Viasat-3 F3	2026 Apr 29	2026 Jun 25	2026 Oct  7 2156	    1436.081 	   35784.7 	 	   35787.9 	 	  0.00 	 	GEO/S	158.58E	 +   0.003W	*	P	-
S69728	2026-148A	SXM-11	2026 Jun 29	2026 Jul 10	2026 Oct  8 1004	    1436.135 	   35785.9 	 	   35788.8 	 	  0.02 	 	GEO/S	115.32W	 +   0.017W	*	P	-
S100140	2026-169A	Tian Lian 2-06	2026 Jul 23	2026 Jul 25?	2026 Oct  8 0600	    1436.052 	   35766.0 	 	   35805.5 	 	  2.85 	 	GEO/S	168.99W	 +   0.004E	*	P	-
S100172	2026-172A	Tianlian 3-01	2026 Jul 29	2026 Jul 31?	2026 Oct  8 1457	    1436.145 	   35783.6 	 	   35791.5 	 	  0.11 	 	GEO/S	 94.26E	 +   0.019W	*	P	-
S100395	1998-037C	I805 collision debris	1998 Jun 18	2026 Jul 29	2026 Oct  8 0339	    1444.836 	   35751.1 	 	   36163.9 	 	  8.20 	 	GEO/ID	  7.28W	 +   2.191W	1998 Jun 18 2248	P	-
S100396	1998-037D	I805 collision debris	1998 Jun 18	2026 Jul 29	2026 Oct  8 0447	    1455.871 	   36062.0 	 	   36283.5 	 	  8.21 	 	GEO/ID	162.50E	 +   4.910W	1998 Jun 18 2248	P	-
S100397	1998-037E	I805 collision debris	1998 Jun 18	2026 Jul 29	2026 Oct  7 1334	    1453.603 	   36075.2 	 	   36181.9 	 	  8.01 	 	GEO/ID	154.56W	 +   4.355W	1998 Jun 18 2248	P	-
S100398	1998-037F	I805 collision debris	1998 Jun 18	2026 Jul 29	2026 Oct  7 1038	    1451.131 	   35884.9 	 	   36275.8 	 	  8.17 	 	GEO/ID	111.19W	 +   3.747W	1998 Jun 18 2248	P	-
S100644	1998-037G	I805 collision debris	1998 Jun 18	2026 Jul 29	2026 Oct  7 1349	    1453.780 	   36018.1 	 	   36245.9 	 	  7.94 	 	GEO/ID	157.88W	 +   4.398W	1998 Jun 18 2248	P	-
S100645	1998-037H	I805 collision debris	1998 Jun 18	2026 Jul 29	2026 Oct  7 1540	    1455.440 	   36051.4 	 	   36277.3 	 	  8.16 	 	GEO/ID	173.13E	 +   4.805W	1998 Jun 18 2248	P	-
S100646	1998-037J	I805 collision debris	1998 Jun 18	2026 Jul 29	2026 Oct  7 2057	    1439.424 	   35600.1 	 	   36103.2 	 	  8.00 	 	GEO/ID	 94.38E	 +   0.841W	1998 Jun 18 2248	P	-
S100647	1998-037K	I805 collision debris	1998 Jun 18	2026 Jul 29	2026 Oct  7 1624	    1456.107 	   36064.8 	 	   36290.0 	 	  8.24 	 	GEO/ID	161.77E	 +   4.968W	1998 Jun 18 2248	P	-
S100648	1998-037L	I805 collision debris	1998 Jun 18	2026 Jul 29	2026 Oct  7 1425	    1454.362 	   36072.2 	 	   36214.5 	 	  8.12 	 	GEO/ID	167.90W	 +   4.541W	1998 Jun 18 2248	P	-
S100649	1998-037M	I805 collision debris	1998 Jun 18	2026 Jul 29	2026 Sep 16 0135	    1413.690 	   33590.4 	 	   37103.3 	 	  8.32 	 	GEO/ID	 44.99E	 +   5.714E	1998 Jun 18 2248	P	-
S100650	1998-037N	I805 collision debris	1998 Jun 18	2026 Jul 29	2026 Oct  7 2020	    1418.448 	   34797.8 	 	   36083.1 	 	  8.37 	 	GEO/ID	102.03E	 +   4.484E	1998 Jun 18 2248	P	-
S100270	2026-182A	Michibiki-7	2026 Aug 10	2026 Aug 18	2026 Oct  8 1002	    1436.049 	   35473.5 	 	   36097.9 	 	  2.92 	 	GEO/S	174.25W	 +   0.005E	*	P	-
S100530	2026-198A	MTG-I2	2026 Aug 27	2026 Sep  3	2026 Oct  8 0545	    1436.041 	   35783.8 	 	   35787.2 	 	  0.95 	 	GEO/S	  3.62E	 +   0.007E	*	P	-
S100643	2026-029F	USA 643	2026 Feb 12	2026 Sep?	2026 Sep 10	    1444.453 	   35800.0 	?	   36100.0 	?	  0.00 	?	GEO/D	-	-	*	P	-
S100685	2024-134M	USA 667	2024 Jul 30	2026 Sep?	2026 Sep 12	    1444.453 	   35800.0 	?	   36100.0 	?	  0.00 	?	GEO/D	-	-	*	P	-
S100125	2026-167A	MRV-1	2026 Jul 21	-	2026 Sep 27 0242	     914.222 	    1641.1 	 	   48008.4 	 	 22.27 	 	HEO	 35.14E	-	*	P	-
S100126	2026-167B	MEP-1	2026 Jul 21	-	2026 Sep 27 0954	     869.014 	    1174.9 	 	   46399.9 	 	 23.88 	 	HEO	 73.60W	-	*	P	-
S100127	2026-167C	MEP-2	2026 Jul 21	-	2026 Sep 23 1350	     832.287 	     609.1 	 	   45253.7 	 	 24.81 	 	HEO	126.98W	-	*	P	-
S100128	2026-167D	MEP-3	2026 Jul 21	-	2026 Sep 22 1248	     856.099 	     932.8 	 	   46042.8 	 	 24.18 	 	HEO	110.55W	-	*	P	-
S100607	2026-202A	EOS-05	2026 Sep  3	-	2026 Oct  8 1116	    1436.083 	   35780.2 	 	   35792.5 	 	  3.48 	 	GEO/I	 85.59E	 +   0.004W	*	P	-
